"PIDN","Ca","P","pH","SOC","Sand"
"09gt9UK5",-0.451462775468826,0.523100256919861,-1.15885245800018,-0.646243989467621,1.73727750778198
"0BVvxJ6a",0.651528120040894,0.753061532974243,0.522133231163025,-0.115967638790607,-0.922977209091187
"0KbdgApg",0.078148253262043,-0.193773031234741,0.0230222903192043,0.228805109858513,-1.19359683990479
"0MnuuduB",-0.709830760955811,-0.506856083869934,0.061344001442194,0.586226224899292,-0.762951374053955
"0PcIsF9z",-0.705479443073273,0.476600378751755,-1.57351338863373,0.0531473085284233,-0.0767450258135796
"0ShTFLYJ",-0.346667379140854,-0.722957849502563,0.20160385966301,-0.795331358909607,-0.146808490157127
"0XZh9jka",-0.535053849220276,0.466244280338287,-0.813233554363251,0.553533375263214,-1.25104558467865
"0Y7Wegri",-0.125735238194466,0.159868225455284,0.185679167509079,-0.0796442851424217,0.644759595394135
"0dTqplIM",0.0367292352020741,-0.20969133079052,0.0144618237391114,-0.0398660227656364,-1.03507792949677
"0lNiZicC",-0.435125470161438,1.20323622226715,0.0607850551605225,-0.850065529346466,-0.72270655632019
"0rGeJ0QN",-0.378580927848816,0.526695311069489,-0.113130636513233,-0.508779346942902,0.0481024757027626
"0sXI9ytQ",-0.426466017961502,-0.344578146934509,-0.300370007753372,-0.861337423324585,1.74970579147339
"0ukt4aP6",0.338691413402557,-0.631996631622314,1.41709303855896,-0.683082699775696,-0.415313512086868
"1AGspb8f",-0.443181186914444,-0.151204884052277,-1.04860413074493,0.325637698173523,-0.924707174301147
"1Csy0gvE",-0.383533447980881,0.124085992574692,-0.596108913421631,-0.776034653186798,0.318265110254288
"1Ic2hly1",-0.39759960770607,-0.183065116405487,0.822945773601532,0.0902035757899284,-0.0811165794730186
"1PPbaTwt",-0.406276702880859,-0.368774503469467,-0.964858889579773,-0.595340192317963,0.998092174530029
"1SO5VJNy",-0.355917483568192,-0.129946991801262,0.448396295309067,-0.707246363162994,0.82366555929184
"1arHxK3Y",0.652952909469604,0.419230371713638,1.14375412464142,0.53271096944809,-0.989444434642792
"1fCW4Bba",-0.0615040361881256,0.504454731941223,0.135327011346817,-0.365383297204971,0.878605544567108
"1qDZNvIm",-0.423299610614777,-0.0626990273594856,-0.338311433792114,-0.691436171531677,1.29670357704163
"28LYJC2V",-0.423251688480377,-0.414404362440109,-0.827344834804535,0.547483384609222,-0.401538133621216
"2CzACvQq",0.748196005821228,-0.364539951086044,1.33769881725311,-0.0993912816047668,-0.339436858892441
"2FT3crfv",-0.388729900121689,-0.156680196523666,-0.539973318576813,-0.0956367030739784,-0.477391630411148
"2Fy2uHVg",-0.451597571372986,0.352556109428406,0.162951201200485,-0.70433497428894,-0.655752658843994
"2MkMEApm",-0.403692871332169,-0.586118102073669,1.84072721004486,-0.4762362241745,0.746177911758423
"2NDGWEOe",0.590878069400787,-0.985474467277527,1.96837985515594,-0.548607289791107,-0.485173881053925
"2NyyCiqn",-0.373987674713135,-0.381982713937759,1.08998894691467,-0.619887351989746,0.808373808860779
"2QRzIb84",0.274975478649139,0.0942070484161377,1.94862806797028,-0.782240092754364,0.169468373060226
"2QcbdrUZ",-0.273035049438477,-0.361103475093842,-0.0901416540145874,-0.575824797153473,0.915475726127625
"2YgAimWK",-0.342904508113861,0.174521937966347,0.406361103057861,-0.402809679508209,0.881065428256989
"2cx85d9H",0.201706185936928,0.425385266542435,-0.113165080547333,-0.0974545180797577,-1.20496618747711
"2homMXMV",-0.369358777999878,0.184926897287369,-0.567679584026337,0.0588497743010521,0.483650743961334
"2ldLrUtq",-0.425519645214081,0.00365328998304904,-0.614010214805603,-0.790518224239349,-0.352189183235168
"2nsACW6G",-0.503183543682098,1.46150779724121,-0.46716296672821,1.01258671283722,-1.70445334911346
"2yMbVnWc",-0.244943454861641,2.04367566108704,-1.1749461889267,2.07007908821106,-1.01627051830292
"36r8sgGQ",-0.388518542051315,-0.0740043297410011,-0.290249049663544,-0.76359635591507,0.506884396076202
"3NXAXCl3",-0.484781384468079,-0.160417780280113,-0.896736145019531,0.294526815414429,-1.08582592010498
"3QG0z6fl",-0.430613696575165,0.511690378189087,-0.016283243894577,-0.544213652610779,0.8963702917099
"3WS8R9qm",-0.53287261724472,-0.59594988822937,-1.37015867233276,1.97974729537964,-1.59683299064636
"3fRLm8f5",-0.432110279798508,0.061232678592205,-1.0553572177887,0.0238002594560385,0.255045115947723
"3mZhp1nQ",-0.406599581241608,-0.353486061096191,-0.215815141797066,-0.407293349504471,0.583853542804718
"3pikJXRL",-0.658221483230591,1.15657866001129,-0.411996632814407,0.11014412343502,-0.929288744926453
"3pxOEGHL",-0.411308139562607,-0.0493425093591213,-0.66022664308548,-0.642655491828918,0.401556313037872
"3ttdV3f5",-0.11244997382164,-0.63749635219574,-0.207189202308655,-0.605329573154449,-0.572979927062988
"3v4X6Mfe",0.570883393287659,0.137331202626228,1.37689387798309,-0.63606983423233,-0.131924271583557
"3wORuPiv",-0.476636052131653,-0.108992584049702,-0.630986392498016,-0.362018525600433,-0.277434438467026
"43EfrxZj",-0.0697161182761192,0.876949191093445,-0.197977676987648,0.2194944024086,-0.426753520965576
"457Vwm21",0.353471726179123,0.324381470680237,0.21328304708004,0.18476514518261,0.0554974935948849
"46KNnOdx",-0.339988797903061,2.23116946220398,-1.29505789279938,-0.188278004527092,-0.44014036655426
"47TwNsVC",-0.59578263759613,-0.771815896034241,-1.45045483112335,1.49575364589691,-1.60712051391602
"49856RpO",-0.369317889213562,0.387466877698898,-0.786630988121033,-0.510416805744171,-0.62129271030426
"4Ane1o2N",-0.362265467643738,-0.00590354343876243,-0.534581661224365,-0.614600837230682,-0.120571307837963
"4AyVUgSc",-0.356878459453583,-0.610580384731293,-0.0280039850622416,-0.706788003444672,-1.38999128341675
"4B1951On",-0.250585049390793,0.00866262707859278,-0.207965448498726,-0.395784765481949,0.211831465363503
"4OL39Teo",-0.117703452706337,1.33506846427917,0.0111404536291957,0.431040942668915,-0.484562993049622
"4eQ90eLY",-0.36913138628006,0.182644575834274,-0.460898101329803,0.149875521659851,-0.60559618473053
"4o5jwMj8",-0.350656509399414,0.831537783145905,-0.517033278942108,-0.656297206878662,0.306484460830688
"4vPgpl2c",-0.425810039043427,-0.0829008892178535,-0.665806472301483,-0.708278119564056,0.805205404758453
"51r9aA0d",-0.386618763208389,-0.605474233627319,0.0904699265956879,-0.67711865901947,-0.786263167858124
"58SmeRoP",-0.248129367828369,-0.704430997371674,-0.455145925283432,-0.357826113700867,-0.382824331521988
"5HJp1AXn",-0.37100487947464,0.0980855897068977,-0.572326362133026,0.735063552856445,-0.380182862281799
"5MBZW7fx",-0.0418368950486183,-0.768661260604858,0.758330881595612,-0.472786635160446,-0.30239263176918
"5Nq3gHaP",0.518199265003204,1.61020123958588,0.265248656272888,1.12502193450928,-0.566148102283478
"5RmwFFK3",1.03055226802826,0.132147461175919,0.475984305143356,0.497605472803116,-1.06063103675842
"5Tu5Jbov",-0.420273512601852,0.924624741077423,-0.0154273752123117,-0.102524802088737,-0.692023873329163
"5YEolkev",-0.47833251953125,-0.207947179675102,-0.231464117765427,-0.553855836391449,-0.115653716027737
"5a8sf6QV",0.260264664888382,-0.0249667968600988,0.365668177604675,0.0788136571645737,-1.11939251422882
"5eSvmqYm",-0.191761150956154,-0.750455558300018,0.184624433517456,-0.621927618980408,-0.638311982154846
"5hkN8fiv",-0.360267221927643,-0.423697978258133,-1.39918756484985,0.865463674068451,-0.869707107543945
"5oK8Gti5",-0.434484958648682,-0.171183377504349,-0.767277419567108,-0.645428001880646,0.997628569602966
"5paniGaU",-0.447390556335449,-0.248647406697273,-0.543922781944275,-0.850298166275024,1.61050796508789
"5vsr7ZUP",0.664514780044556,0.5490762591362,0.230648681521416,-0.507368206977844,-0.856066286563873
"60B4xMWI",-0.241621091961861,-0.349889487028122,1.32509028911591,-0.419794112443924,1.01074481010437
"64jOUtKy",0.502077639102936,3.1573007106781,0.255338340997696,2.72585868835449,-0.891659498214722
"6AJo4xNG",-0.399572432041168,-0.245416507124901,-0.266850173473358,-0.112545140087605,-0.415194302797318
"6CAvhEte",-0.393975764513016,0.301795363426208,-0.875429809093475,-0.617058157920837,0.391574591398239
"6CuGYjT5",2.95935916900635,1.23993337154388,2.19184708595276,0.869517982006073,-1.24705815315247
"6DGH8ujZ",-0.442296653985977,0.0900102034211159,-1.10516798496246,0.0635323002934456,-0.331797480583191
"6PzsGdVm",-0.435978382825851,-0.338850319385529,-0.779893577098846,0.123664282262325,-0.463478684425354
"6UcSJMbq",-0.137986019253731,-0.0984574034810066,0.531646192073822,-1.27438569068909,0.939448654651642
"6WJbkH8U",1.48923587799072,-0.408515393733978,1.79631197452545,-0.304387480020523,-0.957417726516724
"6eUWsVzw",0.518309950828552,0.500719130039215,0.387141406536102,-0.620003223419189,-0.778511464595795
"6gNyO7Do",0.37454280257225,0.067544125020504,-0.108656540513039,0.398830890655518,-1.18572068214417
"6jT0AyHe",-0.374424338340759,-0.422570943832397,0.0816144272685051,-0.0291928965598345,-0.599871098995209
"6nBgCvWu",-0.335264950990677,-0.44343313574791,-0.10511326789856,-0.745717763900757,1.02829313278198
"6ro5mqg6",-0.482298165559769,-0.117316417396069,0.646326661109924,-1.12146377563477,0.15040385723114
"6sGqObX4",-0.428143888711929,1.38961696624756,0.0186548754572868,-0.522261261940002,-0.834377884864807
"6uEGy0n4",1.9798002243042,0.43557220697403,1.81211423873901,-0.621547043323517,-1.00213038921356
"7BZ4LxP8",-0.284032106399536,-0.330228239297867,-0.169709086418152,-0.480138003826141,-0.992510378360748
"7CmigXKi",-0.485224306583405,0.105526871979237,-0.967085599899292,-0.613925635814667,-0.00506201339885592
"7Ga0LpfR",0.833680093288422,0.739644050598145,-0.257377296686172,1.72147750854492,-1.27687621116638
"7PQsFvsG",-0.396180927753448,0.10934466868639,-1.32170367240906,0.908527791500092,-0.850746214389801
"7aF7nnwn",-0.362562477588654,-0.870139420032501,-0.181179165840149,-0.772180795669556,0.929439723491669
"7asGzfX9",-0.295173466205597,0.0996193811297417,-0.214568138122559,-0.28776890039444,-0.387620240449905
"7cg7C92o",-0.147518321871758,2.59964799880981,0.0889734849333763,0.802428364753723,0.128655314445496
"7eOxTpsB",-0.356438308954239,0.0201929211616516,0.0647887513041496,-0.657374978065491,1.00621902942657
"7ey0v7ma",-0.393522709608078,-0.250527054071426,-1.08391642570496,0.11780146509409,-1.19353973865509
"7gocyrYl",-0.379075765609741,-0.0839794054627419,-0.530004799365997,0.598850846290588,-0.333315968513489
"7gqR3GoA",-0.345204412937164,-0.220277443528175,-0.558988511562347,-0.466876596212387,-0.413402020931244
"7og7aUXB",-0.309104591608047,-0.372274041175842,-0.125292554497719,-0.423510581254959,-0.748889744281769
"7onRfa8F",-0.293826997280121,-0.493886500597,0.908511459827423,-1.44134080410004,0.878184974193573
"7umkNuxM",-0.300965666770935,-0.00071505265077576,-0.320618391036987,0.375800102949142,-0.789676010608673
"7vPr9ExD",0.138531252741814,-0.152017936110497,0.212525829672813,0.0262163411825895,-1.19082033634186
"7zNjpCzu",-0.243138015270233,0.103203743696213,0.133055478334427,-0.246202424168587,-1.42724311351776
"7ztsQNj3",-0.364505290985107,-0.329845279455185,-0.2019212692976,-0.137827321887016,-1.33993589878082
"86gppwMI",-0.411705374717712,1.31785881519318,-0.556754410266876,0.0328112132847309,0.910386145114899
"88thAGdL",-0.0421286411583424,-0.670580267906189,-0.0269162300974131,-0.472039103507996,-0.500201821327209
"8GhU8STP",1.57043600082397,0.459593087434769,1.41288530826569,0.337188214063644,-1.00405561923981
"8NlzDcWe",-0.296499878168106,-0.756728708744049,-0.156064957380295,-0.640108466148376,-0.773833394050598
"8QAejdLW",0.0350753292441368,-0.0780222937464714,-0.0698280185461044,0.231312841176987,-1.254438996315
"8RDeFxWM",-0.361796140670776,-0.162918269634247,-0.50742119550705,-0.626759827136993,1.22400867938995
"8UXP2NBS",-0.405842125415802,-0.461253076791763,-1.12107026576996,-0.529355406761169,0.902415871620178
"8ZoV3KGT",-0.0364364050328732,0.111001148819923,0.114937864243984,-0.264191448688507,-0.489076316356659
"8ajs2uG8",-0.431911468505859,-0.359707921743393,-0.902061760425568,-0.376659274101257,-0.65131413936615
"8bXnz62p",-0.180750295519829,1.41141593456268,-0.0808939635753632,0.32467395067215,0.349100112915039
"8nO1O1LG",2.41125464439392,1.352574467659,1.54304480552673,1.4722489118576,-0.966716766357422
"8xE1p8g8",-0.431348919868469,-0.435044705867767,-0.643510401248932,-0.331237763166428,-0.662636935710907
"8yMDVMRM",-0.439615368843079,0.269510328769684,-1.10189747810364,-0.598031103610992,-0.956909477710724
"98R5VaPi",0.578861176967621,-0.142988637089729,2.11718034744263,-0.626430332660675,0.334941744804382
"9DcTz2Ua",2.8477246761322,0.474353700876236,1.93025767803192,1.31553637981415,-1.15603113174438
"9G7nfUrK",-0.195077180862427,-0.716012179851532,0.240817874670029,-1.63020873069763,0.0470057502388954
"9O6GZ1HT",-0.0220173317939043,0.00911267101764679,1.26065528392792,-0.816787242889404,-0.521089315414429
"9S7fCoAM",-0.187484353780746,-0.455928891897202,-0.00894922111183405,-0.666892409324646,0.851199448108673
"9iQwmFJR",-0.412792503833771,-0.333153963088989,-0.64115959405899,-0.664784550666809,0.537214994430542
"A3Mt6SAQ",0.614011883735657,-0.394950151443481,2.09222459793091,-0.891825973987579,0.209870710968971
"AJIsQIcV",-0.383284419775009,0.793554663658142,-0.50449413061142,-0.488852441310883,0.62278938293457
"AMHKXMh8",2.05222511291504,0.326545894145966,2.01022291183472,-0.421448111534119,-0.601393103599548
"ASwA2J4E",-0.339732229709625,-0.270155668258667,0.800019323825836,-0.622306287288666,0.80171126127243
"AaFvEoHq",-0.368739992380142,0.211448907852173,-0.165255904197693,-0.725345373153687,0.7325080037117
"AiIPD6hX",-0.379388898611069,0.106558665633202,-0.641727447509766,0.234476447105408,-0.497114509344101
"AsIURvJS",-0.486796259880066,0.17618852853775,-1.15808999538422,0.847104907035828,-1.27876138687134
"AsvgbJ0C",-0.475746005773544,0.424498021602631,-0.917836725711823,0.49190217256546,-0.576360702514648
"AxEhbkCM",-0.346957176923752,2.64412593841553,-0.432295501232147,-0.842599630355835,-0.275072664022446
"B7VPkIpx",-0.290437281131744,-0.189151719212532,0.610498785972595,-0.627480328083038,0.571401715278625
"BBwHqHiH",0.0238171257078648,0.141622930765152,0.274744540452957,0.039228230714798,-1.26892197132111
"BMyps8hr",-0.436086535453796,-0.281282484531403,-0.764721035957336,-0.282840877771378,-0.934508383274078
"BUHS4dQw",0.209857732057571,1.67644512653351,-0.336253881454468,3.0735924243927,-0.735351860523224
"BZB3EYWQ",-0.347620755434036,-0.346214652061462,0.690356135368347,-0.683146119117737,0.919368147850037
"C5UPCZcL",4.0953483581543,0.809839725494385,2.40872406959534,0.800330519676208,-1.0515753030777
"C5gIfQbJ",-0.445519477128983,1.22038674354553,-0.819784462451935,1.36885368824005,-1.30589234828949
"CDRuu4Pn",-0.375061452388763,-0.189197823405266,-0.332199573516846,-0.730288684368134,1.43033301830292
"CQhTYkqE",0.601911246776581,0.235116258263588,0.596098303794861,0.118396870791912,-1.32088196277618
"CSEobMXv",-0.380352646112442,2.04935002326965,-0.458583772182465,0.175849571824074,-1.11646795272827
"CYMQE4x0",-0.0381013639271259,0.0634662732481956,1.08354437351227,-0.603339791297913,0.412096232175827
"ChQdtl4J",-0.238245576620102,-0.336179792881012,-0.027001341804862,-0.534867584705353,0.541958153247833
"ChnD1nrN",-0.42540517449379,0.0553801245987415,0.128601163625717,-0.753635466098785,-0.979544222354889
"CvtbbIcq",0.920851826667786,0.0339686647057533,1.42684698104858,-0.197576239705086,-0.477916210889816
"Cxk06b77",0.0908070802688599,0.242763325572014,0.53832083940506,-0.0309347156435251,-0.0452676191926003
"D3QD3ZEJ",-0.185799315571785,0.708223879337311,-0.621402442455292,0.115476742386818,0.357376873493195
"D8J5C6lA",0.833726644515991,0.268894076347351,0.98266476392746,0.165407031774521,-1.01862943172455
"DCeQwYfT",-0.304882228374481,0.0421504154801369,0.127253904938698,0.342283666133881,-0.793022394180298
"DDEftkx3",-0.439488410949707,-0.158407256007195,-0.521773219108582,-0.779936134815216,1.19918656349182
"DEwCfeDW",-0.164367198944092,0.373712986707687,-0.436118066310883,0.102561056613922,0.380777329206467
"DMkIV4oL",-0.376476347446442,-0.313293248414993,-0.60426652431488,-0.689893841743469,0.948944866657257
"DnzGfbxS",-0.388891518115997,0.0540552064776421,-0.161394074559212,-0.265870183706284,-0.498940736055374
"DoZxo6f6",-0.349335283041,0.258326530456543,-0.24412676692009,-0.694486260414124,0.703572988510132
"DvhBPGIk",-0.403609097003937,-0.229253947734833,-0.310955286026001,0.0341722816228867,-0.372190654277802
"Dx7GoUcT",-0.364489436149597,-0.588275909423828,-0.110911004245281,-0.941762983798981,1.27412331104279
"E5hIjohO",0.754143536090851,0.622974038124084,0.779779851436615,0.938804745674133,-1.36062383651733
"E6x4XGHt",-0.496201425790787,-0.272223055362701,-0.542057931423187,-0.621643424034119,0.821076154708862
"EDEpAzh1",-0.452002882957458,-0.513128340244293,-0.854199111461639,-0.408085614442825,-0.954797446727753
"ETGudkQt",-0.231558710336685,0.291748195886612,0.132987082004547,-0.354395002126694,0.42202228307724
"EUleKrLJ",1.78222620487213,0.749177694320679,1.78250050544739,1.00734424591064,-0.892847895622253
"Ehw2Jz6s",-0.402573972940445,-0.167710542678833,-0.516268014907837,-0.438191026449203,-0.130656167864799
"EjqzC4zH",-0.442487597465515,-0.699899017810822,0.0676143690943718,-0.826158702373505,0.0853523090481758
"EkMZO3Qj",-0.41031014919281,-0.000301755266264081,0.441912233829498,-0.504968762397766,0.316073685884476
"EnoNXWvU",-0.154332458972931,-0.269795477390289,0.615203380584717,-1.21220254898071,0.958448648452759
"Epv8ANwr",-0.301261425018311,-0.189259335398674,-0.254549473524094,0.387378692626953,-0.650803446769714
"Etro9j0B",-0.0477132052183151,1.72442495822906,0.346910446882248,0.187774986028671,-0.193092599511147
"F3MIZj76",-0.370251148939133,0.203548103570938,-0.94746720790863,-0.397502064704895,-0.586503982543945
"FB8tU00K",-0.456283032894135,-0.672586679458618,-0.880509257316589,0.383481085300446,-0.424930721521378
"FLhxBGMK",0.110200881958008,-0.36801740527153,1.24574935436249,-0.0413274802267551,-1.05181741714478
"FRreR8ka",-0.289665758609772,-0.316743791103363,-0.391189962625504,-0.381083995103836,0.472576260566711
"FXne4oAV",0.41837602853775,-0.805052220821381,0.748359858989716,-0.470337510108948,-0.702428817749023
"FaW764jk",-0.127722173929214,0.553514957427979,0.202260881662369,-0.290553599596024,0.814121603965759
"FeAbMXly",-0.426839977502823,-0.408521473407745,-0.694340288639069,-0.742190599441528,0.838712811470032
"FeudaFXn",1.83983790874481,1.04424631595612,2.19062805175781,-0.714382410049438,-0.753272294998169
"FldUmFeM",1.02853202819824,-0.0310825482010841,1.85111284255981,-0.70198118686676,0.0543502643704414
"Fnv5tfAm",-0.433850705623627,-0.0541806221008301,-0.289896965026855,0.05321079865098,-1.00996053218842
"FvrAd3Or",-0.250928521156311,-0.173570647835732,0.308378994464874,-0.94085168838501,0.781905889511108
"G48zHffi",-0.203310251235962,0.169755786657333,1.10384845733643,-0.780049681663513,0.628740131855011
"G76zCv5N",-0.356507152318954,0.059344194829464,-0.737396895885468,-0.561543703079224,-0.416563749313354
"G7JGUdNf",0.126366019248962,0.544377386569977,-0.0301957223564386,-0.512212574481964,-1.42780160903931
"GCo6MONx",0.995550572872162,0.882952690124512,0.994913160800934,0.544736385345459,-1.01382148265839
"GE0vbpVQ",-0.254829257726669,-0.000747616519220173,0.0914156585931778,-0.470490574836731,0.941355884075165
"GN0DfOqt",-0.302792131900787,-0.516043782234192,0.211363255977631,-1.28879678249359,0.120831124484539
"GNsTAb1v",-0.489509701728821,0.0970964729785919,-0.569922566413879,-0.51126092672348,0.224823728203773
"GPwmO21z",-0.35271093249321,-0.168332040309906,-0.42860472202301,0.37492960691452,-0.992615401744843
"GQYpfLoh",1.12620937824249,0.336658298969269,0.0566441528499126,0.752898275852203,-1.08660745620728
"GR9knT8n",-0.411456406116486,-0.0785232037305832,-1.29925286769867,0.768539249897003,-0.532510042190552
"GXtFFbZy",-0.13218492269516,-0.285452008247375,0.300403028726578,0.0352185182273388,-0.310427218675613
"GYvzvvFD",-0.414011061191559,1.69160878658295,-1.15054595470428,-0.102504588663578,0.445825755596161
"GemPjTJ9",-0.395931452512741,0.543325483798981,-1.16367757320404,0.0825786963105202,-0.289704382419586
"GkLYRm1K",2.22528529167175,-0.179921180009842,1.91261410713196,-0.653645098209381,-0.968161225318909
"GmlqP8eI",-0.429296016693115,0.0188640002161264,-1.47423076629639,-0.837900757789612,-0.681109249591827
"GqkIrOvf",-0.136523634195328,0.232013016939163,-0.391459584236145,0.985206842422485,-1.10618484020233
"H0fsegPi",-0.317631512880325,-0.588708817958832,-0.33861842751503,-0.583588778972626,0.672080993652344
"H4dHpJjU",2.21719765663147,0.916710436344147,1.75464034080505,0.72245317697525,-0.977087497711182
"H5QwJCuU",2.02726602554321,1.06644904613495,2.28633975982666,1.28853154182434,-0.971156358718872
"H5uwmSZ0",-0.427061408758163,0.234755113720894,-0.0513895489275455,-0.196344152092934,0.479147911071777
"H8MtbVoL",-0.0496547482907772,-0.561836719512939,0.114872761070728,-0.521043658256531,-1.22708976268768
"H9JrUYnp",-0.299307733774185,-0.186534553766251,-0.291077613830566,-0.300196558237076,0.351347267627716
"HHYmmHVk",-0.410172075033188,-0.304996103048325,-0.605804085731506,-0.751582086086273,1.54058170318604
"HJ5U4uqL",-0.440596997737885,0.380633324384689,-1.19927835464478,-0.43008080124855,0.119840249419212
"HNQxYc4w",-0.244208827614784,0.883677184581757,-0.284541428089142,-0.351846069097519,-0.291163384914398
"HQYhKHZ8",-0.427028328180313,0.237547621130943,-1.16987061500549,-0.530576288700104,-0.152051627635956
"HSCMx0MC",-0.367718160152435,-0.0927888303995132,-0.55270653963089,-0.629572570323944,1.08463275432587
"HXYuE0fx",2.81575870513916,0.835195124149323,2.03416681289673,0.305588036775589,-1.00986421108246
"HdKcxEWr",0.0517776422202587,2.14793372154236,0.904609680175781,0.241245165467262,-0.112984918057919
"HecW1iCC",-0.497835785150528,-0.19626396894455,-0.693445384502411,-0.719500184059143,0.157535120844841
"HpbKB8rv",-0.580334365367889,0.258695423603058,-0.779765963554382,1.35484611988068,-0.727356791496277
"HrkoYjCg",-0.234314277768135,1.54939413070679,-0.37259566783905,0.918771326541901,-0.484456211328506
"I5P2uquT",-0.402162373065948,-0.0876296013593674,-0.422932952642441,-0.470619410276413,0.5315762758255
"I94qkDM7",-0.397814393043518,0.190814912319183,-0.591317176818848,0.00182456511538476,0.261497020721436
"I9sQbtt8",-0.341412216424942,-0.159969419240952,-1.41390717029572,1.65840065479279,-1.05965101718903
"IFxgw6ZX",-0.539600074291229,-0.181433409452438,0.0296712554991245,-0.513600945472717,-0.122753649950027
"IPPPSyoU",-0.416496962308884,-0.416877150535583,-1.25846576690674,-0.234004348516464,-0.348551511764526
"IQOYQubU",1.87117767333984,0.767043769359589,1.67860960960388,0.0824090167880058,-0.795659482479095
"IYNE2SxU",-0.442198544740677,1.54283463954926,-0.00803174450993538,-0.444688349962234,-0.388134121894836
"IZRFk9kN",-0.513787388801575,-0.34087723493576,0.026439780369401,-0.552344441413879,-0.512892663478851
"Iaq3v0t3",0.767852067947388,-0.20866185426712,2.16435098648071,-0.703666806221008,0.0605850405991077
"IbVwu1t6",-0.302566766738892,-0.0767491385340691,-1.21498000621796,-0.272172540426254,-0.287758439779282
"IcHKTLyo",0.10636006295681,0.143560543656349,0.0460870154201984,-0.0274524036794901,-1.36219787597656
"IpW80wVB",-0.330389082431793,0.956551253795624,-0.61971527338028,-0.265245974063873,-0.394631922245026
"Itb0PYUV",1.89076840877533,1.03183960914612,1.8124064207077,1.27878165245056,-1.03608703613281
"J8fpSwS0",-0.399058818817139,-0.09761942923069,0.496532678604126,-0.851332366466522,0.677888154983521
"JE1SlbD0",0.833909571170807,0.0811694711446762,0.261318176984787,1.87574851512909,-1.05216073989868
"JEB4McNb",1.47377550601959,-0.343694806098938,1.63487482070923,-0.246128618717194,-1.13370072841644
"JEE4QVeQ",0.00381041248328984,0.732251107692719,-0.104961007833481,-0.63536548614502,-1.24258852005005
"JJSEU2VQ",-0.41791558265686,-0.374616712331772,-0.337216824293137,-0.681274235248566,0.955938100814819
"JSsVriP2",-0.082059808075428,-0.193323567509651,0.654676675796509,-0.792923390865326,0.038477461785078
"JUvQNiOK",-0.330948114395142,0.804182410240173,0.257000178098679,-0.439113736152649,0.241709932684898
"JZbrRtm2",0.0864099189639091,-0.303285658359528,1.0261070728302,-0.92756849527359,-0.0512486584484577
"JcE9G92B",-0.31187316775322,-0.0732378140091896,-0.207187116146088,0.388510406017303,-0.443909078836441
"JnNYpXHr",1.01198637485504,2.53066325187683,0.216952562332153,2.18499493598938,-1.05307626724243
"JzpbnOtz",-0.367321312427521,0.0201211050152779,-0.27922397851944,-0.654828131198883,0.934871435165405
"JzzUhPQp",1.9178307056427,-0.115167580544949,2.22608137130737,-0.284771263599396,-0.904110372066498
"K05R8dQK",-0.353980928659439,-0.172680422663689,-0.646054983139038,0.225492551922798,-0.442422658205032
"K17pG2mG",-0.335006147623062,-0.0412703491747379,0.107941262423992,-0.709718942642212,1.24035334587097
"K8BellUe",-0.370543867349625,-0.499659717082977,-0.430013567209244,-0.414559602737427,-1.01332259178162
"KJ2eH6rr",-0.661395490169525,-0.453598469495773,0.194689378142357,-0.654038429260254,-0.766386330127716
"KJEJ6Glk",0.807224750518799,-0.281494319438934,0.339144945144653,1.24518299102783,-1.17383515834808
"KSbO0oXS",0.809309780597687,5.47040271759033,0.515297532081604,3.46282529830933,-0.950506567955017
"KXtvmd01",-0.36933308839798,-0.670778512954712,0.393446683883667,-0.557414174079895,0.0357940085232258
"KYiJqBuJ",0.116046369075775,0.230793952941895,0.335502088069916,-0.752937257289886,-0.957769095897675
"KmbAyTcE",-0.187449231743813,-0.292709231376648,0.044983122497797,-0.707758665084839,-0.724686503410339
"KnNyl3rV",-0.134463831782341,0.305284798145294,0.897215247154236,-0.556693971157074,0.527888715267181
"Kp2DG8TZ",-0.287697583436966,-0.466444611549377,0.396610587835312,-0.626475811004639,0.365823924541473
"KqQtKWs5",-0.341457694768906,-1.01892292499542,-0.0258379895240068,-0.504720449447632,0.194141194224358
"Ku27g63R",2.86541295051575,-0.418854087591171,2.73972988128662,-0.260178476572037,-0.855954527854919
"L2aTVqDq",-0.431054472923279,-0.443819165229797,-1.16103732585907,0.685640275478363,-0.621424436569214
"L5jvq6G4",-0.336456418037415,-0.688682079315186,-0.0241721943020821,-0.527623236179352,0.465395957231522
"L91hYVQl",-0.389185130596161,-0.680396258831024,0.102827154099941,-0.805040299892426,-1.26104187965393
"LINAMlbA",-0.414522707462311,0.343587219715118,-0.955329418182373,0.302816212177277,0.328231126070023
"LJoUNXSx",-0.446842670440674,0.840969562530518,-1.37321376800537,0.177833124995232,-0.527751207351685
"LLtSiyWD",-0.431311249732971,0.970059275627136,-0.431022584438324,-0.623980820178986,-0.357286304235458
"LQJtV8kn",0.0616739429533482,0.220832780003548,0.690006494522095,-0.347162395715714,-1.37318229675293
"LW9uddw7",-0.488078773021698,-0.437407672405243,-0.945312201976776,1.15870797634125,-1.36555922031403
"LZ6sdBTR",1.1305832862854,0.763848781585693,1.36813008785248,-0.0124431261792779,-0.704554319381714
"La2Vhnne",0.335117220878601,0.903195202350616,0.329742580652237,1.12526798248291,-0.572076618671417
"LaUWSq9B",-0.773668885231018,-0.28877779841423,0.54714423418045,-0.447478920221329,-0.60508120059967
"Lk4SfkPQ",-0.407074213027954,-0.146180331707001,-1.29877042770386,-0.368829667568207,-0.540272533893585
"LllC836d",-0.0248140655457973,1.36260175704956,-0.614788770675659,0.631220698356628,-0.144185423851013
"LuGiGeWN",-0.392470628023148,-0.115967266261578,-0.629848659038544,0.0858239307999611,0.528271436691284
"LzcyHcWa",-0.418523520231247,-0.14288517832756,-0.353234171867371,-0.723584949970245,0.556040287017822
"M7veP0H4",-0.420149922370911,0.586373031139374,0.224149852991104,-0.364286005496979,1.06697750091553
"MB8aaJUc",-0.257992476224899,1.11176204681396,-0.778632521629333,0.755019962787628,-0.271797269582748
"MDpe2zuy",-0.436928540468216,0.0861285179853439,0.203786641359329,-0.675639510154724,-0.667241275310516
"MEzdmEIU",-0.347239106893539,-0.432601481676102,0.255201607942581,-0.536278009414673,-0.185872420668602
"MVnhtivm",-0.285587787628174,0.223020657896996,-0.561396718025208,-0.393648147583008,-0.727465689182281
"MYU7WDis",-0.455881655216217,-0.502499520778656,0.65472424030304,-0.806577622890472,0.0780618488788605
"MZFqh6yw",2.05510830879211,-0.00293838768266141,2.20044350624084,-1.10089981555939,-0.125276491045952
"Mdgy4SsO",1.12025356292725,0.799120426177979,0.351717263460159,2.23921704292297,-0.912304162979126
"Mj8awnzy",-0.345548927783966,0.0550833195447922,0.185317158699036,-0.673028171062469,1.37083435058594
"MpFPbUJy",2.81152725219727,1.30084621906281,1.91105985641479,0.817462861537933,-1.18575620651245
"Mqk7MFBM",-0.395806401968002,-0.00469517568126321,1.80545401573181,-0.272713989019394,0.678933203220367
"Mqs2t1Eo",-0.418072015047073,-0.306480318307877,-0.785478234291077,-0.201425835490227,-0.702600717544556
"Mv3jFVxp",-0.356830090284348,-0.106837712228298,0.138140216469765,-0.0917470529675484,-0.131549343466759
"MxODTXvA",0.228018805384636,-0.405416488647461,0.759036719799042,0.112110838294029,-0.966115653514862
"N46PbpPM",-0.398105770349503,-0.472237467765808,-0.171064481139183,-0.793990254402161,1.51920461654663
"N5S5F9Gk",-0.424781084060669,0.876904666423798,-0.713013827800751,0.0223345011472702,0.898660182952881
"NLDg5fqw",-0.0691732317209244,-1.20443606376648,-0.697893381118774,-0.220530346035957,0.466699659824371
"NOho2ZiM",2.68815302848816,0.0307532474398613,1.77659249305725,0.368009835481644,-1.00444030761719
"NUuY7PFU",2.35944128036499,0.42130309343338,1.3594377040863,1.17580652236938,-1.18423640727997
"NV1e8AEO",-0.377303451299667,-0.209888339042664,-0.0420043766498566,-0.555441439151764,1.13540947437286
"NZLXROKC",0.370091736316681,0.411924839019775,0.0447381064295769,0.393778890371323,-1.00766885280609
"NaJo7C6o",0.18627518415451,0.0537468530237675,0.789720714092255,0.301069736480713,0.150165304541588
"NgsyGkrO",0.189963147044182,-0.564976513385773,0.509640455245972,0.407723963260651,-0.826754689216614
"NjOx4Zpo",-0.390839010477066,-0.106492109596729,-1.12805283069611,1.14341330528259,-0.923181176185608
"NmQoI7x0",1.28218054771423,0.384149760007858,1.65440094470978,-0.780298471450806,-0.212778374552727
"No4wkdLS",-0.372839152812958,0.317247569561005,0.0822827517986298,-0.694751501083374,-0.677763223648071
"NouMwhOf",-0.402833074331284,-0.465085059404373,0.13301894068718,-0.440472960472107,-0.146233171224594
"O6YAWd8C",-0.0299243740737438,-0.0250205621123314,0.184458583593369,-0.196187660098076,-1.25544619560242
"OAXVphSh",1.26118493080139,0.0345170199871063,1.56915497779846,-0.304659634828568,0.255727291107178
"OJBBhb6Q",-0.335756957530975,-0.50865626335144,-0.215698450803757,-0.848605155944824,1.07314693927765
"OSIQXImL",0.995252072811127,0.574617505073547,0.7513707280159,0.754910349845886,-1.25104629993439
"OUUFc5Zz",-0.372943133115768,0.0745618045330048,-0.43512436747551,-0.78592973947525,0.580813705921173
"OVk1lquT",0.509999215602875,2.54770302772522,0.158412590622902,1.69143211841583,0.103934809565544
"OXdRxjzz",-0.293837279081345,-0.656674265861511,-1.17166864871979,0.161888927221298,-0.209476247429848
"OXxW2ekf",-0.587120115756989,-0.379217058420181,-0.30549430847168,-1.51275599002838,-0.226196348667145
"OXz5OpqR",-0.0742460787296295,-0.200025483965874,0.928442239761353,-0.534016668796539,0.159308508038521
"OcBFW1AX",-0.39393624663353,0.509487926959991,-0.784022092819214,0.455739557743073,0.48109370470047
"Of9V2rpt",0.177972242236137,-0.205592274665833,0.200991064310074,0.0849843919277191,-0.737566113471985
"OfLxPhbG",-0.306863784790039,0.317143559455872,-0.577011585235596,-0.210082441568375,0.268891572952271
"Ojx2vi48",-0.294240534305573,-0.189352542161942,-0.130918025970459,-0.649748027324677,-0.0231062863022089
"P3M32iuT",-0.358661830425262,-0.863331973552704,-0.057040199637413,-0.744135081768036,-0.809514760971069
"P7olVzrO",-0.409708112478256,-0.227520167827606,-0.100056655704975,-0.157465249300003,0.17229026556015
"PAPHErnv",-0.417454600334167,0.569230139255524,-0.989772617816925,-0.376626878976822,-0.649411857128143
"PBjEtfXb",-0.372166931629181,-0.117409460246563,0.311936289072037,-0.749046325683594,0.683302402496338
"PZGpoBBj",1.85178887844086,0.168459087610245,1.88697040081024,-0.682106494903564,-1.06683528423309
"Pc2RrxXS",-0.475635915994644,0.496583580970764,-0.585374295711517,-0.848034024238586,-0.301574617624283
"PcHQ4FOu",-0.269735187292099,-0.379529654979706,-0.238807410001755,-0.236703634262085,-0.625057876110077
"PeNyTOVN",-0.178683787584305,-0.468688577413559,-0.197568714618683,-0.905021667480469,-0.222620859742165
"PhUPSU53",-0.437338799238205,-0.55866402387619,-1.01850807666779,-0.240464940667152,-0.617467999458313
"PmUNeV2O",-0.31994965672493,0.0214417744427919,-0.180548816919327,-0.693398892879486,-0.487189084291458
"PoDJ0uvK",1.47533905506134,-1.03076767921448,2.25875949859619,-0.463482588529587,-0.641853272914886
"PsUJdJdg",-0.383804440498352,-0.124156631529331,-0.455342918634415,0.46165731549263,-0.374774217605591
"Q3xLFx1f",-0.40751713514328,-0.782256364822388,-1.05587148666382,-0.200748816132545,-0.719516575336456
"QBGxCvdM",0.108147107064724,0.299512326717377,-0.0571624636650085,-0.355678051710129,-1.29122507572174
"QCEPyu6L",-0.506353974342346,-0.570013999938965,-0.977814018726349,0.190984889864922,-0.47535440325737
"QEfwec4s",4.11611127853394,0.77867192029953,1.71524560451508,2.69458723068237,-0.95192015171051
"QZ87Nnr3",-0.426560699939728,0.137294754385948,-0.231034263968468,-0.318802624940872,1.32697033882141
"QlyGN9jv",-0.412655502557755,0.132849499583244,-0.181393548846245,-0.328364998102188,0.188778311014175
"QqgWE1ny",-0.161951526999474,-0.309971928596497,-0.193330585956573,0.138855934143066,-1.15776288509369
"QrjjBpZd",-0.49568971991539,1.22834467887878,-0.632775664329529,1.30184936523438,-1.08241200447083
"QsaBiX7V",-0.10350326448679,-0.16073901951313,0.196359530091286,-0.129476189613342,-0.568465948104858
"QtBKJuZk",-0.397576749324799,-0.0343765169382095,-0.26033741235733,-0.566210567951202,0.16122305393219
"QtPRO8OJ",-0.42368870973587,1.51439678668976,-0.824737966060638,-0.689158380031586,0.844402670860291
"R8XcsFnp",-0.57373833656311,0.540209233760834,-0.45078581571579,-0.468172311782837,1.5063636302948
"RROfRt9z",-0.165323659777641,-0.181110963225365,-0.281680911779404,-0.150363832712173,-1.0051041841507
"RTcbiDGq",-0.410623222589493,1.01994228363037,-0.743857860565186,-0.53932774066925,0.167819499969482
"RVidM9g0",-0.362605035305023,-0.467079430818558,1.4326856136322,-0.703269064426422,0.452566027641296
"RZnQSH19",-0.426581412553787,-0.0896414220333099,-0.608754336833954,-0.787268280982971,0.63263076543808
"Rc4UK7fT",-0.461857259273529,-0.490729033946991,-1.05855906009674,-0.115576386451721,0.17304864525795
"RcKBKh6B",-0.42071995139122,0.0314640589058399,0.212927639484406,-0.868627071380615,0.679171204566956
"ReM5kDa5",0.0965568572282791,-0.193826287984848,0.31139200925827,-0.0180602297186852,-1.15187978744507
"RfntsotG",-0.399708420038223,-0.0393821150064468,-0.470434874296188,-0.794064819812775,0.41668376326561
"RiXMlzXD",-0.421941667795181,-0.103929229080677,-0.116985708475113,-0.504576981067657,0.190255045890808
"Rik83O3m",-0.408726572990417,0.187596723437309,0.113282449543476,-0.32025808095932,-0.702347755432129
"S3PCzDzO",-0.389858245849609,-0.239632546901703,0.390988916158676,-1.05609083175659,-0.0908117741346359
"S77BviOJ",-0.212926477193832,-0.560377717018127,-0.381699919700623,-0.20337650179863,-0.388391882181168
"SDdvtktF",-0.334082961082458,-0.328745007514954,-0.993726372718811,-0.115056365728378,-1.02000939846039
"SHs1AyfM",-0.375516563653946,0.24211323261261,-0.16745463013649,-0.355976134538651,0.969017803668976
"SO4zQy9k",-0.366827487945557,-0.131682306528091,0.00445613171905279,-0.643211543560028,0.409711003303528
"SOOBCoiG",-0.427543312311172,0.0849254429340363,-0.474252641201019,-0.982010245323181,1.23833656311035
"SXkkPB7A",-0.398027092218399,-0.316725432872772,0.691026449203491,-0.478435337543488,1.16560459136963
"Sa93dGqq",-0.390437841415405,-0.0927587673068047,-0.694943010807037,0.778282284736633,0.178094536066055
"SonIG72a",-0.415329903364182,0.353189677000046,-0.055767897516489,-0.429108113050461,0.21760593354702
"Suf6hIBc",-0.346131265163422,0.0250788684934378,-0.279612511396408,-0.714976727962494,0.667515993118286
"Sx2JeSRz",0.366179466247559,0.270784258842468,0.333881944417953,0.261583626270294,-0.578604340553284
"T1Tlftr4",-0.346837013959885,-0.463056981563568,0.85440868139267,-0.712722599506378,0.703897297382355
"T7ulR4ci",-0.365557074546814,-0.0615945756435394,-0.0452348776161671,-0.693864941596985,1.17944669723511
"TA1NB3Br",-0.34466764330864,-0.381925374269485,1.63104867935181,-0.622367739677429,0.871645987033844
"TFZUskaK",-0.277079045772552,-0.0264801569283009,-0.32221132516861,-0.357483327388763,-0.431197077035904
"TNL8HGWZ",0.125342667102814,0.0757973119616508,0.0429154075682163,-0.406962454319,-1.22814667224884
"TZ8z1GSF",-0.404843300580978,1.55400085449219,-0.361760169267654,-0.591896176338196,0.348483949899673
"TqhRvkJJ",1.7331554889679,-0.571251094341278,1.94365835189819,-0.671920657157898,-0.702985107898712
"TtJCUiY4",-0.478399008512497,-0.124944031238556,0.475845187902451,-1.04207468032837,1.29906475543976
"TwDq0lua",0.475498169660568,2.19069480895996,0.759529054164886,-0.570779085159302,-0.647332727909088
"Tzyf02sI",-0.289779901504517,-1.02892637252808,0.665009140968323,-0.86816269159317,1.11053323745728
"U3yI6ZS5",3.6532998085022,0.939909994602203,1.98006057739258,1.74631547927856,-1.09362328052521
"UBLnXZAN",-0.531607687473297,1.79477334022522,-0.853196501731873,2.62309527397156,-0.867815911769867
"UBWDzleg",-0.427886098623276,0.243979066610336,-1.14648604393005,0.970599472522736,-0.950406968593597
"UBqkX6SY",1.60557210445404,0.262265026569366,1.79485034942627,-0.451829493045807,-1.02475464344025
"UCIAi1Aj",-0.309947162866592,1.08020877838135,0.0867163091897964,-0.587761104106903,-0.831851243972778
"UPbXGvCS",0.11357406526804,0.45371887087822,-0.124714061617851,-0.332707017660141,-1.38956820964813
"UeWm1l9F",-0.484660357236862,0.172477319836617,-1.06296789646149,1.05698931217194,-0.828118979930878
"UhucscY7",-0.432238429784775,-0.510189294815063,-1.36009991168976,-0.600715517997742,-1.17775917053223
"Uri1SvHV",0.0409339591860771,0.346540957689285,-0.074014350771904,-0.2567078769207,-1.3493846654892
"UzxipGJS",-0.46500289440155,0.199614137411118,0.0458561144769192,-0.510692954063416,0.393844932317734
"V74zfaAQ",0.0269865542650223,0.119726099073887,-0.0544998459517956,0.113497272133827,-1.40020453929901
"VBPxBLTh",2.47654581069946,0.608049929141998,1.58264076709747,0.78512704372406,-0.990532994270325
"VLG7CXYS",-0.310077100992203,-0.0891494750976562,0.15257041156292,-0.64338207244873,0.413546293973923
"VNk52SpF",-0.449042409658432,-0.369256913661957,-1.60915815830231,1.77733051776886,-1.66771304607391
"VOREKsok",-0.446958214044571,-0.448910504579544,-0.536685407161713,-0.832801461219788,1.67392766475677
"VRhTr5pX",-0.401303768157959,-0.522405505180359,-0.301292419433594,-0.403559416532516,-0.349412888288498
"VTcG4Kcw",-0.305861562490463,0.510227799415588,1.55403101444244,-0.607344567775726,0.885350525379181
"VeKiWSbS",-0.341781884431839,-0.341931343078613,0.772066414356232,-0.622483134269714,0.517247974872589
"VnU8nJHU",-0.189562797546387,-0.513742566108704,0.225878089666367,-0.439238518476486,-0.0921143144369125
"VueNCxYv",-0.470554381608963,-0.131524935364723,-0.498391687870026,-0.471175491809845,-0.337290585041046
"VxuQTRUl",-0.205886140465736,-0.0617474913597107,0.158354416489601,-0.446167945861816,-1.02265453338623
"W5lgaocA",1.07071495056152,-0.0836094990372658,2.18442130088806,-0.756586611270905,0.189031004905701
"W5mMq9Ef",-0.400061070919037,-0.496364057064056,-0.582070052623749,0.353075444698334,-0.0912877544760704
"WDhNqFpS",0.0804601311683655,-0.134167060256004,0.205601781606674,0.897376894950867,-1.38323366641998
"WE6n1kZi",-0.607452750205994,-0.223430469632149,-1.44460833072662,0.253456056118011,-0.060319546610117
"WFk6r3vA",-0.410614371299744,-0.311478137969971,-0.219693779945374,-0.26377934217453,-0.920994818210602
"WFyIrsUR",-0.602755427360535,-0.528101921081543,-1.31703567504883,0.0416058339178562,-1.77647602558136
"WG6ZAsqR",-0.433122098445892,-0.0780801847577095,-0.495484530925751,-0.772022008895874,1.38256418704987
"WMq3CZQk",-0.396536499261856,-0.435636073350906,-1.35584843158722,0.225393116474152,-0.790917038917542
"WRskmGjh",-0.479598492383957,0.402350604534149,0.154007151722908,-0.834955334663391,-0.522151529788971
"WXijSglj",-0.401323825120926,0.376331567764282,-0.995611906051636,-0.433932095766068,-0.798321783542633
"Wc0stQgu",-0.499658614397049,-0.14190636575222,-0.851646602153778,0.165632754564285,-0.742907762527466
"WewoSCUB",-0.328557848930359,-0.851704716682434,-0.235823705792427,-0.730899512767792,0.166322097182274
"WuHuhHWJ",-0.350705087184906,-0.168505489826202,0.897736370563507,-0.715426325798035,0.655375063419342
"Wv7EBtZb",1.35069394111633,0.0144687751308084,1.82760620117188,0.0851690545678139,-0.900984764099121
"WyPlxDn0",-0.394930779933929,-0.146717995405197,-0.0382430627942085,-0.69070440530777,0.697731137275696
"X3WqoSNN",2.58868265151978,1.1337411403656,1.78542900085449,1.12822723388672,-1.29399597644806
"XDhyP9KB",-0.365672171115875,0.0846077501773834,-0.103857636451721,-0.0393867045640945,-1.24900424480438
"XQxhDRMG",-0.386948227882385,1.58433210849762,-0.865499913692474,0.319463610649109,0.766345798969269
"XjLNAwxW",-0.0560860149562359,-0.263954401016235,0.414430052042007,-0.215364620089531,-1.41985690593719
"XjfVQbXd",0.403204381465912,-0.71619701385498,1.87956416606903,-0.293036609888077,-0.481592833995819
"Xovczbf6",-0.437331438064575,-0.401628136634827,-0.638941764831543,-0.821607947349548,1.608638048172
"Y8H4onBf",-0.365872830152512,-0.763479173183441,0.152816936373711,-0.539524614810944,0.338660359382629
"Y8YgzSZ9",1.51030826568604,-0.492541968822479,1.24944972991943,0.662241041660309,-1.02326309680939
"YC4PNV20",-0.362080484628677,-0.496998190879822,-0.101277835667133,-0.815613508224487,1.17371618747711
"YDHSCRdd",5.03951358795166,1.19229447841644,1.79491078853607,3.08680534362793,-0.73328685760498
"YIJ87aME",-0.0903661772608757,0.379540026187897,0.148968696594238,-0.0831683352589607,0.0588442943990231
"YKvT4dFv",-0.366095870733261,-0.0747995302081108,-0.530500411987305,-0.484766662120819,0.116087630391121
"YNebALR2",-0.406398892402649,1.55861389636993,-0.966797113418579,-0.0896954908967018,0.315394103527069
"YNrnqFyb",-0.333188354969025,0.0361978635191917,-0.115028575062752,-0.478926986455917,-0.437150597572327
"YUZ4lR3m",-0.362585812807083,0.158687502145767,-0.644925892353058,-0.612698137760162,0.167454868555069
"YYLvjoVC",-0.20133675634861,0.407497972249985,0.356844246387482,-0.209092125296593,0.246729701757431
"Yb8OtMb2",0.206916689872742,0.651141941547394,0.0635699406266212,-0.214718624949455,-1.24343597888947
"Ycg4lTYw",-0.465292990207672,1.46525895595551,-0.463800817728043,-0.205128520727158,-1.82739365100861
"Yfk6tekH",0.152289554476738,-0.250075995922089,1.13187110424042,-0.620422065258026,-0.768335700035095
"YoSfgmR6",-0.435790777206421,1.45170819759369,-0.0323105752468109,-0.500435471534729,0.208961263298988
"YpzFvexy",-0.383307665586472,0.270917892456055,-0.881416976451874,-0.408432722091675,0.306018739938736
"Yxqppfa3",-0.549303948879242,-0.1478011906147,-0.354781657457352,-0.246913626790047,-1.09523797035217
"Z16jTUvP",-0.472402721643448,-0.26139634847641,-0.437763333320618,0.251574754714966,-0.567523777484894
"Z2BdCCbJ",-0.359285801649094,-0.0998442769050598,0.0889036804437637,-0.499254763126373,0.914362907409668
"Z2JJMM6V",-0.319810420274734,-0.0973924770951271,-0.626323938369751,-0.250622481107712,0.0373905189335346
"Z5jE1OB5",-0.447497546672821,-0.481587171554565,-0.123042479157448,-0.976765871047974,0.393658757209778
"ZFsIqYxA",-0.390310406684875,1.36936795711517,-0.644156277179718,-0.250431954860687,0.4609394967556
"ZHDVsoRh",-0.426426529884338,-0.252405911684036,-0.804190218448639,-0.0802906379103661,-0.649323582649231
"ZSmfu2Fc",-0.640365779399872,-0.172239542007446,-0.724814414978027,-0.58860194683075,-0.216840043663979
"ZU8YXF3H",-0.432157546281815,-0.299639672040939,-0.550938367843628,-0.807222962379456,1.45009481906891
"ZXKaNy6Z",-0.46845743060112,-0.219042837619781,-1.30135929584503,-0.51543128490448,0.409480601549149
"ZbYLo0zK",-0.253456652164459,-0.371678233146667,-0.363291293382645,-0.801818668842316,0.214855656027794
"ZedN8Gcn",-0.601946651935577,-0.0303797610104084,-0.419932454824448,-0.62695586681366,0.367985248565674
"ZgD4Dau6",-0.216145843267441,-0.309867382049561,0.0978934094309807,-0.236832901835442,-0.670458555221558
"Zgzf79LA",-0.310644954442978,-0.752432107925415,-0.133471503853798,-0.681956171989441,-0.457462251186371
"ZjqzxDOF",0.18737630546093,-0.309522360563278,1.4813586473465,-0.727623879909515,-0.57698118686676
"ZsZ5aDpq",-0.449708819389343,-0.0488249696791172,0.202928021550179,0.506450235843658,-0.877330303192139
"ZtyqE7If",-0.354974240064621,-0.553196728229523,-0.0219835769385099,-0.528256297111511,-1.25465965270996
"ZvUgz01f",-0.245097160339355,0.18690499663353,0.281935214996338,-0.774145364761353,1.34938609600067
"ZwrhgdQV",0.717889547348022,-0.291422218084335,0.194776833057404,0.966489970684052,-0.768970191478729
"a7bhJGBU",1.61940944194794,0.948969423770905,1.52395308017731,0.849751532077789,-1.06997263431549
"aHpv6KzP",3.50790452957153,0.572762668132782,1.84895169734955,1.5083167552948,-1.09900438785553
"aINzEBVN",-0.365203589200974,0.3932204246521,0.243862345814705,-0.547886669635773,-1.53331768512726
"aP9EtTGF",2.64154529571533,-0.252892673015594,1.96712064743042,-0.485652923583984,-0.611653506755829
"aV6EhtSL",-0.423115253448486,0.46982142329216,0.160755664110184,-0.659126579761505,0.0149144390597939
"aVZsXKoH",1.73134815692902,0.270233124494553,1.65044546127319,-0.618376135826111,-0.875705182552338
"aYVnVJvc",0.41452369093895,0.233871340751648,0.423915684223175,0.354972958564758,-1.17808890342712
"abCzN1zx",-0.47874253988266,-0.783672571182251,-1.14169216156006,0.321877688169479,-0.726787626743317
"ae7sMiB4",-0.399865388870239,-0.291827201843262,0.0129007529467344,-0.397816985845566,-0.597877740859985
"afsVuCGV",-0.370451271533966,-0.176017165184021,-0.356134951114655,0.100388929247856,-0.436652451753616
"aiwBQETI",0.143699467182159,0.20554418861866,0.0272265337407589,-0.287329077720642,-1.27246701717377
"aiyli4EI",1.52642965316772,0.459996402263641,1.69307744503021,1.25135552883148,-0.740317404270172
"apJ7NmzD",2.38451075553894,-0.689396858215332,2.30766367912292,-0.361111283302307,-0.798270225524902
"atVjNMtQ",-0.517764449119568,-0.146647199988365,-0.377096980810165,2.7135374546051,-1.20166051387787
"b5GirVGV",-0.377966463565826,-0.43565970659256,-0.622647285461426,-0.792088329792023,0.671617150306702
"b9SpMjNB",-0.287091195583344,0.716700255870819,1.52845120429993,-0.0608467496931553,1.40934181213379
"bAFs37yy",-0.390918642282486,-0.228432774543762,-0.376093715429306,-0.801625490188599,0.733561098575592
"bDia1hHV",-0.393155306577682,-0.22612652182579,-0.129902094602585,-0.258833169937134,-0.739968836307526
"bFkv5Mtr",0.0327168554067612,0.225476324558258,0.176801651716232,0.235782697796822,-0.285725146532059
"bHe2IXgA",-0.805355489253998,-0.0494108460843563,-0.767698645591736,2.5513813495636,-1.26853215694427
"bWX3vUm5",0.17811943590641,-0.237370207905769,0.19987528026104,0.184352248907089,-1.06596553325653
"bat8tcGs",-0.511376738548279,-0.763074815273285,-0.651159465312958,-0.234515711665154,-0.734515309333801
"bfjej4wu",-0.286759078502655,0.215888157486916,-0.402793943881989,-0.0127953952178359,-1.14888942241669
"bh04YDiP",-0.334418684244156,-0.152200698852539,-0.333661705255508,0.318232387304306,-0.846765100955963
"c110Fdc8",-0.243245720863342,-0.1171033680439,-0.234176397323608,-0.58501148223877,0.292624562978745
"c32GUzMa",-0.36930513381958,-0.0836605727672577,-0.516983985900879,0.37292155623436,0.433031678199768
"cT6uU0B0",-0.693325638771057,-0.30526003241539,-0.0911455303430557,-0.391652345657349,0.934784054756165
"cWXCiFwh",-0.460696786642075,2.50439476966858,-0.0544780232012272,-0.797834515571594,-0.336616903543472
"ceNvS3yd",-0.411906450986862,0.139170154929161,-1.0839581489563,-0.200264692306519,0.341134965419769
"cmwdt4Av",1.9934960603714,0.764307260513306,1.7553813457489,0.247146174311638,-0.971244812011719
"cn4EHsup",-0.520801424980164,0.819299101829529,-1.05622267723083,0.0301505643874407,-0.334131211042404
"crVOGGTT",-0.512465000152588,-0.356940478086472,1.15144550800323,-0.211302265524864,0.615726590156555
"csPEJ1E5",-0.131364896893501,-0.697602212429047,-0.136819154024124,-0.862236559391022,-0.456345945596695
"d0UrRtMk",-0.42491015791893,-0.327344328165054,-0.354819148778915,-0.84847366809845,1.64324033260345
"d6LU4G4I",-0.142512455582619,0.0653165355324745,-0.815506279468536,0.409298717975616,-0.195821776986122
"d74T1DVv",-0.399641335010529,-0.177376225590706,-1.1056342124939,1.38636684417725,-0.968278348445892
"dR6rM1tQ",-0.293280392885208,-0.103944443166256,-0.501192629337311,-0.280888110399246,-1.0263090133667
"dUNxOoqg",-0.396427273750305,0.918845117092133,-0.744803309440613,-0.0305147655308247,-0.77981823682785
"dUnlyhj7",0.17246188223362,-0.0736299231648445,1.24624812602997,-0.521839618682861,-0.203097894787788
"dVDlnZQ6",-0.33829927444458,2.62560796737671,-0.621759533882141,0.316633939743042,-1.5195347070694
"dVT26GDu",-0.345898687839508,-0.329016238451004,0.37086746096611,-1.44022965431213,0.427479088306427
"de43ycXY",0.376754641532898,-0.310970813035965,0.956617712974548,-0.971120297908783,0.221129581332207
"dfIn7m9z",-0.436761945486069,-0.234076261520386,-0.688411891460419,0.176450058817863,-0.91153484582901
"dhmb9ZY9",4.20947074890137,1.28257429599762,2.27731370925903,1.29109120368958,-1.17514538764954
"dn8kCuyf",-0.370977461338043,0.0627431496977806,-0.629850447177887,-0.69480162858963,-0.296776592731476
"dpcquvWW",-0.401292949914932,0.065977968275547,-0.773439347743988,-0.564406216144562,0.0413779094815254
"dqcbIMyr",-0.429330319166183,-0.411533087491989,-0.652324557304382,0.0553953535854816,-0.46562647819519
"drWgsBf5",-0.311738073825836,0.0948765054345131,-0.727007567882538,-0.130210027098656,-0.830395221710205
"dytx0HSe",-0.442789077758789,-0.269454091787338,-0.590806305408478,-0.842633187770844,1.39273130893707
"e4KkkIha",0.972361207008362,-1.03559279441833,2.68206834793091,-0.686967432498932,-0.66469532251358
"e9YorH4m",0.242654949426651,-0.518207728862762,0.185129806399345,-0.911980926990509,1.80765187740326
"eB9gVQ0R",-0.0193559043109417,-0.23464235663414,0.973808825016022,-2.55850219726562,0.915811717510223
"eMhLFqU6",-0.393166929483414,0.170954331755638,-0.760847985744476,0.348885774612427,0.152076557278633
"eMllg1qm",0.0290198381990194,-0.739513754844666,0.806715607643127,0.0279045253992081,-0.549586772918701
"eNPunZ9i",-0.423876047134399,1.07414603233337,-1.03595471382141,0.670778810977936,-0.463907480239868
"eS5BSM4J",-0.399941891431808,-0.0725979208946228,-0.401262551546097,-0.726289689540863,1.29509794712067
"eVGMFoOI",0.00556699093431234,-0.426973789930344,0.102204829454422,-0.889386236667633,1.30495703220367
"eaIwb3rG",-0.36442631483078,0.424321442842484,0.838973104953766,-0.99599152803421,1.56954503059387
"eyzw8Vis",-0.388817459344864,0.369927227497101,-0.452537596225739,-0.632249116897583,1.17124426364899
"f04Ke2bN",-0.329166024923325,0.313682496547699,-0.587330639362335,-0.219968840479851,0.0951253846287727
"f4GA0te1",-0.307459682226181,-0.0440370142459869,-0.288074284791946,-0.694990992546082,0.12005390971899
"f7bd91h5",-0.389385044574738,-0.168070584535599,-0.0702840685844421,-0.545910596847534,1.12394320964813
"fB7z9ndr",-0.350957572460175,-0.0364897437393665,0.537588953971863,-0.619618535041809,0.900744557380676
"fEe7AWFA",-0.577016949653625,-0.416931420564651,-0.0908591374754906,-0.524362564086914,-0.646558344364166
"fJJIbgY9",0.338915854692459,-0.0938330590724945,1.71674418449402,-0.808794796466827,-1.15784323215485
"fQBURMvg",-0.35299026966095,-0.216711387038231,-0.474497824907303,-0.420399993658066,1.09634637832642
"fS0HpOub",-0.376494616270065,0.0488895289599895,-0.441066652536392,-0.759338557720184,0.154453575611115
"fTDXauuk",0.540973782539368,-0.521603465080261,0.912015438079834,-0.756878018379211,-0.864449203014374
"favPNA2N",-0.437841534614563,-0.260312080383301,-0.314474731683731,0.349055171012878,-0.118241414427757
"g3Fv0U4k",-0.384192764759064,1.63406884670258,-0.92263388633728,0.592365205287933,-0.894776165485382
"g5PKo2E2",0.522553861141205,0.842374384403229,0.572025835514069,-0.536976456642151,-0.268539160490036
"gbjnD5fe",-0.679137885570526,-0.145373985171318,-0.220017850399017,-0.938547074794769,0.0264205560088158
"ge9zqXCv",-0.721626222133636,-0.177904337644577,-1.45066797733307,0.209639176726341,-1.52693212032318
"geeqJpSE",-0.375381469726562,-0.108989104628563,-0.328284680843353,-0.797803342342377,0.643200039863586
"gqy1J2RS",0.329106450080872,0.984240651130676,0.283621937036514,-0.501779198646545,-1.33513963222504
"grlUtS3H",-0.205044522881508,-0.27838259935379,-0.569671034812927,0.207368567585945,-0.518112242221832
"gx965KYj",-0.420299977064133,-0.207368612289429,-0.56538313627243,-0.145399823784828,-1.10752844810486
"h3F08Vjm",-0.392698258161545,-0.238373443484306,-0.0905481278896332,-0.529229521751404,1.00743532180786
"h6FQG8Iy",-0.334178477525711,0.0259216446429491,2.35863471031189,-0.667444586753845,1.21411728858948
"h7ftM8b3",2.03108835220337,-0.0576137453317642,1.95993435382843,-0.356445848941803,-0.881789863109589
"hLrCHXZv",0.210155695676804,0.0898712128400803,0.233087703585625,0.104006640613079,-1.3995441198349
"hQ6VBuFx",0.00603973492980003,-0.525669455528259,1.07517600059509,-2.28212976455688,0.932004928588867
"hYoR2y7w",-0.456540912389755,-0.118252173066139,-0.49521541595459,-0.260984987020493,-0.125673815608025
"hf65yZkM",0.148004308342934,0.537401080131531,0.316129177808762,0.909232676029205,-0.865434050559998
"hjuwe1x4",-0.105744399130344,-0.129910558462143,0.314502954483032,-0.272331774234772,0.352453589439392
"hyINlsFR",-0.424276888370514,0.0312352012842894,0.0595665834844112,-0.238511264324188,0.741672039031982
"i0Qlm9Bv",-0.375669687986374,0.0895551070570946,0.928178787231445,-0.671992599964142,0.614011108875275
"i1VxfxMb",-0.428600072860718,-0.0530439428985119,0.209172517061234,-0.617664515972137,0.881351411342621
"i2l6jXNP",-0.457565814256668,0.0723453313112259,-0.913397073745728,-0.563876688480377,0.511729717254639
"i4FgPZv7",-0.376374989748001,-0.339651972055435,0.0711913853883743,-0.712744116783142,0.883480429649353
"i7XtIkSi",-0.314140498638153,-0.207060351967812,0.0152130788192153,-0.428773611783981,-0.72274512052536
"i9z346Ut",-0.465581953525543,0.16892471909523,-0.508670151233673,1.19866490364075,-0.0417217798531055
"iDOat4cZ",2.29318594932556,-0.0851104333996773,2.24661111831665,-0.32908371090889,-0.716190040111542
"iNv6RoSO",-0.294139951467514,0.0199818573892117,-0.278495997190475,-0.710852324962616,-0.0611399933695793
"iSL9NYzy",4.18544864654541,0.781093955039978,1.94023489952087,2.07077383995056,-1.07144439220428
"iSqVc1r8",0.504658281803131,-0.62331086397171,1.2538743019104,-0.703432023525238,0.0348540060222149
"iYZMftt6",-0.5818971991539,-0.434288889169693,-0.0352229885756969,-0.546783447265625,-0.6319220662117
"ieTPaa3c",-0.354492008686066,0.982004761695862,-0.888311862945557,-0.103058144450188,-0.472310096025467
"if7BmzU0",-0.398991107940674,-0.0860894247889519,-0.43220791220665,-0.816576659679413,0.663911759853363
"ihNz5bmx",-0.423739701509476,0.143246665596962,-0.869305908679962,-0.409086883068085,-0.463029026985168
"ikJXKdIN",-0.355640709400177,-0.65815931558609,-0.179275333881378,-0.89817476272583,-0.221141412854195
"iq2kxikN",0.0722728967666626,0.244630604982376,0.00142258568666875,-0.345541775226593,-1.25804245471954
"iuZEDJK7",-0.42511835694313,-0.329239338636398,0.242750614881516,-0.630478143692017,0.484170645475388
"iyF8gVT7",-0.472520440816879,-0.0469188131392002,0.205360561609268,-0.805920958518982,1.34739744663239
"j06qdQ0V",-0.43216735124588,-0.596592724323273,-0.299007773399353,-0.0772733464837074,0.282898396253586
"j7hl8svO",-0.955291986465454,-0.508084058761597,0.0897230207920074,-0.348450869321823,-0.700777769088745
"j8hMoJUN",-0.385095953941345,0.487416505813599,0.0547968335449696,-0.73403924703598,-0.775056540966034
"jNaFasbV",-0.507530272006989,-0.155415862798691,-1.33398878574371,0.240080520510674,-0.781628370285034
"jVVHeYHT",-0.408820271492004,-0.612858295440674,0.179403424263,-0.687197625637054,0.246656611561775
"jXm4ySvK",-0.335203528404236,-0.285502463579178,0.0193449407815933,-0.704712510108948,0.570814251899719
"juO5ii5l",-0.342405676841736,-0.243720903992653,0.637103021144867,-0.658775627613068,-0.457118958234787
"k2hdEBsU",-0.385373115539551,-0.0822998061776161,-0.439243286848068,-0.665847778320312,1.62810599803925
"k3ynMfhN",-0.32469055056572,0.275184661149979,0.856710374355316,-0.399228781461716,0.350477308034897
"k9C9yBtr",0.273307412862778,0.100967645645142,0.349181234836578,0.249183684587479,-1.21075928211212
"kAKRvcRo",-0.389490723609924,2.09163546562195,-0.279950618743896,0.689440429210663,-1.16754829883575
"kBi3R2oC",-0.330125272274017,-0.268534660339355,-0.140092819929123,-0.291356384754181,-0.374084949493408
"kDWmnsXe",-0.0611952729523182,-0.529924035072327,0.419937133789062,-0.709315061569214,0.415296941995621
"kSGBd2Vh",-0.376731157302856,-0.0448072627186775,-0.44972437620163,-0.802624821662903,0.4482302069664
"kT0miHPT",-0.431441485881805,-0.348034679889679,-0.633290112018585,-0.565615355968475,-0.148572683334351
"kaW0TfRn",-0.586702287197113,0.0537874028086662,-0.540342807769775,-0.830953240394592,-0.672356247901917
"kmg3SowO",-0.414445817470551,-0.0309748388826847,-1.02534162998199,0.244876712560654,-0.624233663082123
"kpxKSlnF",2.09986042976379,0.307014882564545,1.60161650180817,1.12552869319916,-0.612502574920654
"ku2cn1MV",0.480845272541046,0.48089736700058,1.79244446754456,-0.319259524345398,0.548453390598297
"l1su5HU9",-0.467213064432144,-0.551766455173492,-0.0851796045899391,-0.79664272069931,0.153082102537155
"l8Tg2RvD",-0.204071864485741,-0.286548376083374,0.787647306919098,-0.454290717840195,0.323488295078278
"lB6NsVOc",-0.405831754207611,0.204890489578247,0.00235486309975386,-1.11852335929871,1.39673554897308
"lEcdVyKk",-0.420257329940796,-0.0363452062010765,-0.442194879055023,-0.604235649108887,0.893974840641022
"lH4TasGl",0.111892461776733,-0.167018488049507,0.617560863494873,-0.717486202716827,-0.504058659076691
"lO9aggHW",-0.0162738896906376,0.233183354139328,0.052103940397501,0.289494931697845,-0.0539077334105968
"lW3m9Vzu",-0.48596403002739,0.0405172109603882,-0.584458410739899,0.0335470661520958,-0.195433214306831
"lYLseGDP",0.0660823434591293,-1.21737432479858,-0.287676244974136,-0.431679636240005,1.57328677177429
"lcOnCdZi",-0.266278654336929,-0.202768161892891,0.858592808246613,-0.850453317165375,-0.1866704672575
"le9YGwON",0.000959562021307647,-0.545808970928192,-0.0256379544734955,-0.549789369106293,-0.692804217338562
"llMvu3TX",1.68961572647095,-1.03670179843903,2.95077037811279,-0.967743635177612,-0.314362794160843
"lnHh2jFO",0.0409106388688087,-0.681635200977325,1.23842322826385,-1.0784010887146,0.490142464637756
"m07CVXd4",-0.386949062347412,-0.270255655050278,0.634914577007294,-0.81101781129837,0.97437572479248
"m1lPk91z",-0.331640988588333,0.0518486276268959,0.318544924259186,-0.601875364780426,1.40103268623352
"m9IQdmwa",-0.390052169561386,-0.22455920279026,-0.471896380186081,-0.778767883777618,0.670081615447998
"mG9BRy5x",-0.174046337604523,-0.260609596967697,-0.405210644006729,-0.216472938656807,0.117876298725605
"mVHXnama",-0.293446809053421,-0.648490190505981,0.0452350936830044,-0.485839009284973,-1.00980579853058
"mXyrR6nU",-0.36028653383255,0.345251232385635,-0.296392917633057,-0.420020401477814,0.77313369512558
"mbzNdxNc",-0.296685844659805,-0.371560513973236,-0.524441778659821,0.0327299907803535,-0.793917715549469
"mntH7g3L",0.323863953351974,-0.490085691213608,1.03531384468079,-0.942160427570343,0.4006627202034
"msRTXP3H",-0.314892798662186,-0.297022134065628,-0.361924141645432,-0.250084400177002,0.168715640902519
"mxBjvIPR",-0.420275837182999,0.158249482512474,-0.612602770328522,-0.589710891246796,0.416434586048126
"n8Opmfbz",1.77445697784424,-0.294730722904205,1.99260222911835,-0.40083384513855,0.184053152799606
"nOkgU29Q",-0.360618323087692,0.253730297088623,-1.01146185398102,0.221862763166428,-0.598435580730438
"nhttf7VM",-0.200361639261246,0.255579024553299,0.662810385227203,-0.249294176697731,-0.0448633320629597
"njLbXYa3",-0.348875910043716,0.0342414863407612,-0.454002976417542,-0.676559150218964,0.00804868619889021
"nwkIpzmh",-0.00244343210943043,-0.508528590202332,0.760919153690338,-0.330694586038589,-0.5826256275177
"nzB1R9Zg",0.0822658613324165,-0.153974026441574,0.826311588287354,-0.678760349750519,0.392541229724884
"o1rZRI84",-0.479110896587372,-0.226590245962143,-0.859848856925964,-0.681901693344116,-0.650499403476715
"o7q5Mbty",-0.160658895969391,-0.090764693915844,-0.507642209529877,-0.443431973457336,-0.833101809024811
"oCBvysqB",-0.462520867586136,1.89871609210968,0.0648467764258385,-0.807985424995422,-0.230195209383965
"oDmycTPH",-0.337754249572754,-0.33914190530777,-0.0331252589821815,-0.818931400775909,1.17853605747223
"oFAXZvQv",-0.425540775060654,-0.496909469366074,-0.172219946980476,-0.316247403621674,-1.20404350757599
"oHE3M1zX",-0.541191041469574,0.0657616853713989,-0.473858118057251,0.885104298591614,-0.596320390701294
"oMhVmSpV",-0.466626733541489,0.665055930614471,-0.112448714673519,-0.477813690900803,-0.662200033664703
"oNsDqVbi",0.168502032756805,-0.277560144662857,1.58249759674072,-0.842897951602936,-0.956603825092316
"oYAJqQk8",-0.340251594781876,-0.504040002822876,0.0759057402610779,-0.816113829612732,0.127709999680519
"ob5Kb6dW",-0.427206516265869,-0.184520348906517,-0.323073744773865,-0.676903009414673,1.05137801170349
"obnzqs79",-0.315969794988632,-0.999483525753021,0.0469873696565628,-0.557889044284821,-0.263177454471588
"oncLcgRP",-0.324845671653748,0.0603190623223782,-0.645322442054749,-0.234225854277611,-0.826387226581573
"ooWVYaAe",-0.375236123800278,2.53633069992065,-0.509460866451263,0.662472069263458,-1.47533464431763
"osdyOUnV",-0.407890051603317,0.0780250281095505,-0.816564202308655,0.54753178358078,-0.329606533050537
"p7H9CzCv",-0.362479895353317,0.39376837015152,-0.861868619918823,0.326775133609772,-0.747698068618774
"p7U9hVhY",-0.365337401628494,-0.178128197789192,-0.425349295139313,-0.407914280891418,0.855268895626068
"pE6Cf1RV",-0.318789750337601,0.198361322283745,0.84469211101532,-0.652020275592804,0.892013192176819
"pI7qzotI",-0.00058610737323761,-0.198289841413498,0.042866837233305,0.216522395610809,-0.931552231311798
"pJrIA4sk",-0.404221743345261,-0.390373647212982,-0.30651792883873,-0.591412723064423,-0.102914705872536
"pXne2CLZ",-0.651307642459869,-0.599962472915649,-0.381912380456924,1.01361989974976,-1.35199499130249
"pZMcDIOS",-0.420420348644257,-0.0350425876677036,-0.792966246604919,-0.617013514041901,0.312592476606369
"pavfp3cc",0.275557339191437,0.108318291604519,0.63114207983017,-0.107708588242531,-1.17621612548828
"pbQdC5L3",-0.385490924119949,-0.629317581653595,-0.142388805747032,-0.581520736217499,0.641943752765656
"pgj7aAFP",-0.379348903894424,-0.208852753043175,-0.264851361513138,-0.439588636159897,-0.773267209529877
"pxg8G3ed",-0.579298853874207,0.0240610651671886,0.247609466314316,-1.49713146686554,0.983717978000641
"q36Npk6l",-0.355562776327133,-0.153499782085419,-0.0174915865063667,-0.823343992233276,0.812048673629761
"q4aDOVvq",0.135398611426353,0.474927961826324,0.94759875535965,0.507345259189606,-0.603188276290894
"qGmfR9CN",-0.332981109619141,0.00167402671650052,-0.740213215351105,0.67851185798645,-0.857105314731598
"qJ51ODpA",-0.453958451747894,-0.317586570978165,-1.02943992614746,0.45756733417511,-0.295797318220139
"qQX3cs3I",-0.174851462244987,-0.0718657672405243,0.879149198532104,-0.759080767631531,-0.258695662021637
"qXeIxPb8",-0.420410394668579,-0.277209550142288,0.585067331790924,-0.599315106868744,0.814869403839111
"qYQ4MShM",-0.235540837049484,0.922685086727142,-0.153112336993217,0.684047281742096,-0.814103186130524
"qa0etnhK",-0.622706115245819,0.0980615764856339,0.355962216854095,-0.639865398406982,-0.763166487216949
"qbL4sboq",-0.520441472530365,0.205116033554077,-0.601855874061584,-0.770051658153534,0.15994293987751
"qbYrsWHq",0.565054953098297,0.249901384115219,1.79216325283051,-0.18581548333168,-0.379838109016418
"r1zmcUqQ",0.671679437160492,-0.405471920967102,0.696822464466095,-0.471981048583984,-1.22917747497559
"r54iHeQC",-0.362599790096283,-0.0703087002038956,-0.374431937932968,-0.781253933906555,0.527688503265381
"r6xrAnQV",5.06160116195679,0.235381215810776,2.54508328437805,-0.843930780887604,-0.217056944966316
"r9HxnQDg",-0.098050557076931,0.227384671568871,0.875260829925537,-0.353482306003571,1.09675598144531
"rG8Puuf9",1.20970487594604,0.916757881641388,1.35798144340515,0.101661145687103,-0.959768235683441
"rGuiefuR",-0.474390536546707,-0.0582692697644234,-0.99088853597641,0.0396487191319466,-1.07837092876434
"rJ19OhGP",-0.41295650601387,-0.112378388643265,-0.386736452579498,-0.599923312664032,1.19966650009155
"rOCYepHd",-0.0572656281292439,-0.147924482822418,0.941211879253387,-0.409505724906921,-0.327188223600388
"rQJaOPFI",-0.00723004946485162,-0.500222325325012,0.415041029453278,-0.613445639610291,0.354087561368942
"rQhZtZeh",-0.312954664230347,0.187826201319695,0.886174499988556,-0.677272975444794,0.691968321800232
"rapmok0w",-0.486007034778595,2.49076843261719,-0.935600399971008,-0.0336363166570663,0.289162993431091
"rgzfnPVu",-0.0639132931828499,-0.446926593780518,0.73554539680481,-0.548499703407288,0.5231614112854
"ri4qhb1S",-0.411581218242645,0.154033333063126,-0.132424935698509,-0.678407669067383,0.93637090921402
"rqpFYzff",-0.231184855103493,-0.580891311168671,-0.237512946128845,-0.634012281894684,0.435323715209961
"rrs22coX",-0.364047318696976,-0.217649519443512,0.0262707266956568,-0.21819107234478,0.993139088153839
"sEeUCQLc",-0.412079602479935,-0.0805203840136528,-0.616025626659393,-0.584857165813446,0.413399040699005
"sHScwqQl",-0.404324054718018,0.250387966632843,0.676101982593536,-0.795660555362701,1.20449411869049
"sNC7DiAt",-0.351546227931976,-0.541018545627594,-0.183925047516823,-0.800161242485046,1.29302632808685
"sNK2TSs3",-0.383752256631851,-0.158538639545441,-0.0422155298292637,-0.330599844455719,0.831393361091614
"sO7Su6uw",-0.407544076442719,1.33930051326752,-0.776775240898132,0.0649577155709267,-0.603517532348633
"sOWZx89o",-0.450881838798523,-0.854393243789673,-1.19639420509338,-0.747828781604767,0.687798023223877
"sPbRcPjC",0.129200637340546,-0.408832579851151,0.00493648322299123,0.0805010572075844,-1.04264152050018
"scVUfTKI",0.665263712406158,2.26572632789612,0.416272461414337,1.26215028762817,-0.859369099140167
"seRaGeVv",-0.335107117891312,-0.128652423620224,-0.723804652690887,-0.628243267536163,1.31175124645233
"sgtwiYWi",-0.447514563798904,-0.329481214284897,-0.934247553348541,-0.0717284008860588,0.0192715432494879
"sjmLHcT6",-0.343430161476135,-0.918002486228943,0.129179045557976,-0.613533079624176,-0.0543469786643982
"skZUZZGS",-0.194259718060493,-0.126128032803535,0.130674049258232,-0.451629549264908,0.536942899227142
"suAmzADX",-0.547693312168121,0.793924927711487,-1.36470854282379,0.972711801528931,-1.10237836837769
"t4GWLqlO",0.429230540990829,-0.063721276819706,1.1650984287262,-0.507798433303833,-0.592409372329712
"t7gy6Jyy",-0.0941016599535942,-1.27936851978302,0.961476802825928,-0.948652029037476,0.183488056063652
"tBadzH60",2.12589335441589,-0.341420233249664,2.5154082775116,-0.597105920314789,-0.658751428127289
"tXUWm0hp",-0.278955847024918,-0.29595822095871,-0.475292384624481,0.352161020040512,-0.751206815242767
"te6UPPxf",-0.475340694189072,1.52694261074066,-0.200593739748001,-0.512955665588379,-0.779734969139099
"ti2lamkL",0.099326103925705,0.119468457996845,0.663929164409637,-0.19225686788559,-0.494203150272369
"tr0lpwuU",-0.591709077358246,-0.65676087141037,-1.41471564769745,2.41394901275635,-1.76842451095581
"ttdB5C73",-0.377059251070023,0.315373331308365,0.0013188406592235,-0.407080739736557,0.355240076780319
"twS8YZu9",-0.45127084851265,0.384055286645889,-0.443550080060959,-0.613180220127106,-0.00502724200487137
"tx68W34H",-0.410595625638962,0.145715966820717,-1.095294713974,0.744865953922272,-1.16469585895538
"tyQSX4mY",-0.332223206758499,-0.87958151102066,0.126720279455185,-0.980157852172852,-0.584039390087128
"tylKCRc0",-0.45815834403038,-0.24476046860218,-0.136619433760643,-0.575968623161316,0.194340720772743
"u1544WUo",-0.499613463878632,-0.0599933490157127,-0.956477344036102,-0.636685192584991,0.253279089927673
"uAw9an0d",0.0487600527703762,0.0868945494294167,0.323791474103928,-0.155445367097855,-0.508737444877625
"uLZAEXMG",2.80628418922424,0.0507435351610184,1.81122303009033,-0.206974714994431,-0.777223408222198
"uMwe1s7I",-0.519357204437256,-0.871605277061462,-0.857604801654816,0.257263422012329,-1.4499843120575
"ufhGeV3q",-0.310562998056412,-0.600256443023682,-0.29380139708519,-0.60380482673645,0.666654229164124
"uhAeGBHo",-0.358151286840439,0.412782520055771,-1.01840341091156,0.451586276292801,-0.85683685541153
"ujHNlqpw",1.52018857002258,1.30726528167725,1.70798635482788,-0.120636209845543,-0.953743875026703
"ulV6kuhB",-0.358099311590195,-0.315249621868134,1.20905542373657,-0.605779409408569,0.814088702201843
"uohEnNEK",-0.425163954496384,1.89785814285278,-0.631762683391571,0.65133661031723,-1.06783628463745
"v1lhA8I4",-0.40820649266243,-0.21418209373951,0.174654483795166,-0.850486755371094,1.71925616264343
"v3JzigLI",-0.352962672710419,-0.948460161685944,0.19413298368454,-0.684012711048126,0.458308786153793
"v5IwjyIg",-0.352783888578415,-0.158732488751411,-1.03591275215149,-0.443019449710846,-1.1104633808136
"v6lp5TK1",-0.351647883653641,-0.0976700037717819,0.278859674930573,-0.797650694847107,1.12200582027435
"v8vOaaWq",-0.497954398393631,-0.0843949764966965,-1.05966055393219,-0.0135608427226543,-0.197732761502266
"vAYKtoil",-0.527712464332581,-0.141932100057602,-1.14997947216034,-0.478149771690369,0.0894484966993332
"vGTNQa6G",3.25524353981018,0.347772151231766,1.72575378417969,1.53599846363068,-0.565454006195068
"vQzNxHoL",-0.423980474472046,2.22740316390991,-0.0852387249469757,-0.722644805908203,-1.0249160528183
"vfZGBUJm",-0.283865958452225,0.195247784256935,-0.122864209115505,-0.240076765418053,0.026870695874095
"vlooVUoT",-0.312750935554504,0.746281027793884,-0.799089074134827,0.385468572378159,-0.504357755184174
"vrACvd4O",-0.562601923942566,-0.0762025862932205,-0.459344685077667,-0.676183760166168,-0.175803065299988
"w8hdjLwb",-0.485318839550018,-0.439728796482086,-0.275135338306427,-0.430177330970764,0.901098906993866
"wAntv4gH",-0.301314204931259,-0.167627274990082,1.43858420848846,-0.806621551513672,0.773616909980774
"wIUL09q0",-0.360911995172501,-0.812252759933472,-0.245721101760864,-0.692448556423187,-0.548998236656189
"wOzx7Fgz",-0.420724153518677,0.020756620913744,-0.599064350128174,-0.312098115682602,-0.0177803486585617
"wPhjhCJQ",-0.423416137695312,-0.129043608903885,-0.42953023314476,-0.649548649787903,1.19845283031464
"wQSWWmYB",-0.428863406181335,0.043060626834631,-0.755381166934967,-0.625232040882111,0.765128254890442
"wdIMrXwy",1.59781491756439,-0.417120575904846,2.74165987968445,-0.788964509963989,-0.371683746576309
"wiL9npQc",-0.402238219976425,-0.190718844532967,-0.479700475931168,-0.762134075164795,0.654469966888428
"wnU95Cxn",1.39309024810791,-0.51315450668335,2.38199639320374,-0.59516167640686,-0.701195657253265
"wpJbbjJs",-0.135901480913162,0.424435824155807,0.564573705196381,-0.235503792762756,-0.139121845364571
"wsOWTAbI",0.992936551570892,-0.106451749801636,0.488443553447723,1.28711724281311,-0.598300337791443
"wtdBcU3U",-0.369397342205048,-0.362576931715012,-0.145693734288216,-0.663893222808838,-0.839453458786011
"wuKXVxOc",-0.391344577074051,1.95335006713867,-0.653646290302277,-0.188207283616066,0.688186526298523
"wyzadAt8",-0.604367256164551,-0.416567325592041,0.312892436981201,-0.788404822349548,0.874038398265839
"wzaKzYwi",-0.294252127408981,-0.874926328659058,0.578974902629852,-0.864689111709595,0.980217158794403
"x6GCk4EV",-0.374110251665115,-0.289720058441162,0.659396409988403,-0.651225626468658,0.641855299472809
"x6lUi3vf",-0.140889316797256,-0.00738550862297416,-0.0875711441040039,0.232210278511047,-0.746734976768494
"x8mwDHv9",-0.341962069272995,0.0196236781775951,-0.224261909723282,-0.593524694442749,-0.0571622997522354
"xIYm6puH",1.05775797367096,0.294456720352173,0.336169987916946,1.11097753047943,-1.05113112926483
"xO6UdpsK",0.628012895584106,-0.628253638744354,0.584389388561249,-0.138080194592476,-1.03180336952209
"xQ2bkOvj",-0.48904150724411,-0.35191422700882,-0.414082169532776,0.32064089179039,-1.35738384723663
"xeXyDCEQ",3.03624415397644,0.650042235851288,1.84287357330322,1.28727793693542,-1.20435547828674
"xrggHziO",-0.359991133213043,-0.17910161614418,0.0699122622609138,-0.462775677442551,0.0857851654291153
"y1WMCmqQ",-0.444179236888885,1.14693665504456,-1.14829576015472,-0.287652969360352,0.134174168109894
"yDngezhM",-0.357960373163223,-0.329290330410004,0.148251593112946,-0.718474745750427,-0.893609881401062
"yLiFjMD0",-0.676009237766266,-0.228393346071243,1.10308563709259,-0.132518634200096,0.437590777873993
"ySwEBO7w",-0.429054498672485,0.422038555145264,-0.00198560860008001,-0.148339927196503,-1.32571566104889
"ydC9UsSm",-0.582226812839508,0.0473113469779491,-1.14520251750946,0.778722405433655,-0.229173585772514
"ydEG4VBd",-0.450542271137238,0.0920536741614342,-0.922583937644958,-0.32395339012146,0.345327317714691
"yf76yWXc",-0.0801959037780762,-0.279794752597809,1.28814041614532,-0.760664045810699,-0.366319090127945
"yg70e63n",-0.412369638681412,-0.117936991155148,-0.0910408869385719,-0.395843476057053,-0.388728201389313
"ywxtlSKv",-0.504205763339996,-0.170169308781624,-1.72003877162933,-0.324803024530411,-0.354732245206833
"yzKPQPOR",-0.619049191474915,-1.01161801815033,-0.693778812885284,0.204415768384933,-1.27853620052338
"z5cnOnZ1",-0.421741932630539,0.532967627048492,-0.369118243455887,-0.87535947561264,-0.351202577352524
"zFLkOE0e",0.286551892757416,0.538285553455353,0.426529616117477,0.281729757785797,-1.31256246566772
"zGi72mxL",-0.510502278804779,-0.00291453488171101,-0.551736891269684,-0.456384629011154,-0.262344300746918
"zN925UV3",-0.191555574536324,0.206891283392906,-0.362998872995377,0.336372673511505,-1.10097646713257
"zTy2ih7e",-0.408841133117676,0.950431525707245,-0.576475739479065,-0.445660382509232,0.60180538892746
"zVFzAutw",-0.121024176478386,-0.76715350151062,0.236382469534874,-1.64169800281525,0.0646563991904259
"zYxNAkht",-0.346971094608307,-0.689846336841583,-0.228416189551353,-0.664721488952637,0.765085458755493
"zaWDBai3",-0.458619713783264,0.0965662449598312,-0.261166542768478,-0.224295809864998,1.69384527206421
"zg3u0Zsx",-0.371400326490402,-0.392332792282104,-0.208243981003761,-0.614220499992371,-0.609803676605225
"zlwLfdsS",-0.418966859579086,-0.813612461090088,-1.09457659721375,1.23652780056,-1.66798138618469
"zmbKzVfl",-0.395964592695236,1.19930553436279,-0.973225951194763,0.421459168195724,-0.0635681003332138
