Rk,Player,Pos,Age,WinPct,Team,G,MP,PER,TSpct,3PAr,FTr,ORBpct,DRBpct,TRBpct,ASTpct,STLpct,BLKpct,TOVpct,USGpct,OWS,DWS,WS,WSp48,OBPM,DBPM,BPM,VORP
1,Louis Williams,PG,27,0.463,ATL,60,1445,14.2,0.547,0.469,0.363,0.8,9.1,5,22.9,1.6,0.2,13.9,20.9,1.6,1,2.6,0.087,0.3,-2.1,-1.8,0.1
2,Jeff Teague,PG,25,0.463,ATL,79,2542,17.1,0.541,0.216,0.362,1.6,7.9,4.7,35.1,1.8,0.5,16.1,25.7,3.3,1.9,5.2,0.098,0.9,-2,-1.1,0.6
3,Mike Scott,PF,25,0.463,ATL,80,1482,15.3,0.559,0.318,0.21,4.9,17.2,11.1,8.9,1,0.4,10.3,23.5,1.3,1.2,2.6,0.084,-0.7,-2.3,-3,-0.4
7,Paul Millsap,PF,28,0.463,ATL,74,2482,19.8,0.545,0.202,0.373,7.2,21.9,14.6,16.2,2.6,2.5,13.2,25.7,2.7,4,6.7,0.129,0.7,2.4,3.1,3.2
8,Shelvin Mack,PG,23,0.463,ATL,73,1490,13.2,0.51,0.367,0.148,1.6,10.7,6.2,28.8,1.7,0.1,14.3,19,1.2,1.2,2.3,0.074,-0.7,-1.7,-2.4,-0.1
9,Kyle Korver,SG,32,0.463,ATL,71,2408,13.5,0.653,0.644,0.154,1.1,12.4,6.8,13.3,1.5,0.8,13.6,14.2,3.9,2,5.9,0.118,2,0.2,2.2,2.5
11,Al Horford,C,27,0.463,ATL,29,958,22,0.588,0.026,0.202,8,21.4,14.8,15.2,1.4,3.6,12.3,24.7,1.5,1.3,2.8,0.141,0.8,2,2.8,1.1
12,DeMarre Carroll,SF,27,0.463,ATL,73,2341,13.9,0.575,0.417,0.22,5.3,14.5,10,8.9,2.3,0.7,10.1,15.2,3.2,2.6,5.8,0.119,1,1.1,2.1,2.4
13,Elton Brand,PF,34,0.463,ATL,73,1414,14,0.561,0.006,0.283,8,21.5,14.8,8.1,1.4,4.9,13.8,13.9,1.4,2.1,3.6,0.121,-2.7,3.1,0.5,0.9
15,Pero Antic,PF,31,0.463,ATL,50,925,11.7,0.545,0.582,0.224,7.2,18.9,13.1,9.8,1,1,14.5,18.6,0.5,0.9,1.4,0.075,-0.5,-0.9,-1.4,0.1
16,Gerald Wallace,SF,31,0.305,BOS,58,1416,10,0.543,0.278,0.439,2.8,14.5,8.5,14.9,2.7,0.8,26.1,11.6,-0.3,1.6,1.3,0.043,-2.5,2.2,-0.3,0.6
17,Jared Sullinger,PF,21,0.305,BOS,74,2041,16.4,0.497,0.231,0.226,13,20.6,16.7,10.1,0.9,1.8,10.7,24.1,1.9,2,3.9,0.091,0.3,-0.6,-0.3,0.9
18,Rajon Rondo,PG,27,0.305,BOS,30,998,15.3,0.461,0.257,0.191,2.4,16.6,9.3,47.7,2.1,0.2,20.7,21.3,0.2,1,1.1,0.054,0.2,-0.2,0,0.5
19,Phil Pressey,PG,22,0.305,BOS,75,1132,8.8,0.39,0.419,0.178,1.9,8.8,5.3,30.8,3.1,0.3,24.2,14.1,-1,1.1,0.1,0.005,-3.7,-0.6,-4.4,-0.7
20,Kelly Olynyk,C,22,0.305,BOS,70,1400,15.2,0.546,0.227,0.243,11,18.8,14.8,13.1,1.3,1.5,16,21,1.5,1.4,2.9,0.101,0.3,0.2,0.5,0.9
22,Kris Humphries,PF,28,0.305,BOS,69,1376,18.2,0.552,0.004,0.312,10.2,24,16.9,8.2,1.2,3.4,10.9,19,2.3,1.8,4.1,0.143,-1.2,1.2,0,0.7
23,Jeff Green,SF,27,0.305,BOS,82,2805,13.1,0.52,0.338,0.304,2.1,13.6,7.7,8.4,1,1.3,11.1,23.6,1.3,2,3.3,0.057,-0.7,-1.3,-2.1,0
25,Avery Bradley,PG,23,0.305,BOS,60,1855,12.7,0.51,0.242,0.136,2.9,11.2,6.9,8.1,1.7,0.5,9.9,23.2,0.4,1.4,1.8,0.046,-1.1,-1.4,-2.5,-0.2
28,Brandon Bass,PF,28,0.305,BOS,82,2266,15,0.549,0.008,0.33,7.8,15.9,11.8,6.4,0.8,2.4,10.9,18.2,3.2,1.9,5.1,0.107,-1.3,0.2,-1.2,0.5
30,Deron Williams,PG,29,0.537,BRK,64,2059,17.6,0.564,0.374,0.302,0.9,8.9,4.9,32.8,2.4,0.5,15,21.8,3.8,1.5,5.4,0.125,2.7,-1.5,1.2,1.6
32,Mirza Teletovic,SF,28,0.537,BRK,72,1396,14.3,0.559,0.66,0.117,5.2,17.6,11.4,7.1,1.1,1.4,8.8,20.5,1.6,1.1,2.7,0.094,1.5,-2,-0.5,0.5
34,Mason Plumlee,PF,23,0.537,BRK,70,1275,19,0.67,0.01,0.646,9.3,19.6,14.5,8.1,2,3.6,16.6,17.1,3,1.7,4.7,0.176,0.5,1.9,2.4,1.4
35,Paul Pierce,SF,36,0.537,BRK,75,2098,16.8,0.595,0.421,0.435,1.5,18.3,9.9,14.5,2.2,1.2,15.3,22.4,2.9,2.3,5.2,0.119,1.3,0.2,1.5,1.8
37,Shaun Livingston,PG,28,0.537,BRK,76,1974,14.5,0.551,0.012,0.392,4.1,10.8,7.5,20.1,2.5,1.3,15.5,16.1,2.6,1.8,4.4,0.108,-0.5,1.1,0.6,1.3
38,Andrei Kirilenko,PF,32,0.537,BRK,45,857,12.4,0.532,0.031,0.744,7.7,12.7,10.2,13.1,2.4,1.9,20.3,14.6,0.4,0.9,1.3,0.07,-1.9,1.8,-0.1,0.4
39,Joe Johnson,SG,32,0.537,BRK,79,2575,15.5,0.564,0.397,0.192,2.2,10.3,6.3,15,1,0.3,9.8,22.3,3.9,1,4.9,0.091,2,-2.2,-0.1,1.2
41,Kevin Garnett,C,37,0.537,BRK,54,1109,13.3,0.467,0.008,0.132,6.5,32.1,19.3,12.4,2,3,15.5,18.9,-0.7,1.9,1.2,0.054,-4.7,2.8,-1.9,0
43,Andray Blatche,PF,27,0.537,BRK,73,1618,18.8,0.532,0.08,0.328,8.9,19.9,14.4,12.8,2.4,2,12.5,25.6,1.6,2.1,3.7,0.109,-0.6,0.7,0.1,0.8
44,Alan Anderson,SF,31,0.537,BRK,78,1773,9.5,0.525,0.511,0.243,2.7,9.1,5.9,7.3,1.4,0.5,10.4,15.9,0.8,0.9,1.7,0.047,-0.8,-1.4,-2.2,-0.1
45,Cody Zeller,C,21,0.524,CHA,82,1416,13.1,0.498,0.002,0.495,9.4,18.8,14.1,10.4,1.5,2.3,15,18.9,0.4,2.2,2.6,0.09,-3.2,1.8,-1.3,0.2
46,D.J. White,PF,27,0.524,CHA,2,10,2.4,0,0,0,0,22.7,11.3,0,5.2,0,0,4.6,0,0,0,0.004,-10.3,3.4,-6.9,0
47,Kemba Walker,PG,23,0.524,CHA,73,2614,16.8,0.499,0.286,0.295,1.7,11.6,6.6,29.7,1.7,1,11.6,25.8,1.8,3.3,5.1,0.093,1.6,0.2,1.7,2.4
48,Anthony Tolliver,PF,28,0.524,CHA,64,1298,11,0.605,0.805,0.134,2.9,11.8,7.3,5,0.8,0.9,6.6,12.4,1.9,1.3,3.2,0.117,0.8,-0.5,0.3,0.8
49,Jeffery Taylor,SF,24,0.524,CHA,26,629,5.9,0.436,0.307,0.216,2.7,8.1,5.4,5.7,1.1,0.6,9.5,19.4,-0.8,0.6,-0.2,-0.019,-4.2,-1.2,-5.4,-0.5
50,Jannero Pargo,PG,34,0.524,CHA,29,242,18.9,0.554,0.508,0.093,0.5,8.9,4.7,40.3,3,0.3,17.5,28.4,0.2,0.4,0.5,0.105,3.1,-2.2,0.9,0.2
51,Josh McRoberts,PF,26,0.524,CHA,78,2360,13.8,0.548,0.514,0.15,4,13.8,8.9,21.9,1.3,1.5,12.1,13.4,3.5,3,6.5,0.132,1.3,1.6,2.9,2.9
52,Michael Kidd-Gilchrist,SF,20,0.524,CHA,62,1502,12,0.516,0.025,0.521,8.2,16.2,12.2,5.4,1.5,2.1,12.1,15.2,0.9,2.2,3.1,0.098,-2.7,1.7,-0.9,0.4
53,Al Jefferson,C,29,0.524,CHA,73,2553,22.7,0.532,0.011,0.201,6.9,28.3,17.5,12.8,1.4,2.4,7.6,29.3,3.1,4.7,7.8,0.146,0.3,1.5,1.8,2.5
54,Gerald Henderson,SG,26,0.524,CHA,77,2461,13.1,0.507,0.124,0.332,1.4,12.9,7.1,13.9,1.1,1,9.6,22.1,0.8,2.8,3.6,0.071,-1.7,0,-1.7,0.2
55,Ben Gordon,SG,30,0.524,CHA,19,279,6.4,0.422,0.269,0.194,1.2,9.8,5.5,12.2,1.9,0.6,15.2,22.9,-0.7,0.3,-0.3,-0.058,-5.9,-1,-6.8,-0.3
56,Chris Douglas-Roberts,SF,27,0.524,CHA,49,1016,12.2,0.588,0.524,0.325,1.8,11.5,6.6,7.9,1.5,1.2,11.1,14.7,1.1,1.2,2.4,0.113,-0.3,0.4,0.1,0.5
57,Bismack Biyombo,C,21,0.524,CHA,77,1072,13.3,0.606,0,0.618,11,27.6,19.3,1.1,0.3,6.3,17.9,9.6,1.1,2.1,3.2,0.144,-4.7,2.2,-2.5,-0.1
58,Tony Snell,SG,22,0.585,CHI,77,1231,8,0.489,0.53,0.122,1.8,9.6,5.7,9.1,1.3,0.9,11.1,14.9,-0.1,1.7,1.6,0.063,-2.9,-0.2,-3,-0.3
60,Joakim Noah,C,28,0.585,CHI,80,2820,20,0.531,0.003,0.419,11.6,24.5,18.2,26.4,1.9,3.3,17,18.7,4.5,6.6,11.2,0.19,1.1,5.5,6.6,6.1
64,Kirk Hinrich,PG,33,0.585,CHI,73,2116,10.8,0.494,0.391,0.202,1.7,8.5,5.2,22.6,2,1,15.1,17.3,0.4,3.3,3.8,0.085,-1.3,0.5,-0.8,0.6
65,Taj Gibson,PF,28,0.585,CHI,82,2351,16,0.524,0.008,0.314,9.8,17.1,13.5,7.3,0.9,3.7,12.8,23,1.4,4.4,5.7,0.117,-2.6,1.4,-1.1,0.5
66,Mike Dunleavy,SF,33,0.585,CHI,82,2584,12.6,0.549,0.419,0.212,2.1,13,7.6,12.3,1.3,1.4,11.3,17,2.4,4.1,6.5,0.121,-0.3,1.1,0.7,1.8
67,Jimmy Butler,SG,24,0.585,CHI,67,2591,13.5,0.522,0.346,0.488,3.9,10.5,7.2,11.1,2.6,1.1,10.8,16.8,2.4,4.6,7.1,0.131,0,2.4,2.4,2.9
68,Carlos Boozer,PF,32,0.585,CHI,76,2141,14.4,0.489,0.002,0.197,7.4,25.9,16.8,10.9,1.3,0.8,12.6,26.3,-0.9,4.3,3.4,0.076,-4,0.6,-3.4,-0.7
69,Tyler Zeller,C,24,0.402,CLE,70,1049,15.4,0.581,0.003,0.417,10.8,19.6,15.1,5.6,0.9,3,14.9,17.1,1.5,1.1,2.6,0.12,-1.9,0.2,-1.7,0.1
70,Dion Waiters,SG,22,0.402,CLE,70,2072,14,0.508,0.252,0.237,1.7,9,5.3,18.2,1.6,0.7,12.3,26.9,0.3,1.3,1.6,0.037,-0.2,-1.8,-2.1,0
71,Anderson Varejao,C,31,0.402,CLE,65,1800,17,0.527,0.015,0.294,11.4,28.2,19.6,12.2,2,1.8,12.2,14.6,2.7,2.7,5.4,0.144,-0.4,3,2.7,2.1
72,Tristan Thompson,PF,22,0.402,CLE,82,2594,14.9,0.528,0.001,0.445,11.4,21.5,16.3,4.5,0.8,1.1,10.6,17.5,3.4,2.3,5.7,0.106,-1.5,-0.5,-2,0
73,C.J. Miles,SG,26,0.402,CLE,51,984,16,0.569,0.516,0.183,2,9.9,5.9,9.1,2.4,1.3,9.1,22,1.5,0.9,2.5,0.122,2,-1.2,0.7,0.7
74,Sergey Karasev,SF,20,0.402,CLE,22,156,2.3,0.47,0.543,0.286,0,11.8,5.8,5.6,1,0.5,21.8,14.4,-0.2,0.1,-0.1,-0.041,-5.9,-1.6,-7.5,-0.2
75,Jarrett Jack,PG,30,0.402,CLE,80,2252,11.5,0.498,0.265,0.213,1.1,10.3,5.6,22.7,1.3,0.8,14.8,17.8,0.9,1.4,2.3,0.049,-1.4,-0.9,-2.3,-0.2
76,Kyrie Irving,PG,21,0.402,CLE,71,2496,20.1,0.533,0.278,0.273,2.3,9.5,5.8,31.6,2.2,0.8,12.1,28.2,4.6,2.1,6.7,0.128,4.1,-0.9,3.2,3.3
77,Scotty Hopson,SG,24,0.402,CLE,2,7,-6.5,0.102,0.5,0.5,0,0,0,18.8,7.4,0,0,31.1,-0.1,0,-0.1,-0.412,-12.9,-4.3,-17.2,0
78,Alonzo Gee,SF,26,0.402,CLE,65,1020,8.6,0.491,0.246,0.258,3.8,12.8,8.2,6.9,2,1.2,14.3,13.4,-0.1,1,0.9,0.041,-3.3,0.7,-2.6,-0.2
79,Carrick Felix,SG,23,0.402,CLE,7,38,13.3,0.603,0.357,0.286,2.9,15.1,8.9,18.2,0,0,20.2,23.2,0,0,0,0.057,-1.1,-3.5,-4.7,0
80,Shane Edwards,SF,26,0.402,CLE,2,12,-1,0.333,0,0,9.1,9.6,9.3,0,0,0,25,14.9,0,0,0,-0.141,-10.5,-4.7,-15.2,0
81,Matthew Dellavedova,SG,23,0.402,CLE,72,1271,10.7,0.534,0.524,0.162,2.5,8.5,5.4,22.1,1.3,0.3,15.9,13.2,1.4,0.7,2.1,0.078,-0.5,-1.7,-2.1,0
82,Anthony Bennett,SF,20,0.402,CLE,52,663,6.9,0.425,0.236,0.307,8.1,18.4,13.1,4,1.6,1,15.5,20.3,-1.1,0.7,-0.4,-0.028,-5.8,-1.5,-7.3,-0.9
83,Brandan Wright,C,26,0.598,DAL,58,1077,23.5,0.695,0,0.32,11,15.1,13.1,4.7,1.5,4.2,8.5,17.4,4.1,1,5.1,0.227,3.1,0.6,3.6,1.5
84,Dirk Nowitzki,PF,35,0.598,DAL,80,2628,23.6,0.603,0.258,0.295,1.8,20,10.9,14.2,1.4,1.4,7.5,26.9,8.6,2.3,10.9,0.199,4.1,-0.8,3.3,3.5
85,Gal Mekel,PG,25,0.598,DAL,31,292,5.4,0.4,0.233,0.14,2,8.6,5.3,30.1,0.7,0.3,25.4,19,-0.5,0.1,-0.4,-0.073,-5.7,-3.4,-9.2,-0.5
86,Shawn Marion,SF,35,0.598,DAL,76,2409,13.7,0.537,0.229,0.092,6.4,17.4,11.9,7.6,1.9,1.3,11.4,15.7,2.2,2.1,4.3,0.086,0,1.1,1.1,1.9
87,Ricky Ledo,SG,21,0.598,DAL,11,33,12.7,0.506,0.471,0.235,0,7,3.5,9.5,1.6,0,9.6,28.6,0,0,0,0.024,-1.6,-5.6,-7.2,0
88,Shane Larkin,PG,21,0.598,DAL,48,489,8.3,0.446,0.277,0.182,2.6,7.3,5,20.4,2.7,0.2,20.9,17.4,-0.4,0.3,-0.1,-0.01,-3.5,-1.2,-4.7,-0.3
89,Bernard James,C,28,0.598,DAL,30,146,8.5,0.503,0.043,0.478,12,21.2,16.6,2.8,1.1,4.5,26.4,11.8,0,0.2,0.1,0.04,-4.8,1.1,-3.7,-0.1
90,Devin Harris,PG,30,0.598,DAL,40,818,14.6,0.517,0.398,0.453,1.1,10.8,6,31,1.8,0.2,16.2,20.2,1.2,0.4,1.6,0.094,0.5,-2.1,-1.6,0.1
91,Monta Ellis,PG,28,0.598,DAL,82,3023,16.8,0.532,0.164,0.336,1.5,9.8,5.6,24.8,2.4,0.6,15.2,26,2.8,2.1,4.9,0.078,0.6,-0.6,0,1.5
92,Wayne Ellington,SG,26,0.598,DAL,45,393,12.2,0.554,0.468,0.087,2.4,10.2,6.3,7.1,2.1,0.4,7.8,16.4,0.4,0.2,0.7,0.084,0,-1.7,-1.7,0
93,Samuel Dalembert,C,32,0.598,DAL,80,1614,16.8,0.605,0.003,0.363,14.4,24.2,19.4,3.4,1.3,4.8,17.1,14.8,2.9,2.1,4.9,0.147,-0.9,1.5,0.6,1.1
94,Jae Crowder,SF,23,0.598,DAL,78,1254,11.9,0.551,0.51,0.206,4.3,13.5,8.9,6.7,2.4,1.4,11.3,13.2,1.2,1.1,2.3,0.089,0,0.6,0.6,0.8
95,Vince Carter,SG,37,0.598,DAL,81,1973,15.9,0.539,0.457,0.242,4,12.6,8.3,16.5,1.6,1.5,10.7,23.1,3,1.3,4.3,0.105,2.2,-1,1.1,1.6
96,Jose Calderon,PG,32,0.598,DAL,81,2468,15.2,0.596,0.568,0.084,1.4,7.6,4.5,22.4,1.4,0.4,11.7,16.2,5.4,0.8,6.3,0.122,3.3,-2,1.3,2.1
97,DeJuan Blair,PF,24,0.598,DAL,78,1214,17.3,0.557,0.005,0.308,13.3,21.6,17.5,8.9,2.5,1.4,14.7,19.6,1.8,1.5,3.4,0.133,-0.2,0.8,0.6,0.8
98,Nate Robinson,PG,29,0.439,DEN,44,866,15.6,0.544,0.402,0.222,2.6,7.5,5,21.3,2,0.3,12.1,23.5,1.3,0.5,1.8,0.101,1.9,-2.1,-0.2,0.4
99,Anthony Randolph,PF,24,0.439,DEN,43,527,12.2,0.499,0.347,0.392,4.1,21,12.5,9.1,2.4,2.7,15.9,19.8,-0.1,0.7,0.6,0.055,-3.1,1.3,-1.8,0
100,Timofey Mozgov,C,27,0.439,DEN,82,1770,16.7,0.584,0.044,0.477,10.4,21.9,16.1,5.5,0.7,4.2,15.6,18.8,2.6,1.9,4.5,0.123,-1.5,1,-0.5,0.7
101,Quincy Miller,PF,21,0.439,DEN,52,789,8.6,0.459,0.367,0.215,4.9,15.2,10.1,4.9,1.4,3,14.6,17.7,-0.7,0.7,0,0.002,-4.1,0.3,-3.8,-0.4
102,JaVale McGee,C,26,0.439,DEN,5,79,10.2,0.455,0,0.026,13.6,9.6,11.6,4.4,0.6,6.5,17.2,25,-0.1,0.1,-0.1,-0.039,-5.8,-0.1,-5.9,-0.1
103,Ty Lawson,PG,26,0.439,DEN,62,2222,19,0.554,0.251,0.504,1.9,8.5,5.2,38.2,2.2,0.3,16.9,22.7,4.8,1.5,6.3,0.136,2.9,-1.2,1.7,2.1
104,J.J. Hickson,PF,25,0.439,DEN,69,1859,16.2,0.521,0.012,0.443,11.9,24.8,18.3,8.4,1.2,2,14.1,20.8,1.3,2.1,3.3,0.086,-1.7,0.8,-0.8,0.6
105,Randy Foye,SG,30,0.439,DEN,81,2485,13.3,0.558,0.569,0.211,1.6,8.5,5,17.7,1.3,1.2,13.2,18.8,3.3,1.3,4.6,0.089,1.9,-1,0.9,1.8
106,Evan Fournier,SG,21,0.439,DEN,76,1503,10.3,0.533,0.436,0.226,2.4,12.1,7.3,11.6,1.1,0.3,14.3,19.7,0.6,0.8,1.4,0.043,-0.9,-1.6,-2.5,-0.2
107,Kenneth Faried,PF,24,0.439,DEN,80,2178,19.8,0.573,0.004,0.379,11.8,22.2,16.9,7.5,1.6,2.3,12.4,21.3,4,2.5,6.5,0.144,0.3,0.9,1.2,1.8
108,Wilson Chandler,SF,26,0.439,DEN,62,1927,12.4,0.526,0.476,0.206,3.2,13.3,8.2,9.3,1.2,1.2,8.9,19.5,1.8,1.2,3.1,0.076,0.7,-0.6,0.2,1.1
109,Darrell Arthur,SF,25,0.439,DEN,68,1161,9.4,0.459,0.156,0.151,4.8,14.7,9.8,8,1.6,3,11.7,18.1,-0.5,1.2,0.7,0.029,-3.8,1,-2.8,-0.2
110,Charlie Villanueva,PF,29,0.354,DET,20,180,12.7,0.469,0.609,0.152,3.5,17.9,10.3,5.5,1.1,2.2,6.7,25,0,0.1,0.1,0.034,-1.2,-4,-5.2,-0.1
111,Rodney Stuckey,SG,27,0.354,DET,73,1950,14,0.516,0.103,0.342,2.1,7.7,4.7,12.7,1.4,0.4,11.3,24.3,1.8,0.4,2.2,0.053,-1.2,-2.9,-4.1,-1
112,Josh Smith,SF,28,0.354,DET,77,2730,14.1,0.463,0.215,0.244,3.9,17.6,10.4,15,1.9,3.2,12.7,24.5,-1.4,2.5,1.1,0.02,-1.7,1.1,-0.6,0.9
113,Peyton Siva,SG,23,0.354,DET,24,224,5.7,0.425,0.439,0.263,0.9,6.2,3.4,21,2,0.4,22.1,15.6,-0.2,0.1,-0.2,-0.032,-4.4,-2.8,-7.3,-0.3
114,Kyle Singler,SF,25,0.354,DET,82,2337,11.8,0.574,0.409,0.306,5.2,9.2,7.1,4.7,1.3,1.3,10.4,14,3.6,0.7,4.4,0.09,0.7,-0.8,-0.1,1.1
115,Greg Monroe,PF,23,0.354,DET,82,2690,18.1,0.531,0.001,0.362,9.9,21.6,15.4,10.3,1.7,1.4,12.4,21.4,3.7,2.3,5.9,0.106,0,0.4,0.3,1.6
116,Tony Mitchell,PF,21,0.354,DET,21,79,18.1,0.54,0.083,1.583,19.7,16,18,3.4,3.8,3,16.4,13.2,0.1,0.1,0.2,0.151,-0.1,1.4,1.3,0.1
117,Jonas Jerebko,PF,26,0.354,DET,64,741,13.4,0.577,0.356,0.284,7.2,19.3,12.9,7.8,1.4,0.6,15.5,16,1,0.5,1.4,0.092,-0.7,-1.4,-2.1,0
118,Brandon Jennings,PG,24,0.354,DET,80,2728,15.6,0.486,0.403,0.283,2.2,7.8,4.9,34.4,1.9,0.2,14.4,23.4,3,0.9,3.9,0.068,2.1,-2.6,-0.5,1
119,Josh Harrellson,C,24,0.354,DET,32,317,13.4,0.547,0.378,0.085,9.8,16.7,13.1,6.9,1,3.8,10.5,12.8,0.5,0.2,0.7,0.108,-0.5,0.2,-0.2,0.1
120,Andre Drummond,C,20,0.354,DET,81,2619,22.6,0.599,0.003,0.427,17.5,27.7,22.3,2.2,2,4,10.7,16.7,6.4,3.5,9.9,0.182,1.1,0.5,1.6,2.4
121,Luigi Datome,SF,26,0.354,DET,34,238,8,0.409,0.402,0.103,6.1,15.5,10.6,7,1.3,0.3,9.8,20.2,-0.2,0.1,-0.1,-0.023,-3.8,-3.2,-7,-0.3
122,Kentavious Caldwell-Pope,SG,20,0.354,DET,80,1583,9.4,0.483,0.402,0.133,2.5,8.6,5.4,5,2.4,0.6,5.4,13.9,1,0.8,1.8,0.055,-1.2,-0.8,-2.1,0
123,Will Bynum,PG,31,0.354,DET,56,1054,14.4,0.502,0.144,0.281,2.4,8.2,5.1,32.5,1.9,0.5,17.6,23.8,0.6,0.4,1,0.047,-0.7,-2.8,-3.5,-0.4
124,Chauncey Billups,SG,37,0.354,DET,19,309,5.3,0.427,0.608,0.152,1.3,8.9,4.9,18.7,1.3,0.3,22.9,15.1,-0.3,0.1,-0.3,-0.042,-3.8,-2.4,-6.3,-0.3
125,Klay Thompson,SG,23,0.622,GSW,81,2868,14.3,0.555,0.425,0.147,1.5,7.9,4.7,10.2,1.3,1,9.2,22.6,3.5,3.2,6.7,0.112,1.3,-0.6,0.7,1.9
126,Marreese Speights,C,26,0.622,GSW,79,982,15.2,0.507,0.07,0.303,11.4,20.6,16.1,5.3,0.5,2.6,11.6,25.4,0.6,1.5,2.1,0.103,-3.9,-1.3,-5.2,-0.8
127,Jermaine O'Neal,PF,35,0.622,GSW,44,883,15.3,0.57,0,0.532,10.7,19.1,15,4.2,0.8,3.4,14.5,17.8,1.3,1.4,2.7,0.146,-2.5,1.2,-1.3,0.2
128,Nemanja Nedovic,SG,22,0.622,GSW,24,142,-1.7,0.306,0.462,0.205,2.3,9.1,5.8,12.1,0,0.5,23.4,17.2,-0.5,0.1,-0.4,-0.132,-8.9,-1.6,-10.6,-0.3
129,David Lee,PF,30,0.622,GSW,69,2288,19.1,0.566,0.001,0.302,8.8,21.6,15.3,10.9,1,0.9,12,24.3,4.1,3.5,7.6,0.16,-0.1,0.8,0.8,1.6
130,Ognjen Kuzmic,C,23,0.622,GSW,21,92,3.4,0.42,0,0.846,12.1,12.8,12.5,2.9,1.6,3.3,35.9,13.3,-0.2,0.1,0,-0.025,-7.5,2.3,-5.2,-0.1
131,Andre Iguodala,SF,30,0.622,GSW,63,2040,13.7,0.57,0.382,0.288,2.9,12.6,7.8,18.2,2.3,0.7,16.2,13.3,2.7,3.1,5.8,0.135,0.5,2.5,3,2.6
132,Draymond Green,SF,23,0.622,GSW,82,1797,12.7,0.498,0.359,0.268,5.3,19.3,12.4,11.9,2.8,3,15.1,14.8,0.7,3.8,4.5,0.119,-1.6,4.4,2.8,2.2
133,Stephen Curry,PG,25,0.622,GSW,78,2846,24.1,0.61,0.445,0.252,1.8,10.9,6.4,39.9,2.2,0.4,16.1,28.3,9.3,4,13.4,0.225,7.4,0,7.4,6.7
134,Andrew Bogut,C,29,0.622,GSW,67,1769,17,0.61,0,0.171,11.4,29.7,20.7,9.3,1.3,5.2,19.4,12.4,2.4,4,6.5,0.176,-1.2,5.6,4.4,2.8
135,Harrison Barnes,SF,21,0.622,GSW,78,2204,9.8,0.486,0.28,0.267,3.3,11.9,7.7,7.6,1.5,0.7,10,16.8,0.4,2.8,3.2,0.07,-2.3,0.9,-1.4,0.3
136,Hilton Armstrong,C,29,0.622,GSW,15,97,17,0.48,0,0.842,21.8,31,26.5,7.1,2.1,3.1,18.7,14.5,0.1,0.2,0.3,0.162,-2.5,3.1,0.6,0.1
137,Greg Smith,C,23,0.659,HOU,11,100,13.7,0.629,0,0.179,13,16.8,15,0,0.5,1.5,14.2,15.4,0.2,0.1,0.2,0.119,-2.8,-4.7,-7.5,-0.1
138,Josh Powell,F,31,0.659,HOU,1,19,2.5,0.333,0,0,0,27.7,14.6,0,0,3.9,14.3,16.1,-0.1,0,0,-0.094,-13.4,-3,-16.4,-0.1
139,Chandler Parsons,SF,25,0.659,HOU,74,2783,15.9,0.565,0.356,0.224,2.9,12.8,8.2,17.3,1.6,0.8,11.7,19.3,5.1,2.5,7.6,0.131,2.2,0.4,2.6,3.2
140,Donatas Motiejunas,PF,23,0.659,HOU,62,952,10.7,0.504,0.284,0.324,7.4,18.2,13.1,5.5,1,1.6,12.7,17.8,0.3,1,1.4,0.069,-2.7,-0.8,-3.5,-0.4
141,Jeremy Lin,PG,25,0.659,HOU,71,2054,14.3,0.572,0.346,0.4,2,7.8,5.1,22.3,1.6,1,18.4,20.4,2.8,1.6,4.4,0.103,0.6,-1,-0.4,0.8
142,Terrence Jones,PF,22,0.659,HOU,76,2078,19.1,0.577,0.142,0.274,9.2,18.5,14.1,7,1.3,3.5,8.2,18.3,4.6,2.7,7.3,0.169,0.9,1.3,2.2,2.2
143,Dwight Howard,C,28,0.659,HOU,71,2396,21.3,0.6,0.009,0.798,11.4,27.9,20.1,9.3,1.2,4,17.5,24,4,4.1,8,0.161,-0.3,2.2,1.9,2.4
144,James Harden,SG,24,0.659,HOU,73,2777,23.5,0.618,0.401,0.552,2.6,10.7,6.9,27.3,2.1,0.8,15,27.8,10.1,2.7,12.8,0.221,6.2,-0.5,5.7,5.4
145,Francisco Garcia,SF,32,0.659,HOU,55,1083,9.3,0.521,0.656,0.065,2.3,9.8,6.3,8.6,1.2,2.3,9,13.5,0.8,0.9,1.8,0.078,-0.3,0.1,-0.2,0.5
146,Troy Daniels,SG,22,0.659,HOU,5,75,16,0.677,0.806,0,0,5.6,3,11.4,0,0,8.8,19.9,0.2,0,0.2,0.15,4.3,-5.5,-1.2,0
147,Robert Covington,SF,23,0.659,HOU,7,34,15,0.571,0.786,0,6.9,9.3,8.2,0,2.9,0,6.7,19.3,0.1,0,0.1,0.122,1.3,-4.9,-3.6,0
148,Omri Casspi,PF,25,0.659,HOU,71,1283,12.9,0.528,0.429,0.298,5.1,16.8,11.3,10.5,1.7,0.8,13.4,18.3,1,1.4,2.4,0.091,-0.6,-0.2,-0.8,0.4
149,Isaiah Canaan,PG,22,0.659,HOU,22,252,9.5,0.506,0.632,0.333,3.3,7.1,5.3,13.2,1.6,1.2,17.4,21,0,0.2,0.2,0.031,-1.4,-2,-3.4,-0.1
150,Patrick Beverley,SG,25,0.659,HOU,56,1751,12.4,0.545,0.53,0.212,4.9,7.4,6.2,12.8,2.2,1,11.2,14.8,2.7,1.6,4.2,0.116,1.9,0.6,2.5,2
151,Omer Asik,C,27,0.659,HOU,48,968,14,0.57,0,0.663,12.3,30.1,21.7,3.8,0.7,2.8,19.4,13.8,1,1.5,2.4,0.121,-3.1,0.7,-2.4,-0.1
152,David West,PF,33,0.683,IND,80,2472,17.5,0.533,0.016,0.267,5.7,18.3,12.3,16.1,1.3,2.3,11.2,21.9,3.1,5,8.1,0.157,-0.6,2.7,2,2.5
153,C.J. Watson,PG,29,0.683,IND,63,1193,13,0.555,0.434,0.263,1.9,7.4,4.8,14.4,2.6,0.5,13.9,16.6,1.1,2.1,3.2,0.13,-0.3,0.8,0.5,0.7
154,Lance Stephenson,SG,23,0.683,IND,78,2752,14.7,0.564,0.28,0.226,4.1,18.1,11.4,22.1,1,0.2,18,19.4,2.6,4.8,7.4,0.13,0.7,1.7,2.3,3
155,Donald Sloan,SG,26,0.683,IND,48,392,8.5,0.437,0.359,0.171,1.2,11,6.3,20.1,1.3,0.2,14.9,17.2,-0.3,0.6,0.3,0.039,-4.1,-0.7,-4.8,-0.3
156,Luis Scola,PF,33,0.683,IND,82,1399,13.4,0.505,0.013,0.243,7.2,23.4,15.7,10.4,1,0.9,14.8,23.8,-0.4,2.8,2.5,0.084,-4.3,0.5,-3.8,-0.6
157,Ian Mahinmi,C,27,0.683,IND,77,1248,10.2,0.538,0.005,0.767,10.1,12.9,11.6,2.9,1.7,4.4,18.7,11.4,0.7,2.7,3.3,0.129,-3.3,3.6,0.3,0.7
158,Solomon Hill,SF,22,0.683,IND,28,226,7.6,0.545,0.575,0.175,4.7,15.2,10.2,7.9,1.1,0.7,23.2,11.3,0,0.4,0.4,0.08,-3.3,1,-2.3,0
159,George Hill,PG,27,0.683,IND,76,2434,13.4,0.563,0.422,0.286,2.6,10.1,6.5,17.2,1.6,0.7,11.7,14.8,3.8,4,7.8,0.154,1,1.4,2.4,2.7
160,Roy Hibbert,C,27,0.683,IND,81,2409,13.5,0.499,0.007,0.357,9.9,15,12.5,6.2,0.6,5.7,14.5,19.4,0.5,5,5.4,0.108,-3.4,3.3,-0.2,1.1
161,Paul George,SF,23,0.683,IND,80,2898,20.1,0.555,0.367,0.341,2.6,17.7,10.5,17.9,2.7,0.6,12.5,28.3,4.4,6.4,10.8,0.178,2.9,1.8,4.7,4.9
162,Chris Copeland,SF,29,0.683,IND,41,265,17.6,0.621,0.675,0.12,3.1,10.1,6.8,12.6,0.6,2,10.2,23.7,0.6,0.4,1,0.186,3.5,-2.1,1.4,0.2
163,Rasual Butler,SG,34,0.683,IND,50,378,12.2,0.585,0.564,0.127,1.9,9.9,6.1,7.4,1,1.8,8.7,15.4,0.5,0.6,1.1,0.138,-0.6,-0.3,-0.9,0.1
164,Maalik Wayns,PG,22,0.695,LAC,2,9,19.3,0.5,0,0,0,23.9,12.3,31.7,11.1,0,0,9.8,0,0,0.1,0.313,2,9.2,11.2,0
165,Sasha Vujacic,SG,29,0.695,LAC,2,10,1.5,0.5,0.4,0,0,32.2,16.7,0,5,0,37.5,35.3,-0.1,0,-0.1,-0.289,-16.7,-3.4,-20.1,0
166,Hedo Turkoglu,SF,34,0.695,LAC,38,392,11.3,0.492,0.459,0.165,3.2,21.4,12.6,11.9,2.4,2,12,15,0.1,0.7,0.8,0.095,-1.9,2.1,0.2,0.2
167,J.J. Redick,SG,29,0.695,LAC,35,987,16.6,0.598,0.465,0.266,1,7.1,4.2,12.6,1.4,0.2,8.6,21.8,2.3,0.7,3,0.147,2.9,-2.1,0.8,0.7
168,Chris Paul,PG,28,0.695,LAC,62,2171,25.9,0.58,0.244,0.397,2,11.4,6.9,48.9,3.5,0.1,12.4,23.7,9,3.2,12.2,0.27,6.8,0.6,7.4,5.2
169,DeAndre Jordan,C,25,0.695,LAC,82,2870,18.2,0.63,0,0.726,13.3,29.3,21.6,3.7,1.4,5.4,15.3,12.4,5.3,5.8,11.1,0.186,-0.1,4.2,4.1,4.4
170,Antawn Jamison,PF,37,0.695,LAC,22,248,7.8,0.408,0.446,0.272,4.2,19.9,12.3,4.1,1.8,0.9,6.4,19.6,-0.3,0.4,0.1,0.019,-4.6,-1.4,-6,-0.2
171,Stephen Jackson,SF,35,0.695,LAC,9,107,0.1,0.27,0.538,0.154,2.2,8,5.2,6.2,2.8,0.7,17.8,13.9,-0.3,0.1,-0.2,-0.099,-6.8,0.9,-5.9,-0.1
172,Ryan Hollins,PF,29,0.695,LAC,61,482,11.9,0.73,0,0.778,7.4,13.1,10.4,2.4,0.9,4.9,23.1,11.5,0.7,0.6,1.3,0.126,-2,1.7,-0.3,0.2
173,Blake Griffin,PF,24,0.695,LAC,80,2863,23.9,0.583,0.032,0.496,7.7,21.2,14.7,19.2,1.6,1.4,11.9,29,8.1,4.1,12.2,0.205,3,1.6,4.6,4.8
174,Willie Green,SG,32,0.695,LAC,55,869,7.1,0.477,0.446,0.125,1.6,8.2,5,8.3,1.3,1,10.6,16.3,-0.2,0.7,0.5,0.028,-2.6,-0.8,-3.4,-0.3
175,Jared Dudley,SF,28,0.695,LAC,74,1729,8.9,0.541,0.503,0.13,2.4,7.7,5.1,8.6,1.2,0.4,10.6,13.5,1.2,1.2,2.4,0.068,-0.3,-0.4,-0.8,0.5
176,Jamal Crawford,SG,33,0.695,LAC,69,2094,17.3,0.556,0.441,0.318,1.9,6.4,4.2,17.4,1.4,0.4,10.5,27.2,3.8,1.5,5.3,0.122,2.7,-2.6,0.2,1.2
177,Darren Collison,PG,26,0.695,LAC,80,2069,16.2,0.575,0.272,0.323,2.6,7.3,5,21.9,2.2,0.6,14.3,19.7,3.8,2,5.9,0.136,1.4,-0.4,1,1.6
178,Reggie Bullock,SF,22,0.695,LAC,43,395,6.7,0.46,0.603,0.074,3.2,11.7,7.6,4.3,1.1,0.2,9.4,15.4,-0.2,0.3,0.2,0.019,-2.9,-1.8,-4.7,-0.3
179,Matt Barnes,SF,33,0.695,LAC,63,1735,12,0.552,0.537,0.171,4,14.4,9.3,10.6,1.6,1.2,13,16.6,1.5,2,3.5,0.097,0.7,0.8,1.5,1.5
180,Nick Young,SG,28,0.329,LAL,64,1810,16,0.564,0.394,0.321,1.7,8.1,4.9,9,1.2,0.5,8.6,26.8,2.3,0.3,2.5,0.067,1.7,-3.6,-1.9,0
181,Shawne Williams,PF,27,0.329,LAL,36,751,9.5,0.503,0.672,0.104,3.6,20.2,11.9,5.7,1.2,2.9,9.5,12.9,0.1,0.6,0.7,0.045,-1.9,0.7,-1.2,0.2
182,Robert Sacre,C,24,0.329,LAL,65,1089,12.1,0.513,0,0.313,8,16.9,12.5,7,1.1,3.1,11.4,15.5,0.7,0.7,1.4,0.061,-3.1,0.7,-2.3,-0.1
183,Steve Nash,PG,39,0.329,LAL,15,313,12.2,0.488,0.255,0.255,1.4,8.5,4.9,40.3,1.1,0.5,22.9,18.9,0.1,0,0.1,0.017,-2.5,-3.7,-6.2,-0.3
184,Jodie Meeks,SG,26,0.329,LAL,77,2556,14.7,0.601,0.453,0.289,1.3,6.9,4.1,8.5,2.1,0.1,9.9,19.1,3.8,0.7,4.5,0.084,2.2,-1.4,0.7,1.8
185,Kendall Marshall,PG,22,0.329,LAL,54,1564,12.6,0.494,0.425,0.086,1,9.6,5.3,44.3,1.5,0.2,25.6,16.3,0.6,0.3,0.9,0.029,-1.3,-3.2,-4.5,-1
186,Ryan Kelly,PF,22,0.329,LAL,59,1312,12.6,0.548,0.383,0.364,3.4,14.4,8.9,10.7,1.2,2.5,9.8,15.9,1.5,0.7,2.2,0.081,-0.5,0.3,-0.2,0.6
187,Chris Kaman,C,31,0.329,LAL,39,736,17,0.537,0.009,0.197,7.8,25.4,16.6,14.1,0.7,3.9,16.4,26.7,-0.2,0.7,0.5,0.036,-3.1,0.7,-2.4,-0.1
188,Wesley Johnson,SF,26,0.329,LAL,79,2240,11,0.522,0.416,0.118,3.3,13.3,8.3,8.2,1.9,2.5,11.6,15.1,0.4,1.5,1.9,0.041,-1.1,1.3,0.2,1.2
189,Jordan Hill,PF,26,0.329,LAL,72,1500,19.3,0.579,0.002,0.347,13.8,24.3,19,5.9,0.9,3.1,11.1,19.7,3.1,1.3,4.4,0.141,-0.5,-0.2,-0.7,0.5
190,Xavier Henry,SF,22,0.329,LAL,43,908,12.3,0.511,0.235,0.513,2.9,10.5,6.7,8.8,2.4,0.6,11.9,23.1,-0.1,0.5,0.3,0.017,-2.2,-1.4,-3.6,-0.4
191,Manny Harris,SG,24,0.329,LAL,9,180,10.9,0.485,0.286,0.171,4.1,16,10.1,9.5,1.1,0.4,10.7,20.4,-0.1,0.1,0,0.002,-2.9,-2,-4.9,-0.1
192,Elias Harris,SF,24,0.329,LAL,2,11,7.6,0,0,0,9.7,0,4.9,11.4,4.4,0,0,4,0,0,0,0.018,-3.7,2.7,-0.9,0
193,Pau Gasol,C,33,0.329,LAL,60,1884,19.3,0.522,0.016,0.287,7,25.9,16.4,18.7,0.7,3.5,12.4,26.4,1.3,1.7,3,0.076,-1,1.6,0.6,1.3
194,Jordan Farmar,PG,27,0.329,LAL,41,912,15,0.533,0.44,0.162,2.3,9.8,6.1,34.6,2,0.6,19.6,23.2,0.4,0.4,0.7,0.039,0.9,-2,-1.1,0.2
195,Kobe Bryant,SG,35,0.329,LAL,6,177,10.7,0.505,0.219,0.288,1.2,14.5,7.8,34.6,1.9,0.4,29.2,28.7,-0.5,0.1,-0.4,-0.097,-4.7,-1.3,-5.9,-0.2
196,Zach Randolph,PF,32,0.61,MEM,79,2705,18.3,0.51,0.017,0.281,11.6,23.3,17.4,12.7,1.1,0.7,12,26.1,2.9,3.5,6.4,0.113,0.1,0.4,0.4,1.7
197,Tayshaun Prince,SF,33,0.61,MEM,76,1948,8.2,0.438,0.14,0.122,1.9,12.3,7.1,8.9,1.1,0.8,7.3,13.3,-0.2,1.8,1.5,0.038,-3.1,0.6,-2.6,-0.3
198,Quincy Pondexter,SG,25,0.61,MEM,15,270,10.3,0.52,0.43,0.329,4.4,7,5.7,11,1,0.3,14.2,18,0.2,0.2,0.4,0.063,-0.7,-1.9,-2.6,0
199,Mike Miller,SF,33,0.61,MEM,82,1707,12.5,0.619,0.526,0.126,2.1,12.3,7.2,11.5,0.8,0.2,14.1,14.7,2.6,1.4,3.9,0.111,1,-1,0.1,0.9
200,Jon Leuer,PF,24,0.61,MEM,49,642,17.6,0.566,0.199,0.191,6.8,22.4,14.6,5.2,1.5,1.7,9.2,21.1,1.1,0.9,2,0.149,-0.6,-0.9,-1.6,0.1
201,Kosta Koufos,C,24,0.61,MEM,80,1349,16.5,0.514,0,0.203,14,22.7,18.4,4.7,1.3,4.4,11.8,19.4,1.3,2.2,3.5,0.124,-2.1,1.2,-0.9,0.4
202,James Johnson,SF,26,0.61,MEM,52,956,18.5,0.552,0.282,0.292,7.4,13.2,10.3,18.2,2.3,5,16,20,1.4,1.6,3,0.15,1.3,3.2,4.5,1.6
203,Marc Gasol,C,29,0.61,MEM,59,1970,18.2,0.526,0.015,0.339,5,20.5,12.7,17.7,1.6,3.2,12,21.7,2.6,3.1,5.6,0.137,0,2.9,2.9,2.4
204,Jamaal Franklin,SG,22,0.61,MEM,21,161,4.7,0.489,0.282,0.051,2.9,14,8.5,5.4,1.3,1,21.6,14.6,-0.2,0.2,0,-0.002,-5.1,-0.2,-5.4,-0.1
205,Ed Davis,PF,24,0.61,MEM,63,956,15.9,0.542,0,0.307,11.4,20.9,16.1,4.5,0.9,3.7,10.8,17.8,1.2,1.4,2.6,0.129,-1.9,0.5,-1.3,0.2
206,Mike Conley,PG,26,0.61,MEM,73,2446,20,0.545,0.283,0.268,2,8.4,5.2,30.1,2.4,0.4,11.5,24.6,5.5,2.7,8.2,0.161,4.1,-0.7,3.4,3.3
207,Nick Calathes,SG,24,0.61,MEM,71,1173,12.3,0.506,0.196,0.232,2.3,11.5,6.9,26.5,3,0.6,22.8,17.5,-0.1,1.6,1.5,0.062,-1.9,0.8,-1.1,0.3
208,Tony Allen,SG,32,0.61,MEM,55,1278,15.6,0.531,0.114,0.293,7.3,12,9.6,11.7,3.8,1.2,16.2,20.1,0.5,2.1,2.7,0.1,-0.1,2.4,2.3,1.4
209,Dwyane Wade,SG,32,0.659,MIA,54,1775,22,0.588,0.042,0.339,4.4,12.3,8.5,25.5,2.3,1.4,15.5,27.9,3.5,2,5.5,0.149,1.9,0.3,2.3,1.9
213,Rashard Lewis,SF,34,0.659,MIA,60,971,10.7,0.535,0.568,0.14,3.2,10.7,7.1,8.5,2.9,0.7,12.3,14.1,0.5,1.1,1.7,0.083,-0.2,0.2,0.1,0.5
215,LeBron James,PF,29,0.659,MIA,77,2902,29.3,0.649,0.226,0.432,3.6,18.9,11.5,32,2.2,0.8,14.4,31,12.3,3.7,15.9,0.264,8,0.9,8.9,8
217,Norris Cole,PG,25,0.659,MIA,82,2014,8.8,0.497,0.348,0.136,1.1,8.6,5,17.9,2,0.2,19.3,15.6,-0.5,1.7,1.2,0.029,-2.2,-0.8,-3,-0.5
218,Mario Chalmers,PG,27,0.659,MIA,73,2178,14,0.567,0.404,0.291,2.5,9.6,6.2,24.3,2.9,0.6,20.4,17.4,2.4,2.5,4.8,0.106,1,0.2,1.2,1.7
219,Chris Bosh,C,29,0.659,MIA,79,2531,19,0.597,0.229,0.285,5.1,20.3,13,5.8,1.7,2.7,10.4,22.6,4.6,3.4,8,0.152,0.5,0,0.5,1.6
221,Shane Battier,SF,35,0.659,MIA,73,1468,8.7,0.523,0.764,0.084,3,8.6,5.9,6,1.8,2.3,6.9,10,1,1.4,2.4,0.078,0.1,0.7,0.8,1.1
222,Chris Andersen,C,35,0.659,MIA,72,1396,18.5,0.683,0.044,0.615,12.1,21.7,17.1,2.1,1.2,6.1,13.2,13.8,3.8,2.2,6,0.205,0.1,1.5,1.6,1.3
223,Ray Allen,SG,38,0.659,MIA,73,1936,12.8,0.59,0.569,0.214,1.6,11.4,6.7,11.1,1.5,0.4,12.4,16.8,2.5,1.5,4.1,0.101,1.3,-1.2,0.1,1
224,Chris Wright,SF,25,0.183,MIL,8,126,16.5,0.577,0.029,0.429,8.8,9.4,9.1,6.9,2.9,3.2,10.7,16.7,0.2,0.1,0.3,0.102,-0.4,0.2,-0.2,0.1
225,Nate Wolters,PG,22,0.183,MIL,58,1309,12.7,0.486,0.159,0.231,2.8,10.5,6.5,23.3,1.4,0.9,11.7,16.8,0.9,0.2,1.2,0.043,-1.4,-2.1,-3.4,-0.5
226,Ekpe Udoh,PF,26,0.183,MIL,42,804,7.6,0.44,0,0.329,8.4,12.8,10.5,5.7,1,4.4,18.8,11.4,-0.4,0.4,0,0,-4.7,1.2,-3.5,-0.3
227,D.J. Stephens,SG,23,0.183,MIL,3,15,16.1,0.47,0,0.143,7.4,31.6,19.1,0,0,0,0,22.4,0,0,0,0.067,-7.6,-10.1,-17.7,-0.1
228,Larry Sanders,C,25,0.183,MIL,23,584,14,0.478,0.006,0.34,11.4,21.3,16.2,5.3,1.6,5.6,12.3,16.4,0.1,0.6,0.7,0.057,-3.3,1.6,-1.8,0
229,Miroslav Raduljica,C,26,0.183,MIL,48,465,15.3,0.603,0,0.437,12.9,13.7,13.3,8.3,0.8,2.3,15.7,17.3,1,0.1,1.1,0.112,-0.6,-1.8,-2.3,0
230,Zaza Pachulia,C,29,0.183,MIL,53,1325,14,0.502,0.003,0.372,11.8,17.1,14.4,16.3,1.8,0.9,18.5,17,1,0.7,1.7,0.06,-1,0.3,-0.7,0.4
231,Tony Mitchell,SF,24,0.183,MIL,3,10,30.9,0.6,0.2,0,11.1,0,5.7,22.6,5.2,0,0,22.6,0,0,0.1,0.242,8.6,-2.1,6.5,0
232,Khris Middleton,SF,22,0.183,MIL,82,2460,12.5,0.541,0.34,0.16,2.7,12,7.2,11.7,1.8,0.7,11.9,19.1,1.9,0.8,2.7,0.053,0.1,-1.6,-1.5,0.3
233,O.J. Mayo,SG,26,0.183,MIL,52,1346,11.2,0.516,0.413,0.16,2,8.8,5.3,14.6,1.1,0.8,13.9,23,0,0,0.1,0.002,-0.7,-3.5,-4.2,-0.7
234,Brandon Knight,PG,22,0.183,MIL,72,2400,16.5,0.523,0.31,0.296,2.1,10.3,6.1,26.6,1.5,0.6,13.2,26.8,2.4,0.4,2.8,0.055,2,-2.9,-0.9,0.7
235,Ersan Ilyasova,PF,26,0.183,MIL,55,1478,13.8,0.486,0.226,0.225,8,18.8,13.3,8.4,1.6,0.4,8.7,21.3,0.9,0.8,1.6,0.053,-1.1,-2.1,-3.2,-0.5
236,John Henson,PF,23,0.183,MIL,70,1856,17.9,0.543,0.002,0.277,10.2,20.8,15.3,10.9,1.2,5.1,13.7,20.3,1.7,1.5,3.3,0.084,-1,1.4,0.3,1.1
237,Giannis Antetokounmpo,SF,19,0.183,MIL,77,1897,10.8,0.518,0.282,0.483,4.6,16.3,10.2,12.1,1.7,2.6,19.4,15,0.1,1.1,1.2,0.031,-2.5,0.7,-1.8,0.1
238,Ronny Turiaf,C,31,0.488,MIN,31,606,13.9,0.578,0,0.467,9.6,22,15.6,5.7,0.7,6.3,15.7,10.7,0.6,0.9,1.5,0.122,-2.3,4,1.7,0.6
239,Alexey Shved,SG,25,0.488,MIN,63,664,10.2,0.452,0.43,0.38,3.4,10.1,6.6,14.9,1.9,1.8,14.8,20.8,-0.4,0.7,0.2,0.017,-2.7,-0.4,-3.1,-0.2
240,Ricky Rubio,PG,23,0.488,MIN,82,2638,15.4,0.491,0.199,0.422,2.5,11.9,7.1,37.8,3.6,0.3,21.8,16.4,2.2,3.6,5.9,0.107,0,1.5,1.5,2.3
241,A.J. Price,SG,27,0.488,MIN,28,99,9.7,0.469,0.478,0.043,1.1,10.2,5.5,21.5,0.5,0,13,23.2,-0.1,0,0,-0.012,-2.1,-3.9,-6,-0.1
242,Nikola Pekovic,C,28,0.488,MIN,54,1663,20.7,0.582,0,0.355,13.1,17.6,15.3,5.2,0.9,1.1,9.4,22.9,4.3,1.5,5.9,0.169,1.4,-1.2,0.2,0.9
243,Shabazz Muhammad,SG,21,0.488,MIN,37,290,13.1,0.505,0.089,0.323,8.8,11.2,10,3.4,1.4,0.3,10.2,23.1,0.1,0.2,0.3,0.053,-3.1,-3.1,-6.2,-0.3
244,Kevin Martin,SG,30,0.488,MIN,68,2177,16.3,0.553,0.29,0.332,1.7,8.7,5.1,9.2,1.5,0.2,8.3,25,3.8,1.5,5.3,0.117,1.4,-2,-0.6,0.8
245,Kevin Love,PF,25,0.488,MIN,77,2797,26.9,0.591,0.355,0.445,8.5,29.5,18.7,21.4,1,1,10.3,28.8,10.6,3.7,14.3,0.245,7.2,1.2,8.4,7.3
246,Robbie Hummel,SF,24,0.488,MIN,53,655,9.6,0.492,0.503,0.09,5.7,16.6,11,5,1.2,0.2,5.2,12.6,0.6,0.6,1.1,0.084,-1.4,-0.7,-2.1,0
247,Gorgui Dieng,C,24,0.488,MIN,60,818,16.5,0.534,0.004,0.41,13.4,26.9,20,7.2,1.8,4.6,16.8,16.8,0.7,1.5,2.2,0.129,-2.4,3.1,0.7,0.5
248,Dante Cunningham,PF,26,0.488,MIN,81,1635,12.6,0.474,0.01,0.132,7.3,14.9,11,7.7,1.9,2.7,7.2,15.1,0.9,2,2.9,0.085,-2.2,2.1,-0.1,0.8
249,Chase Budinger,SF,25,0.488,MIN,41,751,9.7,0.505,0.472,0.154,2.7,12.5,7.5,6.2,1.2,0.2,8.1,16.7,0.3,0.6,0.9,0.059,-1.3,-1.3,-2.6,-0.1
250,Corey Brewer,SF,27,0.488,MIN,81,2609,12.7,0.55,0.261,0.281,2.6,6.2,4.3,7.9,2.9,0.9,10.4,16.5,2.4,2.7,5.2,0.095,0.4,1.3,1.7,2.4
251,Jose Barea,PG,29,0.488,MIN,79,1471,11.6,0.471,0.352,0.152,1.2,10.5,5.7,32.7,0.9,0,15.2,23.9,-0.1,0.9,0.7,0.024,-0.9,-2.7,-3.6,-0.6
252,Jeff Withey,C,23,0.415,NOP,58,684,15.2,0.59,0.008,0.566,8.2,17.4,12.7,5.6,1.1,6.1,11,12,1.2,0.6,1.8,0.128,-1.4,1.7,0.3,0.4
253,Lance Thomas,SF,25,0.415,NOP,5,42,0.5,0.279,0,0.444,5.4,14,9.7,9.7,0,0,15.7,13.8,-0.1,0,-0.1,-0.117,-8,-2.7,-10.7,-0.1
254,Greg Stiemsma,C,28,0.415,NOP,55,1007,9.7,0.584,0.008,0.262,8.2,18,13,5,1.8,4.7,24.4,8.1,0.5,1,1.5,0.072,-2.3,2.9,0.6,0.7
255,Jason Smith,PF,27,0.415,NOP,31,830,12.4,0.495,0,0.177,7,18.5,12.7,5.6,0.7,2.9,8.4,18.2,0.5,0.4,0.9,0.054,-2.6,-0.9,-3.5,-0.3
256,Brian Roberts,PG,28,0.415,NOP,72,1667,13.4,0.529,0.306,0.229,1.2,8.4,4.7,22.1,1.3,0.4,12.9,20,2,0.2,2.2,0.063,0.3,-3.2,-2.9,-0.4
257,Austin Rivers,SG,21,0.415,NOP,69,1339,11.6,0.482,0.209,0.365,2.2,9.1,5.6,18.7,1.8,0.6,12.3,21.3,0.2,0.4,0.6,0.023,-1.5,-2.5,-3.9,-0.7
258,Anthony Morrow,SG,28,0.415,NOP,76,1426,13.9,0.57,0.375,0.167,2.3,9.2,5.7,6.7,1.4,0.7,8.4,19.4,2.1,0.3,2.4,0.081,0.8,-3.1,-2.4,-0.1
259,Darius Miller,SF,23,0.415,NOP,45,723,9,0.55,0.464,0.217,1.4,7,4.2,8.7,1.7,1,10.8,12.8,0.6,0.2,0.8,0.055,-0.7,-1.7,-2.3,-0.1
260,Jrue Holiday,PG,23,0.415,NOP,34,1143,17.1,0.505,0.17,0.139,2.8,11.8,7.2,38.9,2.6,0.9,17.9,23.3,0.8,0.7,1.5,0.064,1.5,-0.8,0.7,0.8
261,Eric Gordon,SG,25,0.415,NOP,64,2057,14.9,0.54,0.316,0.273,1.7,7.7,4.7,16.6,1.9,0.5,12.8,23.2,2,0.5,2.5,0.058,1.2,-2.5,-1.2,0.4
262,Tyreke Evans,SF,24,0.415,NOP,72,2028,18.4,0.504,0.106,0.346,4.3,15.4,9.8,30.4,2.2,0.9,14.5,27.1,1.8,1.3,3.1,0.073,1.2,-0.4,0.8,1.4
263,Melvin Ely,C,35,0.415,NOP,2,27,3.9,0.5,0,0,0,4.4,2.2,0,0,3.1,0,10.1,0,0,0,0.011,-4.9,-2.8,-7.6,0
264,Anthony Davis,C,20,0.415,NOP,67,2358,26.5,0.582,0.009,0.438,10,23.3,16.6,8,2,6.7,8.3,25.2,7.2,3.2,10.4,0.212,2.3,2.2,4.5,3.9
265,Josh Childress,SF,30,0.415,NOP,4,24,3.9,,,,0,14.7,7.3,10.7,2.2,0,100,1.9,0,0,0,-0.003,-6.2,2,-4.3,0
266,Luke Babbitt,PF,24,0.415,NOP,27,473,12.1,0.525,0.617,0.117,4.4,17.5,10.8,9.4,0.8,1.9,8.5,17,0.5,0.2,0.7,0.074,0.5,-1.9,-1.4,0.1
267,Ryan Anderson,PF,25,0.415,NOP,22,795,18.8,0.572,0.463,0.175,9.5,11.3,10.4,3.6,0.7,0.7,5,22.9,2.2,0.1,2.3,0.138,4.3,-4.5,-0.1,0.4
268,Al-Farouq Aminu,SF,23,0.415,NOP,80,2045,13.2,0.516,0.097,0.277,7.2,21.2,14.1,8.4,2.1,1.6,13.7,14.3,1.3,1.8,3.1,0.072,-1.4,1,-0.3,0.9
269,Alexis Ajinca,C,25,0.415,NOP,56,951,14.6,0.589,0.004,0.269,11.3,22.7,16.9,6.6,1.3,4.1,18.4,16.3,1.2,0.9,2.1,0.104,-1.5,0.8,-0.7,0.3
270,Metta World Peace,SF,34,0.451,NYK,29,388,11.7,0.469,0.383,0.113,5.3,12.8,8.9,7.1,3.3,1.8,11.4,20,-0.2,0.4,0.3,0.032,-1.9,-0.1,-2.1,0
271,Jeremy Tyler,C,22,0.451,NYK,41,398,13,0.532,0,0.414,10.9,21.6,16.1,3.3,0.8,4.5,15.9,19.1,0.1,0.4,0.5,0.064,-4.3,-0.8,-5.1,-0.3
272,Amar'e Stoudemire,C,31,0.451,NYK,65,1466,18.8,0.596,0,0.364,8.7,17.2,12.8,4.2,0.8,2.2,12.3,23.4,2.9,0.9,3.8,0.124,-0.8,-2.3,-3.1,-0.4
273,J.R. Smith,SF,28,0.451,NYK,74,2421,14,0.527,0.503,0.145,1.7,13.1,7.2,15.1,1.4,0.7,9.6,21.6,2.5,1.2,3.7,0.073,1.8,-1.6,0.1,1.3
274,Chris Smith,PG,26,0.451,NYK,2,2,0,,,,0,0,0,0,0,0,,0,0,0,0,-0.02,-5.8,-0.5,-6.2,0
275,Iman Shumpert,SG,23,0.451,NYK,74,1962,9.6,0.48,0.471,0.147,4.7,14,9.2,9.8,2.5,0.6,13.3,14.1,0.4,1.6,2,0.048,-0.8,0.7,-0.1,0.9
276,Pablo Prigioni,PG,36,0.451,NYK,66,1283,13,0.642,0.733,0.063,3.2,8.8,5.9,25.6,2.8,0.1,23.4,9.3,2.5,0.9,3.4,0.127,1.5,-0.9,0.6,0.8
277,Toure' Murry,PG,24,0.451,NYK,51,373,11.1,0.479,0.093,0.302,4,10.1,6.9,21.5,2.7,0.2,18.9,22.5,-0.3,0.3,0,0.002,-3.4,-1.6,-4.9,-0.3
278,Kenyon Martin,PF,36,0.451,NYK,32,633,12.2,0.521,0.008,0.154,6.5,18.7,12.5,11.9,2.1,3.8,16.5,11.6,0.5,0.7,1.2,0.09,-2,3.1,1.1,0.5
279,Tim Hardaway,SG,21,0.451,NYK,81,1875,12.7,0.554,0.521,0.186,1.2,6.6,3.8,5.8,1.2,0.3,5.9,19.6,2.7,0.4,3.1,0.08,1.3,-3.5,-2.3,-0.1
280,Raymond Felton,PG,29,0.451,NYK,65,2017,12.9,0.476,0.321,0.201,3.1,8.6,5.7,28.1,2.1,1.2,16.3,18.2,1.1,1.1,2.2,0.053,-0.1,-0.8,-0.9,0.5
281,Tyson Chandler,C,31,0.451,NYK,55,1662,16.4,0.615,0.003,0.481,10.9,27,18.7,5.5,1.2,3.4,15.4,12.9,3.1,1.9,4.9,0.143,-0.6,1.8,1.3,1.4
282,Andrea Bargnani,C,28,0.451,NYK,42,1257,14.5,0.51,0.215,0.203,6.3,14.7,10.4,6.1,0.6,3.7,9.6,22.4,0.8,0.7,1.5,0.058,-1.4,-1,-2.4,-0.1
283,Carmelo Anthony,PF,29,0.451,NYK,77,2982,24.4,0.561,0.253,0.329,5.6,19.4,12.3,15.8,1.7,1.5,9.5,32.4,8.1,2.5,10.7,0.172,4.6,-1,3.6,4.2
284,Cole Aldrich,C,25,0.451,NYK,46,330,19.1,0.62,0,0.492,12.8,33.8,23,6.4,1.3,8.1,19.5,13,0.6,0.6,1.2,0.178,-2.6,3.8,1.2,0.3
285,Reggie Williams,SF,27,0.72,OKC,3,17,16.4,0.611,0.333,0,0,0,0,11.5,3,0,18.2,28.7,0,0,0,0.034,-2,-6.2,-8.2,0
286,Russell Westbrook,PG,25,0.72,OKC,46,1412,24.7,0.545,0.271,0.37,4.6,15.9,10.5,40.2,3.1,0.4,16.1,34.4,3,2.3,5.2,0.178,5.2,1.2,6.4,3
287,Hasheem Thabeet,C,26,0.72,OKC,23,192,2.6,0.536,0,0.217,5.6,17.4,11.7,0.7,1,3.8,35.7,9,-0.2,0.3,0,0.012,-6.8,1,-5.8,-0.2
288,Mustafa Shakur,PG,29,0.72,OKC,3,11,-8.8,0.129,0.333,0.667,0,0,0,45.1,0,0,34,23.7,-0.1,0,-0.1,-0.347,-17.4,-12.5,-29.9,-0.1
289,Thabo Sefolosha,SG,29,0.72,OKC,61,1584,10.4,0.517,0.447,0.203,3.7,11.5,7.8,8.3,2.5,0.9,12.9,11.9,0.9,2.1,3,0.092,-0.7,1.5,0.8,1.1
290,Andre Roberson,PF,22,0.72,OKC,40,399,9,0.518,0.191,0.147,10.7,15.6,13.3,5.2,2.4,2,20.8,10.1,0.2,0.6,0.8,0.099,-2.2,1.9,-0.3,0.2
291,Kendrick Perkins,C,29,0.72,OKC,62,1207,6.3,0.474,0.005,0.347,8,19.9,14.2,7.6,1.1,2.2,28.8,11.5,-0.9,1.7,0.8,0.031,-4.7,2.1,-2.7,-0.2
292,Jeremy Lamb,SG,21,0.72,OKC,78,1538,13.4,0.522,0.406,0.105,2.1,11.3,6.9,11.8,1.8,1.4,8.7,20.1,1.4,1.8,3.3,0.102,-0.3,-0.9,-1.2,0.3
293,Perry Jones,PF,22,0.72,OKC,62,764,10.1,0.541,0.337,0.232,4.3,12.1,8.4,4.9,0.9,2,9.5,12.8,0.7,0.8,1.5,0.094,-2,-0.5,-2.5,-0.1
294,Reggie Jackson,PG,23,0.72,OKC,80,2277,15.4,0.527,0.267,0.193,2.2,12.8,7.8,23.1,1.9,0.3,14.5,22.6,2.3,2.6,4.9,0.104,0.1,-0.5,-0.4,0.9
295,Royal Ivey,SG,32,0.72,OKC,2,5,-16.5,0,0.5,0,0,21.5,11.3,0,0,0,0,17.7,0,0,0,-0.362,-18.1,-6.6,-24.7,0
296,Serge Ibaka,PF,24,0.72,OKC,81,2666,19.6,0.576,0.061,0.203,10,19.6,15,5.2,0.7,6.7,10.3,19.8,5.2,4.4,9.6,0.173,-0.4,2.3,1.9,2.6
297,Ryan Gomes,SF,31,0.72,OKC,5,34,0.2,0.375,0.25,0,0,12.7,6.6,4.1,0,0,11.1,11.7,-0.1,0,0,-0.039,-7.2,-2.4,-9.6,-0.1
298,Derek Fisher,SG,39,0.72,OKC,81,1428,10.1,0.542,0.634,0.197,1,8.3,4.8,11.6,2.5,0.2,11.1,13.7,1.4,1.7,3.1,0.103,0,-0.5,-0.5,0.5
299,Kevin Durant,SF,25,0.72,OKC,81,3122,29.8,0.635,0.291,0.477,2.2,18.6,10.8,26.7,1.7,1.5,12.2,33,14.8,4.4,19.2,0.295,8.4,0.4,8.8,8.5
300,Nick Collison,PF,33,0.72,OKC,81,1353,11.8,0.599,0.071,0.386,10.2,14.1,12.2,10.9,1.1,1.7,20.1,11.6,2,1.6,3.6,0.128,-0.5,1.1,0.6,0.9
301,Steven Adams,C,20,0.72,OKC,81,1197,11.2,0.541,0,0.735,14.1,17.1,15.6,4.9,1.7,3.9,22.5,11.7,0.9,1.9,2.9,0.114,-2.1,2.4,0.3,0.7
302,Nikola Vucevic,C,23,0.28,ORL,57,1812,18.8,0.536,0,0.197,11.5,27.6,19.5,10.2,1.7,2,12.9,21.8,1.8,2.6,4.4,0.116,-1,1.5,0.5,1.2
303,Ronnie Price,SG,30,0.28,ORL,31,377,7.6,0.379,0.467,0.141,2.4,10.5,6.5,25.6,3.4,0.4,21,15,-0.5,0.4,-0.1,-0.007,-4,0.3,-3.8,-0.2
304,Victor Oladipo,PG,21,0.28,ORL,80,2487,13.6,0.514,0.241,0.34,1.9,13.1,7.5,21.9,2.7,1.2,19.2,24.4,-1.4,2.8,1.3,0.026,-1.6,0.8,-0.8,0.8
305,Kyle O'Quinn,C,23,0.28,ORL,69,1188,16.5,0.526,0.008,0.224,9.5,25.2,17.3,10.9,1.7,5.8,16.1,18.6,0.5,2,2.5,0.101,-3.1,3.6,0.5,0.8
306,Andrew Nicholson,PF,24,0.28,ORL,76,1174,9.9,0.489,0.212,0.136,5.1,19.5,12.3,3.5,0.8,1.5,10.3,19.3,-0.4,1,0.6,0.025,-4.7,-2,-6.7,-1.4
307,Jameer Nelson,PG,31,0.28,ORL,68,2179,13.9,0.515,0.523,0.15,1.5,10.5,6,35.1,1.2,0.2,17.3,20.1,1.6,1.2,2.8,0.062,1.1,-2.2,-1.1,0.5
308,E'Twaun Moore,SG,24,0.28,ORL,79,1506,11.1,0.513,0.353,0.149,2.2,8.1,5.1,11.8,2,0.7,10.2,16.4,0.6,1.1,1.7,0.055,-1.4,-0.8,-2.3,-0.1
309,Jason Maxiell,PF,30,0.28,ORL,34,488,8.1,0.459,0,0.295,6.5,13.5,10,2.8,0.8,3.2,10.6,12.4,-0.1,0.4,0.3,0.029,-5.3,0.3,-5,-0.4
310,Doron Lamb,SG,22,0.28,ORL,53,695,7.5,0.543,0.563,0.225,1.3,6.7,4,9.3,0.8,0.1,13.3,13.3,0.3,0.2,0.5,0.036,-2.2,-2.4,-4.6,-0.4
311,Solomon Jones,PF,29,0.28,ORL,11,85,5.8,0.373,0,0.235,10.6,10.7,10.7,3.4,1.2,1.8,9.6,11.1,0,0.1,0,0.013,-5.3,-0.2,-5.5,-0.1
312,Tobias Harris,PF,21,0.28,ORL,61,1850,16.5,0.542,0.176,0.341,5.4,20.6,13,7.7,1.1,1,8.7,22.2,2.4,1.7,4.1,0.107,-0.7,-1,-1.7,0.1
313,Maurice Harkless,SF,20,0.28,ORL,80,1950,11.8,0.542,0.319,0.296,4,11.4,7.7,6.4,2.5,2,13.6,14.8,0.6,2.1,2.8,0.068,-1.6,1.4,-0.1,0.9
314,Arron Afflalo,SG,28,0.28,ORL,73,2552,16,0.574,0.297,0.332,1.4,10.2,5.8,16.9,0.7,0.1,11.2,23.3,4.3,1,5.3,0.099,1.7,-2.3,-0.6,0.9
315,Thaddeus Young,PF,25,0.232,PHI,79,2718,16.6,0.512,0.228,0.178,6.3,12.8,9.5,11.8,3,1.1,10.7,24.1,1.2,2.3,3.5,0.062,0.2,-0.4,-0.2,1.2
316,Tony Wroten,SG,20,0.232,PHI,72,1765,12.9,0.493,0.233,0.403,4.1,10.1,7,20.9,2.1,0.7,17.7,27.7,-1.8,0.9,-0.9,-0.025,-2.3,-2.3,-4.6,-1.2
317,Elliot Williams,SG,24,0.232,PHI,67,1157,8.7,0.519,0.371,0.353,2.7,9.7,6.1,9.4,1.5,0.2,14.9,16.7,0,0.3,0.3,0.014,-3.2,-2.6,-5.7,-1.1
318,Casper Ware,PG,24,0.232,PHI,9,116,13,0.538,0.5,0.143,0,8.7,4.2,13.7,3.3,0,10.1,18.1,0.1,0.1,0.2,0.071,-1.1,-2.5,-3.6,0
319,Hollis Thompson,SF,22,0.232,PHI,77,1742,9.5,0.57,0.449,0.196,4.4,11.2,7.7,6.1,1.5,0.5,12.9,11.3,1.4,0.6,2,0.055,-1.8,-1.2,-3,-0.4
320,Daniel Orton,C,23,0.232,PHI,22,251,10.5,0.54,0,0.638,6.6,20.2,13.1,8.5,1.2,5.1,23,13.2,0,0.2,0.3,0.049,-5.7,1.6,-4.1,-0.1
321,Arnett Moultrie,PF,23,0.232,PHI,12,187,6.7,0.448,0,0.132,6.1,14.4,10.1,1.5,2.1,1.7,14.8,10.7,-0.1,0.1,0,0.007,-6.4,-0.5,-7,-0.2
322,Darius Johnson-Odom,SG,24,0.232,PHI,3,15,-23,0,0.429,0.286,0,15,7.2,8.5,3.2,0,20.2,27.9,-0.2,0,-0.2,-0.661,-22.4,-3,-25.5,-0.1
323,Brandon Davies,PF,22,0.232,PHI,51,575,7.5,0.476,0.078,0.414,6.9,13.9,10.2,7.1,2,1.1,18.8,13.7,-0.3,0.4,0.1,0.008,-5.3,-0.6,-5.9,-0.6
324,Michael Carter-Williams,PG,22,0.232,PHI,70,2414,15.5,0.48,0.197,0.348,4.3,15.6,9.8,30.2,2.6,1.4,16.9,25.7,-0.8,2.1,1.3,0.026,-0.6,0.4,-0.2,1.1
325,Lorenzo Brown,PG,23,0.232,PHI,26,224,8.2,0.349,0.349,0.151,3.7,10,6.8,27.5,2.8,1.1,14.9,20.4,-0.5,0.2,-0.3,-0.068,-5,-1.8,-6.8,-0.3
326,James Anderson,SG,24,0.232,PHI,80,2309,10.9,0.53,0.49,0.148,2.7,11.7,7,9.9,1.6,1,12.2,15.9,0.9,0.9,1.9,0.039,-1.2,-1.3,-2.5,-0.3
327,P.J. Tucker,SF,28,0.585,PHO,81,2490,13.3,0.54,0.311,0.327,7.3,16.6,11.9,8.1,2.2,0.7,12.7,14.2,3.3,2.8,6.1,0.117,0.7,1.6,2.3,2.7
328,Ish Smith,PG,25,0.585,PHO,70,1006,11.7,0.438,0.082,0.139,3.5,10.9,7.2,26,2.4,1,17.9,15.9,0,1,1,0.048,-2.7,0.5,-2.3,-0.1
329,Shavlik Randolph,PF,30,0.585,PHO,14,95,7.7,0.531,0,0.786,8.3,21.2,14.8,1.4,1.6,0.8,21,11,0,0.1,0.1,0.06,-4.7,-0.6,-5.3,-0.1
330,Miles Plumlee,C,25,0.585,PHO,80,1964,14.6,0.529,0,0.239,11.3,24.4,17.9,3.3,1.3,3.5,15.4,16.2,1.2,2.8,4,0.098,-2.8,1.3,-1.5,0.2
331,Markieff Morris,PF,24,0.585,PHO,81,2153,18.4,0.564,0.128,0.387,7.3,18,12.6,10.9,1.6,1.8,12.9,23.2,4,2.4,6.4,0.143,0.5,0.4,1,1.6
332,Marcus Morris,SF,24,0.585,PHO,82,1800,14.8,0.552,0.399,0.244,5.2,14.6,9.9,7.6,2,0.8,11.6,19.9,2.3,1.8,4.2,0.111,0.6,-0.5,0.2,1
333,Alex Len,C,20,0.585,PHO,42,362,7.3,0.469,0,0.397,12.1,18.6,15.3,1.6,0.6,3.8,22.1,14.3,-0.2,0.4,0.2,0.024,-5.7,-0.2,-5.9,-0.4
334,Viacheslav Kravtsov,C,26,0.585,PHO,20,59,10.5,0.54,0,0.533,17.2,15.2,16.2,2.5,0,1.3,24.5,18.3,0,0,0,0.027,-4.1,-3.1,-7.2,-0.1
335,Gerald Green,SG,28,0.585,PHO,82,2330,16.5,0.585,0.507,0.229,2.3,10.9,6.6,8.6,1.5,1.4,11.6,23.6,4.2,1.9,6.1,0.126,2.4,-1.4,1,1.8
336,Archie Goodwin,SG,19,0.585,PHO,52,533,10.3,0.507,0.216,0.329,5.3,13,9.2,5.7,1.9,1.6,18.7,19.4,-0.3,0.5,0.2,0.018,-3.9,-0.4,-4.3,-0.3
337,Channing Frye,PF,30,0.585,PHO,82,2312,13.2,0.555,0.555,0.122,3.6,16.6,10.1,6.4,1.3,2.1,9.8,17.3,2.9,2.4,5.3,0.109,0.9,0.2,1.1,1.8
338,Goran Dragic,SG,27,0.585,PHO,76,2668,21.4,0.604,0.274,0.381,2.9,7.4,5.2,28.1,2,0.6,14.3,24.5,8.4,2,10.3,0.186,4.9,-1.1,3.9,4
339,Dionte Christmas,SF,27,0.585,PHO,31,198,11.1,0.489,0.5,0.387,7.4,14.1,10.8,5.8,0.5,1.1,7.6,17.4,0.2,0.1,0.3,0.083,-1.1,-2.5,-3.6,-0.1
340,Eric Bledsoe,PG,24,0.585,PHO,43,1416,19.6,0.578,0.252,0.426,2.1,13.8,8,27,2.4,0.8,17.8,24.9,2.6,1.6,4.1,0.14,2.3,0.6,2.9,1.8
341,Leandro Barbosa,PG,31,0.585,PHO,20,368,11.5,0.506,0.191,0.298,1.5,9.7,5.6,13.4,1,0.8,11.4,20,0.2,0.2,0.4,0.058,-2.2,-1.8,-3.9,-0.2
342,Dorell Wright,SF,28,0.659,POR,68,984,11.9,0.524,0.68,0.232,3.2,17.5,10.5,9.4,1.2,1.1,10.6,16.2,0.9,1,1.9,0.091,-0.1,-0.3,-0.4,0.4
343,Mo Williams,PG,31,0.659,POR,74,1834,11.8,0.507,0.335,0.132,2.5,6.4,4.5,26.7,1.5,0.4,17.3,20.5,1,1.2,2.2,0.056,-0.2,-1.7,-2,0
344,Earl Watson,PG,34,0.659,POR,24,161,2.1,0.47,0.636,0.364,3.4,6.6,5,22,1.6,0.4,57.1,8.1,-0.2,0.1,-0.1,-0.018,-5.1,-0.5,-5.6,-0.1
345,Thomas Robinson,PF,22,0.659,POR,70,873,14.1,0.502,0.003,0.345,13.1,24.6,18.9,6,1.3,1.6,14.5,19.7,0.4,1.2,1.6,0.09,-3.1,-0.1,-3.2,-0.3
346,C.J. McCollum,SG,22,0.659,POR,38,476,9,0.521,0.449,0.191,1.6,9.2,5.4,8.7,1.5,0.3,15.4,20.9,-0.2,0.3,0.2,0.019,-2.1,-2,-4.1,-0.3
347,Wesley Matthews,SG,27,0.659,POR,82,2780,15.7,0.588,0.506,0.298,2,9.1,5.6,10.9,1.4,0.4,8.8,19.6,6.3,1.9,8.2,0.142,3.4,-0.9,2.4,3.1
348,Robin Lopez,C,25,0.659,POR,82,2603,17.7,0.605,0.002,0.376,13.6,15.3,14.5,4.2,0.5,3.7,10.1,14,7,2.6,9.5,0.176,1.4,1.6,3,3.3
349,Damian Lillard,PG,23,0.659,POR,82,2937,18.6,0.568,0.425,0.327,1.3,9.2,5.3,25.1,1.1,0.5,11.5,25,7.8,1.8,9.6,0.157,4.4,-1.7,2.7,3.5
350,Meyers Leonard,C,21,0.659,POR,40,355,9.4,0.489,0.066,0.231,8,25.5,16.8,7.3,1,1,13,14.2,0.2,0.5,0.6,0.086,-3.6,0.4,-3.3,-0.1
351,Joel Freeland,C,26,0.659,POR,52,727,11.3,0.498,0.012,0.179,13.2,17.6,15.4,7.1,0.7,2.1,15.5,12.4,0.7,0.7,1.4,0.093,-1.8,1.1,-0.7,0.2
352,Allen Crabbe,SG,21,0.659,POR,15,100,7.7,0.475,0.424,0.121,1.1,8.5,4.8,8.7,1,0.7,7.9,16.5,0,0.1,0.1,0.037,-2.7,-2.1,-4.7,-0.1
353,Victor Claver,SF,25,0.659,POR,21,184,8.8,0.502,0.429,0.262,5.3,17.4,11.4,9.1,0.8,1.1,19,13.7,0,0.2,0.2,0.047,-3,0,-3,0
354,Nicolas Batum,SF,25,0.659,POR,82,2956,15.8,0.589,0.491,0.248,4.3,17.8,11.1,20.9,1.3,1.3,18.6,16.5,4.8,3.1,7.9,0.128,2.4,1.8,4.2,4.6
355,Will Barton,SG,23,0.659,POR,41,387,13.5,0.488,0.212,0.205,4.5,16,10.3,13.3,1.2,1.3,9.6,21.2,0.3,0.4,0.6,0.078,-1.9,-0.7,-2.7,-0.1
356,LaMarcus Aldridge,PF,28,0.659,POR,69,2498,21.8,0.507,0.011,0.253,7.2,25.5,16.5,13,1.3,1.9,7.2,29.8,4,3.5,7.5,0.144,-0.4,0.7,0.3,1.5
357,Royce White,PF,22,0.341,SAC,3,9,-8.3,0,0,0,0,0,0,0,0,0,0,4.9,0,0,0,-0.121,-9.1,-1.3,-10.4,0
358,Jason Thompson,PF,27,0.341,SAC,82,2007,11.1,0.523,0,0.292,8.5,21.3,14.8,4.1,0.8,2.3,14.5,14.4,0.9,1.7,2.7,0.064,-3,0.5,-2.5,-0.3
359,Isaiah Thomas,PG,24,0.341,SAC,72,2497,20.5,0.574,0.332,0.371,2.1,7.5,4.7,32.2,1.9,0.3,14.3,26.3,6.4,1.3,7.7,0.149,5,-2.1,2.9,3.1
360,Travis Outlaw,SF,29,0.341,SAC,63,1065,10.4,0.492,0.359,0.16,3.8,14.2,8.9,7,1,1.4,6.9,15.5,0.8,0.6,1.4,0.062,-1.6,-0.9,-2.5,-0.1
361,Hamady N'Diaye,C,27,0.341,SAC,14,74,2.9,0.318,0,0.111,7.5,20.1,13.7,5.6,0,4.4,24.1,7.4,-0.1,0.1,0,-0.008,-6.7,2.1,-4.6,0
362,Ben McLemore,SG,20,0.341,SAC,82,2187,7.7,0.485,0.437,0.211,2.7,9.5,6.1,5.8,1,0.7,11.5,16.9,-0.1,0.9,0.8,0.016,-1.8,-1.3,-3.2,-0.6
363,Ray McCallum,PG,22,0.341,SAC,45,897,9.7,0.439,0.197,0.143,2.2,7.8,5,21,1.2,0.8,10.9,17.6,0,0.4,0.4,0.02,-2.3,-1.7,-4.1,-0.5
364,Carl Landry,PF,30,0.341,SAC,18,233,11.2,0.563,0,0.283,7.2,20.6,13.8,3.4,0.7,0.3,11.8,14.5,0.3,0.1,0.4,0.088,-3,-1.9,-4.9,-0.2
365,DeMarcus Cousins,C,23,0.341,SAC,71,2298,26.1,0.555,0.006,0.5,10.6,30.5,20.4,17.8,2.4,3.2,14.7,32.7,4.1,3.8,7.9,0.166,1.9,2.9,4.7,3.9
366,Tiago Splitter,C,29,0.756,SAS,59,1271,16.5,0.572,0.009,0.5,11.4,20.5,16.1,10.1,1.2,1.8,15.1,17.7,2.3,2.1,4.3,0.163,-0.1,2.1,1.9,1.3
367,Tony Parker,PG,31,0.756,SAS,68,1997,18.9,0.555,0.073,0.266,1,7.5,4.4,31.7,0.9,0.3,12.9,26.5,3.9,1.9,5.9,0.141,1.3,-1.8,-0.5,0.8
368,Patrick Mills,PG,25,0.756,SAS,81,1527,18.7,0.588,0.477,0.123,2.6,9.6,6.2,15.3,2.3,0.4,8.2,22.6,3.4,2.1,5.6,0.175,3.9,-0.6,3.3,2
369,Kawhi Leonard,SF,22,0.756,SAS,66,1923,19.4,0.602,0.282,0.195,4.6,18.9,12.1,10.4,3,1.9,10.3,18.3,3.8,3.9,7.7,0.193,2.3,3.4,5.8,3.8
370,Cory Joseph,SG,22,0.756,SAS,68,936,14.7,0.558,0.143,0.362,4,8.7,6.4,17.2,1.9,1.1,12.3,16.9,1.6,1.3,2.9,0.148,0,0.6,0.6,0.6
371,Damion James,G-F,26,0.756,SAS,5,50,4.1,0.304,0.222,0.222,2.4,23.8,13.5,7.5,0,1.4,9.2,9.8,-0.1,0.1,0,0.01,-6.7,1.2,-5.5,0
372,Danny Green,SG,26,0.756,SAS,68,1651,13.9,0.58,0.63,0.125,1.8,13.4,7.8,8.9,2,2.7,12.5,16.7,1.4,2.8,4.2,0.122,1.2,2.1,3.3,2.2
373,Manu Ginobili,SG,36,0.756,SAS,68,1550,20,0.59,0.411,0.3,2.3,12,7.3,29,2.3,0.8,16.4,24.7,3.3,2.4,5.7,0.176,3.6,0.4,4,2.4
374,Tim Duncan,C,37,0.756,SAS,74,2158,21.3,0.535,0.006,0.349,8.6,28.3,18.8,16,1,4.6,13.2,25.2,2.8,4.6,7.4,0.164,-0.9,4,3.2,2.8
375,Boris Diaw,PF,31,0.756,SAS,79,1974,14.1,0.578,0.193,0.159,4.4,13.8,9.3,16.3,1.1,1.2,16.3,17,2.3,2.6,4.9,0.12,0.2,1.4,1.6,1.8
376,Matt Bonner,PF,33,0.756,SAS,61,690,11.2,0.582,0.598,0.073,2.7,17.9,10.6,6.1,1.1,1.2,8.6,12.1,0.8,1,1.8,0.123,-0.4,0.7,0.3,0.4
377,Marco Belinelli,SF,27,0.756,SAS,80,2016,15,0.605,0.422,0.188,1,11.2,6.3,13.2,1.3,0.3,11.2,19,3.5,2.4,5.9,0.14,1.9,-0.3,1.7,1.9
378,Aron Baynes,C,27,0.756,SAS,53,491,9.7,0.467,0,0.129,13.6,19.4,16.6,9.9,0.2,0.7,17.3,19.2,-0.1,0.6,0.6,0.055,-3.7,-0.3,-4,-0.2
379,Jeff Ayres,PF,26,0.756,SAS,73,952,11.1,0.605,0,0.316,11,19.2,15.3,8.6,0.7,1.9,24.1,12.4,1,1.4,2.4,0.121,-1.6,2.1,0.5,0.6
380,Jonas Valanciunas,C,21,0.585,TOR,81,2282,16.1,0.579,0.001,0.385,11.5,25.1,18.2,4.2,0.5,2.5,14.7,18.5,3.5,3.2,6.7,0.141,-1.6,0.2,-1.4,0.3
381,Julyan Stone,SG,25,0.585,TOR,21,120,6.6,0.491,0.471,0.176,1.9,17.6,9.7,14.5,1.3,0,21.4,8.8,0,0.1,0.2,0.061,-3.5,0.5,-3,0
382,Terrence Ross,SG,22,0.585,TOR,81,2159,12,0.553,0.543,0.13,2.3,11.3,6.8,6.1,1.5,1,10,18.6,2,2.2,4.2,0.094,0.6,-0.7,-0.1,1
383,Steve Novak,PF,30,0.585,TOR,54,540,11.1,0.599,0.836,0.041,1.7,10.8,6.3,3.8,1.2,0.6,3.3,12.9,1,0.5,1.4,0.127,1.1,-1.7,-0.5,0.2
384,Kyle Lowry,PG,27,0.585,TOR,79,2862,20.1,0.567,0.463,0.356,3.6,11.5,7.5,34.7,2.2,0.4,13.4,22.9,8.4,3.3,11.7,0.197,5.8,0.1,5.9,5.7
385,Amir Johnson,PF,26,0.585,TOR,77,2214,15.4,0.592,0.108,0.234,9,17.6,13.3,8.7,1.3,3.2,15.4,16.4,3.2,3.1,6.3,0.136,0.2,2.4,2.6,2.6
386,Tyler Hansbrough,PF,28,0.585,TOR,64,978,14.2,0.562,0.01,0.944,14.2,20,17.1,2.7,1.5,1.6,14.5,15.1,1.7,1.4,3,0.149,-1.7,-0.2,-1.8,0
387,Landry Fields,SF,25,0.585,TOR,30,322,8.6,0.443,0.075,0.328,5.4,16,10.7,9.3,1.6,0.7,12.5,12.4,0,0.4,0.4,0.057,-3.9,0.9,-2.9,-0.1
388,DeMar DeRozan,SG,24,0.585,TOR,79,3017,18.4,0.532,0.149,0.448,2,11.3,6.6,18.9,1.5,0.7,9.5,28,5.8,3,8.8,0.141,1.4,-0.7,0.7,2
389,Dwight Buycks,PG,24,0.585,TOR,14,146,7.2,0.414,0.354,0.188,3.2,15.2,9.2,10.6,2.9,0,16.1,19.3,-0.2,0.2,0,-0.009,-4.8,0.2,-4.5,-0.1
453,Marvin Williams,PF,27,0.305,UTA,66,1674,14,0.54,0.445,0.139,5.5,17.9,11.5,7.7,1.7,1.5,8.7,16.7,1.9,1,2.9,0.084,0.5,-0.3,0.2,0.9
454,Jamaal Tinsley,PG,35,0.305,UTA,8,110,1.9,0.225,0.75,0,2,9.7,5.8,29.5,1,0,31,12.1,-0.3,0,-0.3,-0.122,-6.6,-3.1,-9.7,-0.2
455,Brandon Rush,SG,28,0.305,UTA,38,418,4.1,0.428,0.522,0.056,1.3,11.1,6.1,8.5,0.6,1.7,17.8,12.3,-0.5,0,-0.4,-0.05,-5,-1.3,-6.3,-0.4
456,John Lucas,PG,31,0.305,UTA,42,591,5.2,0.403,0.442,0.084,2.3,5.4,3.8,11.1,1.2,0,10,17,-0.7,0,-0.7,-0.058,-3.7,-3.3,-7,-0.7
457,Enes Kanter,C,21,0.305,UTA,80,2138,15.6,0.523,0.001,0.239,11.6,20.9,16.1,6.4,0.7,1.5,13.3,23.3,1.3,0.9,2.2,0.05,-2.1,-1.8,-3.9,-1
458,Richard Jefferson,SF,33,0.305,UTA,82,2213,11.8,0.573,0.46,0.248,0.9,10.8,5.7,9.6,1.3,0.5,11.5,16.9,2.3,0.4,2.7,0.058,0.3,-1.7,-1.4,0.3
459,Gordon Hayward,SF,23,0.305,UTA,77,2800,16.2,0.52,0.271,0.369,2.5,14,8,24.1,2.1,1.1,15,23.1,2.2,1.5,3.6,0.062,1,0,1,2.1
460,Mike Harris,PF,30,0.305,UTA,20,225,15.3,0.576,0.033,0.443,7.4,9.5,8.4,3.6,3.7,2.4,13.1,17.1,0.3,0.2,0.5,0.116,-1.4,0.6,-0.7,0.1
461,Rudy Gobert,C,21,0.305,UTA,45,434,12.9,0.507,0,0.878,13.1,28.5,20.6,2.4,1,7.4,23.8,14.2,-0.2,0.6,0.4,0.045,-6.1,1.8,-4.3,-0.3
462,Diante Garrett,PG,25,0.305,UTA,71,1048,7.1,0.459,0.362,0.045,1.2,9.8,5.3,17.6,2.1,0.4,21.7,15.1,-1.1,0.3,-0.8,-0.036,-4,-1.2,-5.2,-0.8
463,Derrick Favors,PF,22,0.305,UTA,73,2201,19,0.556,0.001,0.38,10.1,23.7,16.7,7.3,1.8,3.8,12.9,20.8,2.9,2.3,5.1,0.112,-0.8,1.4,0.7,1.5
464,Jeremy Evans,SF,26,0.305,UTA,66,1209,16.2,0.549,0.006,0.226,11.1,18.7,14.8,6.1,1.8,3,9.9,15.3,1.9,1,2.8,0.112,-0.9,0.8,-0.1,0.6
465,Ian Clark,SG,22,0.305,UTA,23,172,9.2,0.485,0.463,0.104,1.9,11.1,6.4,14.7,2.4,0.9,16.7,22.4,-0.2,0.1,-0.1,-0.025,-2.6,-2.1,-4.7,-0.1
466,Alec Burks,SG,22,0.305,UTA,78,2193,15.8,0.547,0.172,0.449,3,10.7,6.8,16.9,1.7,0.5,13,23.9,2.6,0.6,3.2,0.07,0.5,-1.7,-1.2,0.5
467,Trey Burke,PG,21,0.305,UTA,70,2262,12.6,0.473,0.375,0.126,1.8,9,5.3,29.4,1,0.2,12.2,21.8,1,0,0.9,0.02,0.5,-3,-2.5,-0.3
468,Andris Biedrins,C,27,0.305,UTA,6,45,2.4,0.412,0,6,5,39.7,21.8,0,0,0,35.5,5.7,-0.1,0,0,-0.033,-10.7,-4.3,-15,-0.1
469,Martell Webster,SF,27,0.537,WAS,78,2157,11.5,0.591,0.634,0.213,2,10.1,6,6.7,1,0.6,8.3,14.7,3.3,1.7,5,0.112,1,-1.1,-0.1,1
470,John Wall,PG,23,0.537,WAS,82,2980,19.5,0.524,0.23,0.295,1.5,11.7,6.5,40.5,2.6,1.1,16.3,27.4,4,4,7.9,0.128,2.4,0.2,2.6,3.4
476,Nene Hilario,PF,31,0.537,WAS,53,1560,16.6,0.53,0.008,0.448,4.7,17.3,10.9,16.3,2.1,2.5,14.1,24,0.8,2.4,3.2,0.098,-1.6,1.8,0.2,0.9
478,Marcin Gortat,C,29,0.537,WAS,81,2655,17.6,0.568,0.001,0.273,8.7,25.1,16.7,8.4,0.8,3.8,11.8,18.2,4.1,4,8.1,0.146,-1.1,2.1,1,2
480,Trevor Booker,PF,26,0.537,WAS,72,1553,15,0.563,0.005,0.189,10.9,17.5,14.1,6.3,1.4,2.4,11.7,14.4,2.3,2,4.3,0.132,-1.1,1.3,0.2,0.8
481,Bradley Beal,SG,20,0.537,WAS,73,2530,14.3,0.507,0.299,0.164,2.4,10.2,6.3,16,1.4,0.6,9.4,24.3,1.6,2.4,4,0.076,0.2,-1.3,-1.1,0.5
482,Trevor Ariza,SF,28,0.537,WAS,77,2723,15.8,0.59,0.518,0.226,4.1,16.3,10.1,10.8,2.4,0.6,12.3,17.8,4.3,3.7,8,0.141,2.3,1.1,3.4,3.6
