Rk,Player,Pos,Team,WinPct,Age,G,MP,PER,Ts_pct,3PAr,FTr,ORBpct,DRBpct,TRBpct,ASTpct,STLpct,BLKpct,TOVpct,USGpct,OWS,DWS,WS,WSp48,OBPM,DBPM,BPM,VORP
1,Jeff Teague,PG,ATL,0.779,26,62,1921,21,0.572,0.239,0.382,1.2,7.3,4.4,38.1,2.8,1.3,16.3,25.5,4.7,2.4,7.1,0.177,2.7,-0.8,2,1.9
2,Thabo Sefolosha,SF,ATL,0.779,30,45,853,13.7,0.508,0.32,0.251,6.4,19.1,12.9,11.3,2.8,2.1,12.4,13.8,0.7,1.5,2.3,0.127,-1.1,2.9,1.8,0.8
3,Mike Scott,PF,ATL,0.779,26,62,982,15.2,0.549,0.421,0.166,4.8,14.4,9.8,10.8,0.9,0.3,7.4,21.4,1.5,0.9,2.4,0.119,0.7,-2.2,-1.5,0.1
4,Dennis Schroder,PG,ATL,0.779,21,66,1281,14.9,0.505,0.207,0.28,2,9.6,6,34.5,1.9,0.2,17.1,26.5,0.6,1.3,1.9,0.071,-1,-1.8,-2.8,-0.2
6,Paul Millsap,PF,ATL,0.779,29,65,2148,19.9,0.567,0.233,0.367,7,20,13.7,15.2,2.7,2.3,13.8,23.9,3.5,3.9,7.4,0.166,1.6,2.6,4.1,3.3
8,Kyle Korver,SG,ATL,0.779,33,64,2093,14.9,0.71,0.745,0.198,0.8,13.1,7.2,11.8,1,1.4,14.3,14.2,4.5,2.1,6.7,0.153,3.3,0.2,3.5,2.9
10,Al Horford,C,ATL,0.779,28,64,1974,21.2,0.557,0.039,0.158,6.6,20.3,13.7,18.7,1.5,3.6,8.7,22.2,4.3,3.2,7.5,0.182,1.2,2.8,4,3
11,DeMarre Carroll,SF,ATL,0.779,28,58,1821,15.2,0.596,0.479,0.273,5.4,13.5,9.6,7.6,2.2,0.6,8.6,16.1,3.5,2.3,5.8,0.153,2.3,0.6,2.9,2.3
13,Kent Bazemore,SG,ATL,0.78,25,61,1046,9.8,0.523,0.382,0.309,1.7,16.7,9.5,8.6,2.2,2.2,16.9,15.5,-0.3,1.6,1.3,0.059,-3.2,1.7,-1.5,0.1
14,Pero Antic,PF,ATL,0.78,32,52,850,8.5,0.481,0.577,0.423,7.1,13.3,10.3,7.5,0.7,1.4,12.8,17.6,0.1,0.8,0.9,0.052,-1.8,-1.2,-3,-0.2
15,Tyler Zeller,C,BOS,0.448,25,67,1409,18.8,0.595,0,0.324,9.3,19.9,14.6,10.3,0.5,2.6,10.4,19.4,3.6,1.5,5.1,0.174,0.4,0.3,0.7,1
16,James Young,SG,BOS,0.448,19,29,301,8.5,0.456,0.648,0.275,3.2,11.4,7.3,5.2,1.2,0.5,3.8,15.4,0.1,0.2,0.3,0.046,-1.9,-2.1,-3.9,-0.1
17,Gerald Wallace,SF,BOS,0.448,32,27,222,5.3,0.42,0.13,0.435,4.9,14,9.4,3.5,2.9,1.4,32.2,8,-0.3,0.3,0,0.008,-6.1,2.7,-3.4,-0.1
18,Evan Turner,SG,BOS,0.448,26,67,1788,11.9,0.471,0.162,0.201,2.2,18.1,10.1,28,1.8,0.6,20,19.3,-0.6,2.1,1.4,0.038,-2.7,1,-1.7,0.1
19,Jared Sullinger,PF,BOS,0.448,22,51,1462,18.4,0.512,0.26,0.179,10.1,21.1,15.5,14,1.3,1.8,8.9,23.6,2.1,1.8,3.9,0.128,1.5,0.5,2.1,1.5
20,Marcus Smart,PG,BOS,0.448,20,53,1404,11.3,0.493,0.595,0.268,3.8,10.7,7.2,17.9,2.5,0.7,15,15.6,0.7,1.5,2.2,0.075,0.1,0.8,0.9,1
21,Phil Pressey,PG,BOS,0.448,23,41,478,11.2,0.451,0.429,0.286,1.8,11.6,6.6,26.6,2.7,0.8,17.3,17.4,-0.1,0.6,0.5,0.051,-2.3,-0.3,-2.6,-0.1
22,Kelly Olynyk,C,BOS,0.448,23,49,1142,15.4,0.555,0.32,0.27,6.9,16.8,11.8,12.1,2.1,2.2,15,20.9,1,1.5,2.5,0.107,0.4,1.2,1.5,1
23,Avery Bradley,SG,BOS,0.448,24,63,1986,11.4,0.506,0.339,0.098,2,8.7,5.3,8.6,1.7,0.5,9.2,21.1,0.3,1.5,1.8,0.044,-0.8,-1.2,-2,0
24,Brandon Bass,PF,BOS,0.448,29,67,1554,16.3,0.549,0.042,0.289,7.6,15.1,11.3,9.1,1,1.4,9.5,19.9,2.6,1.4,4,0.124,-0.6,-0.4,-1,0.4
25,Deron Williams,PG,BRK,0.409,30,52,1614,15.1,0.504,0.303,0.338,1.2,9.8,5.5,31.7,1.7,0.7,15.2,22.6,1.5,1,2.5,0.073,0.8,-1.3,-0.5,0.6
26,Mirza Teletovic,PF,BRK,0.409,29,40,892,10.7,0.5,0.605,0.144,3.4,21,12.3,8.1,0.8,1.5,13.5,20.1,-0.3,0.8,0.5,0.027,-1.4,-1,-2.4,-0.1
27,Mason Plumlee,C,BRK,0.409,24,66,1489,18.9,0.577,0.007,0.648,11.3,21.5,16.5,6.6,1.9,3.2,13.7,19.7,2.4,2,4.4,0.142,-0.2,1.5,1.2,1.2
29,Brook Lopez,C,BRK,0.409,26,56,1530,20.3,0.535,0.014,0.276,11.3,17,14.2,4.5,1,4.8,10,26.6,2.2,1.6,3.8,0.12,-1,-0.4,-1.4,0.2
33,Joe Johnson,SG,BRK,0.409,33,64,2229,14.2,0.524,0.318,0.165,2.3,13.1,7.7,16.5,1.1,0.5,11.5,21,1.9,1.2,3.1,0.067,0.8,-0.7,0.1,1.2
35,Jarrett Jack,PG,BRK,0.409,31,64,1905,14.4,0.522,0.177,0.259,1.1,11,6,27.6,1.7,0.6,17.8,22.2,0.9,1.2,2.1,0.053,-0.5,-0.8,-1.3,0.3
37,Bojan Bogdanovic,SF,BRK,0.409,25,62,1421,10.6,0.545,0.46,0.206,3.3,9.9,6.6,5.5,0.9,0.3,11.5,16.7,1,0.5,1.5,0.052,-0.5,-1.8,-2.3,-0.1
38,Alan Anderson,SG,BRK,0.409,32,65,1516,10.1,0.554,0.505,0.228,2.2,10.9,6.6,7.2,1.6,0.3,11.6,13.8,1.2,0.9,2.2,0.069,-0.3,-0.4,-0.7,0.5
39,Tony Snell,SF,CHI,0.594,23,59,1154,10.7,0.567,0.538,0.162,2.6,10.7,6.7,5.8,1.4,0.5,11.5,14.2,1.1,1,2.1,0.086,-0.4,-1,-1.4,0.2
40,Derrick Rose,PG,CHI,0.594,26,46,1428,16,0.496,0.323,0.224,2.6,8.2,5.5,30.5,1.1,0.8,14.8,31.4,0.3,1,1.2,0.042,1.3,-2.6,-1.3,0.3
41,Joakim Noah,C,CHI,0.594,29,57,1754,15.5,0.483,0.005,0.426,12.3,22.4,17.5,22.2,1.1,2.8,19,14.1,2.2,2.5,4.7,0.129,-0.1,3.5,3.4,2.4
44,Nikola Mirotic,PF,CHI,0.594,23,69,1331,17.3,0.554,0.486,0.478,4.3,22.7,13.7,9.6,1.6,2.4,10.6,21.5,2.4,2.1,4.5,0.162,0.8,0,0.8,0.9
46,Kirk Hinrich,SG,CHI,0.594,34,57,1445,6.8,0.459,0.44,0.139,1.5,6.7,4.1,14.3,1.5,0.6,15.2,13.7,-0.3,1.1,0.8,0.025,-2.3,-0.7,-3,-0.4
47,Taj Gibson,PF,CHI,0.594,29,49,1377,15.9,0.533,0,0.362,11.1,14.3,12.8,7.5,1,3.1,11.1,17.8,2.2,1.6,3.7,0.13,-0.5,0.9,0.5,0.9
48,Pau Gasol,PF,CHI,0.594,34,65,2259,22.4,0.55,0.021,0.311,9.2,27.9,18.8,14.4,0.5,4,11.2,24.3,4.9,3.6,8.5,0.181,0.7,2.1,2.7,2.7
49,Mike Dunleavy,SF,CHI,0.594,34,50,1460,11.1,0.574,0.566,0.164,1.5,12.4,7.1,9.3,0.8,0.9,10.1,13.6,1.9,1.2,3.1,0.101,0.5,-0.5,0,0.7
50,Jimmy Butler,SG,CHI,0.594,25,55,2141,21.2,0.582,0.215,0.5,5.1,11.3,8.3,14.3,2.3,1.1,7.9,21.7,6.9,2.4,9.3,0.209,4.1,0.6,4.7,3.6
51,Aaron Brooks,PG,CHI,0.594,30,69,1496,14.3,0.534,0.376,0.226,1.7,7.5,4.6,24,1.4,0.6,14.9,25.8,1.3,1.1,2.4,0.078,0.9,-2.9,-2,0
53,Cody Zeller,C,CHO,0.439,22,61,1468,14.2,0.534,0.003,0.438,7.1,20,13.4,10.5,1.2,2.6,12.3,15.6,1.7,2.2,3.9,0.127,-1.9,2.6,0.7,1
54,Marvin Williams,PF,CHO,0.439,28,62,1544,11.4,0.547,0.554,0.164,3,17.7,10.2,7.5,1.8,1.3,11.1,13.2,1,2.2,3.2,0.101,-0.8,1.8,1,1.2
55,Kemba Walker,PG,CHO,0.439,24,46,1589,18,0.497,0.298,0.295,2,10.1,6,26.5,1.9,1.3,8.5,26,1.7,2,3.7,0.112,2.6,0.1,2.7,1.9
56,Noah Vonleh,PF,CHO,0.439,19,15,107,15,0.499,0.179,0.571,12.1,21.2,16.5,2.9,1,4.4,12.5,17,0.1,0.2,0.3,0.116,-3.9,0.5,-3.4,0
57,Jeffery Taylor,SF,CHO,0.439,25,17,154,8.6,0.452,0.346,0.385,4.2,11.8,7.9,8.5,2,0.5,12.9,20.7,-0.2,0.2,0,0.007,-3.8,-0.8,-4.6,-0.1
58,Lance Stephenson,SG,CHO,0.439,24,52,1438,9,0.417,0.195,0.209,2.8,17.3,9.9,26,1.2,0.4,17.7,20.9,-2.3,1.7,-0.6,-0.021,-3.7,0.8,-2.8,-0.3
59,Brian Roberts,PG,CHO,0.439,29,63,1196,11,0.493,0.413,0.159,1,7.9,4.3,19.7,1,0.4,10.6,18,0.5,1,1.5,0.06,-1.1,-1.8,-2.8,-0.3
60,Jannero Pargo,PG,CHO,0.439,35,9,73,14.9,0.571,0.629,0.057,0,4.7,2.3,20.6,0,0,7.7,24.3,0.1,0,0.2,0.115,3,-6,-2.9,0
61,Jason Maxiell,PF,CHO,0.439,31,47,661,10.3,0.462,0,0.444,9.6,12.9,11.2,2.1,0.9,4.6,10.4,13.2,0.1,0.9,1.1,0.078,-4.6,1.7,-2.9,-0.1
62,Michael Kidd-Gilchrist,SF,CHO,0.439,21,50,1424,15.2,0.518,0,0.459,7.4,21.9,14.5,8.5,1,1.7,9.8,18.6,1.5,2,3.5,0.117,-2,1.4,-0.6,0.5
63,Al Jefferson,C,CHO,0.439,30,56,1748,20.1,0.503,0.004,0.17,5.3,26,15.4,11.4,1.2,3.2,5.5,26.4,1.4,3.1,4.5,0.123,-1,1.6,0.6,1.1
64,Gerald Henderson,SG,CHO,0.439,27,64,1821,13.3,0.516,0.171,0.269,1.7,11.1,6.3,16.7,1.1,0.8,10.9,20.1,1.3,1.8,3.1,0.082,-1,-0.1,-1.1,0.4
65,P.J. Hairston,SG,CHO,0.439,22,35,525,8.7,0.442,0.632,0.094,3.1,12.1,7.5,5,1.6,1.9,7.1,20.6,-0.5,0.7,0.2,0.019,-2.2,-1,-3.2,-0.2
66,Bismack Biyombo,C,CHO,0.439,22,48,840,15.5,0.582,0,0.947,15.3,22.8,19,1.7,0.7,6.1,17.4,12.2,1.3,1.5,2.8,0.159,-2.9,2.4,-0.6,0.3
67,Anderson Varejao,C,CLE,0.629,32,26,636,17.8,0.58,0.01,0.225,10.4,20,15.3,9.1,1.6,2,13.7,18.1,1.2,0.7,1.9,0.144,0,0.9,0.9,0.5
68,Tristan Thompson,PF,CLE,0.629,23,70,1928,15.8,0.581,0,0.484,14.8,18.5,16.7,2.7,0.8,2.3,11.7,14,4.3,1.7,6,0.15,0.1,-0.3,-0.2,0.9
69,Mike Miller,SF,CLE,0.629,34,45,615,4.4,0.461,0.86,0.02,0.8,14.1,7.5,8.7,1.1,0.4,16.5,8.9,-0.1,0.4,0.3,0.022,-2.6,-0.3,-3,-0.2
70,Shawn Marion,SF,CLE,0.629,36,52,1012,11.1,0.496,0.178,0.141,6.2,13.8,10.1,6.9,1.3,2,9.9,12.7,0.8,0.8,1.6,0.076,-1.8,0.7,-1.1,0.2
71,Kevin Love,PF,CLE,0.629,26,65,2228,19.2,0.559,0.403,0.363,6.7,26.9,17,11.1,1,1.1,9.5,21.7,5.4,2.5,7.9,0.171,2.2,-0.1,2,2.3
72,Alex Kirk,C,CLE,0.629,23,5,14,8.5,0.41,0,0.5,8.3,0,4.1,10.1,0,0,0,15.7,0,0,0,0.059,-3,-4.4,-7.4,0
73,James Jones,SF,CLE,0.629,34,46,542,11.6,0.584,0.901,0.179,1.3,10.4,5.9,5.8,1,0.9,6.4,15.5,1,0.3,1.3,0.112,1.7,-2.7,-1,0.1
74,LeBron James,SF,CLE,0.629,30,59,2137,26,0.581,0.268,0.427,2.1,15.6,9,38.5,2.2,1.5,15.6,32.8,6.5,2.3,8.7,0.196,6.3,0.7,7,4.9
75,Kyrie Irving,PG,CLE,0.629,22,65,2405,21.8,0.588,0.306,0.302,2.1,7.6,4.9,24.9,2.1,0.6,11.2,25.7,7.9,1.5,9.4,0.188,5,-1.5,3.4,3.3
76,Brendan Haywood,C,CLE,0.629,35,21,104,8.3,0.478,0,0.37,6.7,23.8,15.4,2.9,1,6.1,24.2,18,-0.2,0.2,0,-0.01,-8.4,1.1,-7.2,-0.1
77,Joe Harris,SG,CLE,0.629,23,47,434,6.4,0.547,0.728,0.126,1.6,7.5,4.6,7.4,0.8,0.2,14.9,13.3,0.2,0.1,0.3,0.035,-1.3,-2.6,-3.9,-0.2
78,Matthew Dellavedova,SG,CLE,0.629,24,55,1115,7.4,0.472,0.55,0.143,3.3,7.3,5.3,19.1,0.9,0.1,16.2,12.2,0.8,0.3,1.1,0.049,-1,-1.9,-2.9,-0.3
79,Will Cherry,PG,CLE,0.629,23,8,69,5.8,0.347,0.474,0.316,1.7,6.5,4.2,16.3,4.5,1.1,15.6,16.8,-0.1,0.1,0,-0.024,-4.3,0.6,-3.7,0
80,Charlie Villanueva,PF,DAL,0.638,30,51,541,17.6,0.545,0.617,0.11,4.7,20.2,12.4,4.1,0.9,2.5,7.8,26.6,0.5,0.6,1.1,0.097,0.9,-3.4,-2.4,-0.1
81,Greg Smith,PF,DAL,0.638,24,40,355,10.6,0.614,0,0.771,8,16.5,12.2,3.5,1,2.5,14.6,9.5,0.5,0.3,0.9,0.116,-1.9,1,-0.9,0.1
82,Chandler Parsons,SF,DAL,0.638,26,59,1944,16.6,0.571,0.428,0.229,3.4,12.8,8.1,11.2,1.6,0.7,9.2,20.6,3.7,1.6,5.2,0.129,2.9,-0.3,2.6,2.3
83,Dirk Nowitzki,PF,DAL,0.638,36,65,1914,19.7,0.559,0.263,0.257,2.2,19.9,11,10.5,0.9,1.2,6.1,25.3,4.5,1.8,6.3,0.158,1.7,-1.1,0.6,1.3
84,Ricky Ledo,SG,DAL,0.638,22,5,11,-22.7,0.073,0.5,0.333,10,10,10,11.2,0,0,22.5,36.3,-0.2,0,-0.2,-0.721,-20.9,-5.5,-26.4,-0.1
85,Richard Jefferson,SF,DAL,0.638,34,63,1049,11,0.57,0.487,0.341,2.4,14.8,8.6,6.9,1.3,0.8,12.3,14.6,1,0.9,1.9,0.087,-0.5,-0.3,-0.8,0.3
86,Bernard James,C,DAL,0.638,29,9,106,17.2,0.662,0,0.933,12.4,14.6,13.5,5.1,0,7.6,12.4,10.2,0.3,0.1,0.4,0.196,0,3,3,0.1
87,Devin Harris,PG,DAL,0.638,31,65,1459,15.3,0.553,0.535,0.3,0.9,8.4,4.6,21.2,2.4,0.7,11.7,18.2,2.7,1.2,3.9,0.13,2.2,-0.7,1.5,1.3
88,Raymond Felton,PG,DAL,0.638,30,19,130,9.6,0.381,0.265,0.163,0,9.3,4.7,25.3,2,1.9,11.8,20.6,-0.2,0.1,0,-0.016,-4.4,-1.1,-5.6,-0.1
89,Monta Ellis,SG,DAL,0.638,29,69,2327,17.4,0.513,0.217,0.224,1.5,6.4,3.9,21.6,2.9,0.8,11.6,28.2,1.8,2.1,3.9,0.081,1,-0.7,0.3,1.4
90,Tyson Chandler,C,DAL,0.638,32,63,1931,20.3,0.703,0,0.569,14.2,26.8,20.5,5.3,1,3.4,16.2,12.7,6.2,2.7,8.9,0.222,2,2.5,4.6,3.2
91,Jose Barea,PG,DAL,0.638,30,68,1197,15.6,0.508,0.318,0.174,2,9.5,5.7,29.5,1.3,0.1,11,21.1,2,0.7,2.7,0.106,1.2,-2.3,-1.1,0.3
92,Al-Farouq Aminu,SF,DAL,0.638,24,61,1045,15.1,0.516,0.368,0.295,8.3,18.5,13.4,5.6,2.9,4,11.8,15.7,1,1.7,2.7,0.125,-0.5,3,2.5,1.2
93,Jusuf Nurkic,C,DEN,0.382,20,48,864,15.6,0.475,0.003,0.321,11.8,27.9,19.6,7.7,2.4,5.4,15.2,20.8,-0.1,1.6,1.5,0.082,-3.7,3.8,0,0.4
94,Ty Lawson,PG,DEN,0.382,27,63,2263,19.3,0.535,0.231,0.409,1.7,8.2,4.8,44,1.8,0.2,14.1,20.9,5.6,1.1,6.8,0.143,3.4,-1.9,1.5,2
95,Joffrey Lauvergne,C,DEN,0.382,23,13,162,6.6,0.374,0.207,0.293,12.2,18.5,15.3,3.8,1.9,2.9,18.6,21.6,-0.4,0.2,-0.3,-0.077,-6.9,0,-6.9,-0.2
96,J.J. Hickson,C,DEN,0.382,26,60,1165,14.5,0.503,0.005,0.466,10.8,24.9,17.6,7,1.1,2.1,14.6,20.1,0.4,1.2,1.6,0.067,-3.2,0.6,-2.6,-0.2
97,Gary Harris,SG,DEN,0.382,20,41,526,3.7,0.356,0.488,0.201,3.2,7.6,5.3,6.1,3.1,0.9,14.8,17.3,-1.3,0.5,-0.8,-0.073,-5.1,0.5,-4.6,-0.3
98,Erick Green,PG,DEN,0.382,23,30,235,8.6,0.441,0.276,0.092,0.9,7.1,3.9,13.3,1.5,0,8.9,20.7,-0.2,0.1,-0.1,-0.014,-3.5,-2.7,-6.3,-0.3
99,Danilo Gallinari,SF,DEN,0.382,26,49,1105,14.8,0.539,0.535,0.334,2.4,14.1,8.1,8.6,1.5,0.8,8.2,21,1.7,0.8,2.5,0.108,1.3,-1.2,0.1,0.6
100,Randy Foye,SG,DEN,0.382,31,38,716,9.8,0.493,0.621,0.149,0.4,7.1,3.7,17.3,1.4,1.1,12.6,19.3,0.1,0.3,0.4,0.03,-0.4,-1.9,-2.3,-0.1
101,Kenneth Faried,PF,DEN,0.382,25,62,1716,17.6,0.539,0.012,0.373,11.4,23.4,17.2,7.4,1.3,2.3,12.2,19.7,2.5,1.9,4.4,0.122,-0.7,1.3,0.6,1.1
102,Wilson Chandler,SF,DEN,0.382,27,64,2014,12.7,0.519,0.426,0.13,4,16.7,10.1,8.3,1.1,1,10.1,20.2,1.2,1.4,2.6,0.063,0.2,-0.3,-0.1,0.9
103,Darrell Arthur,PF,DEN,0.382,26,55,951,12.2,0.475,0.281,0.158,5.7,13.1,9.3,9.3,2.5,2.1,10.5,20.4,0,1,1,0.052,-1.5,0.9,-0.6,0.3
104,Greg Monroe,PF,DET,0.353,24,64,1991,21.1,0.548,0,0.396,11.2,25.7,18.1,11.8,1.7,1.2,13.4,23.9,3.6,2.5,6.1,0.147,0.5,1.2,1.7,1.9
105,Jodie Meeks,SG,DET,0.353,27,46,1124,14,0.532,0.394,0.319,0.8,7,3.7,9.8,2.3,0.3,8.6,20.8,1.5,0.8,2.3,0.099,0.5,-1.5,-1,0.3
106,Cartier Martin,SF,DET,0.353,30,20,187,0.9,0.333,0.646,0,0,12.1,5.8,7,0.6,0.4,9.4,12.5,-0.3,0.1,-0.2,-0.06,-5.8,-1.5,-7.3,-0.3
107,John Lucas,PG,DET,0.353,32,12,140,14.9,0.472,0.32,0.04,1.5,3.2,2.3,41.8,1.8,0,10.5,17.9,0.3,0.1,0.3,0.11,0,-5.4,-5.5,-0.1
108,Brandon Jennings,PG,DET,0.353,25,41,1173,19.7,0.522,0.389,0.263,1.8,8,4.8,40.6,1.9,0.3,12.9,26.1,2.6,0.8,3.3,0.136,4.4,-2.4,2,1.2
109,Andre Drummond,C,DET,0.353,21,68,2043,20.6,0.494,0.001,0.367,18.2,30.1,23.9,3.4,1.6,4.7,10.1,21.5,2.2,3.5,5.7,0.135,-1.8,1.1,-0.7,0.7
110,Spencer Dinwiddie,PG,DET,0.353,21,28,372,9.2,0.392,0.416,0.182,0.8,11,5.7,32.4,1.7,0.8,14.5,20.5,-0.3,0.3,0,0,-2.8,-1.9,-4.7,-0.3
111,Kentavious Caldwell-Pope,SG,DET,0.353,21,68,2111,10.8,0.496,0.462,0.161,1.9,9,5.3,6.5,1.8,0.7,8.4,19.2,0.7,1.4,2.1,0.048,-0.4,-0.8,-1.2,0.4
112,Caron Butler,SF,DET,0.353,34,64,1320,8.4,0.507,0.535,0.157,1.6,12.7,6.9,6.7,1.4,0.2,9.6,12.8,0.7,0.9,1.5,0.056,-1.7,-0.3,-2.1,0
113,Joel Anthony,C,DET,0.353,32,36,238,13.5,0.574,0,0.35,9.1,16.7,12.7,1.9,1.1,8.3,13.2,9.8,0.3,0.4,0.6,0.128,-3.7,3.6,0,0.1
114,Klay Thompson,SG,GSW,0.806,24,64,2082,20.6,0.591,0.418,0.201,1.1,9.2,5.3,14.6,1.7,1.9,9.9,27.6,4.6,2.7,7.3,0.169,3.4,-0.9,2.5,2.4
115,Marreese Speights,PF,GSW,0.806,27,61,1018,19.3,0.546,0.022,0.288,10.2,18.3,14.4,9,0.7,2.3,10.2,29,1.8,1.5,3.3,0.157,-1.6,-1.5,-3.1,-0.3
116,Brandon Rush,SG,GSW,0.806,29,27,215,0.7,0.218,0.513,0.128,1,15.4,8.5,6.7,0.7,4.1,19.5,10.4,-0.6,0.3,-0.3,-0.062,-8.5,2.5,-6,-0.2
117,James Michael McAdoo,PF,GSW,0.806,22,7,57,21.5,0.583,0,0.65,15.6,14.5,15.1,2.6,1.7,5.2,7.2,21.2,0.2,0.1,0.3,0.239,-0.3,-0.1,-0.4,0
118,Shaun Livingston,PG,GSW,0.806,29,65,1198,13.7,0.543,0.006,0.213,3.3,10.1,6.8,24.8,1.6,1.2,18.6,16,1.5,1.5,3,0.12,-1.8,0.4,-1.4,0.2
119,David Lee,PF,GSW,0.806,31,39,729,19.1,0.544,0.008,0.349,9.9,21,15.7,15.1,1.9,2.5,11.7,19.9,1.5,1.4,2.9,0.188,-0.3,2.5,2.2,0.8
120,Ognjen Kuzmic,C,GSW,0.806,24,16,72,12.9,0.727,0,0.333,10.8,14.4,12.7,11.1,1.4,1,26.7,11.3,0.2,0.1,0.3,0.173,-0.3,1,0.7,0
121,Andre Iguodala,SG,GSW,0.806,31,63,1706,12.5,0.561,0.419,0.233,2.5,10.9,6.9,14.6,2.3,0.9,14.5,12.9,1.9,2.5,4.4,0.123,0.1,1.7,1.9,1.7
122,Justin Holiday,SG,GSW,0.806,25,46,502,12.3,0.496,0.486,0.182,2.2,9.9,6.2,9.9,3.1,1.3,10.1,18.9,0.1,0.8,1,0.092,-1.4,0.4,-1,0.1
123,Draymond Green,SF,GSW,0.806,24,67,2140,16.5,0.543,0.44,0.257,5,21.8,13.7,15.5,2.5,3.1,13.4,17.1,2.8,4.6,7.4,0.167,1,4.1,5.1,3.8
124,Festus Ezeli,C,GSW,0.806,25,33,357,14.2,0.577,0,0.48,11.5,18.8,15.3,2.4,0.8,6.4,19.1,17.9,0.3,0.7,1,0.128,-4.2,1.5,-2.7,-0.1
125,Stephen Curry,PG,GSW,0.806,26,65,2144,27.5,0.627,0.477,0.262,2.3,11.6,7.1,38.8,3.2,0.5,14.4,28.7,9,3.6,12.6,0.282,8.9,0.5,9.5,6.2
126,Andrew Bogut,C,GSW,0.806,30,52,1238,15.1,0.556,0,0.14,9.2,26.6,18.2,14.7,1.3,5.2,22.7,13.1,1.2,2.7,3.9,0.15,-2,5.4,3.5,1.7
127,Harrison Barnes,SF,GSW,0.806,22,67,1937,13.3,0.581,0.338,0.232,5.9,14.7,10.5,6.6,1.2,0.5,9.5,14.7,3.2,2.5,5.6,0.14,0.6,0.4,1,1.4
128,Leandro Barbosa,SG,GSW,0.806,32,53,734,14.7,0.551,0.291,0.193,2.9,5.9,4.5,13.7,1.9,0.5,9.5,21.7,1.1,0.8,1.9,0.125,0,-1.8,-1.8,0
129,Jason Terry,SG,HOU,0.672,37,63,1307,11.5,0.569,0.73,0.112,1.2,7.1,4.1,14.2,2.3,0.8,14,14.4,1.5,1.4,2.9,0.106,0.2,-0.4,-0.2,0.6
130,Kostas Papanikolaou,SF,HOU,0.672,24,41,778,8.2,0.448,0.533,0.092,5.4,11,8.2,16,1.9,1.3,20.4,14.2,-0.3,0.9,0.6,0.039,-2.8,0.9,-1.8,0
131,Donatas Motiejunas,PF,HOU,0.672,24,67,1887,14.3,0.549,0.19,0.244,7.6,15.8,11.7,10.4,1.3,1.3,13.4,19.1,2.2,2.2,4.4,0.112,-0.8,0.5,-0.3,0.8
132,Terrence Jones,PF,HOU,0.672,23,24,679,18.4,0.554,0.117,0.301,10.2,19.2,14.6,5.3,1.1,4.7,8.8,18.9,1.2,1,2.3,0.161,-1.1,1.4,0.3,0.4
133,Nick Johnson,SG,HOU,0.672,22,20,191,5.6,0.444,0.315,0.333,4,11.1,7.5,5.5,1.8,0.8,16.2,16.8,-0.2,0.2,0,0.006,-5.7,-0.8,-6.4,-0.2
134,Dwight Howard,C,HOU,0.672,29,32,1029,18.1,0.582,0.006,0.632,9.6,28.2,18.8,7.7,1,3.4,17.9,23,0.9,1.8,2.7,0.126,-2.7,1.5,-1.3,0.2
135,James Harden,SG,HOU,0.672,25,66,2425,26.5,0.603,0.374,0.547,2.8,14.8,8.7,35,2.6,1.6,15.3,30.9,9.6,3.6,13.3,0.262,7.2,1.2,8.4,6.4
136,Francisco Garcia,SF,HOU,0.672,33,14,200,3.6,0.347,0.714,0.063,1.6,7.8,4.7,11.1,2.2,2,13.4,16.2,-0.4,0.2,-0.2,-0.04,-5.1,0,-5.1,-0.2
137,Joey Dorsey,PF,HOU,0.672,31,54,606,11.5,0.508,0,0.462,14.5,21.8,18.1,3.9,2.6,2.8,19.9,11.2,0.3,1.1,1.4,0.113,-3.5,2.6,-0.9,0.2
138,Clint Capela,C,HOU,0.672,20,6,20,-22.5,0,0,0.8,16.4,27.8,22.1,6.6,2.5,3.9,18.2,35.8,-0.4,0,-0.3,-0.741,-28,-0.8,-28.8,-0.1
139,Patrick Beverley,PG,HOU,0.672,26,53,1641,11.3,0.503,0.609,0.114,4.3,11.2,7.8,17.1,1.7,1,12.4,16.2,1.6,1.8,3.4,0.099,0.5,0.5,1,1.2
140,Trevor Ariza,SF,HOU,0.672,29,67,2384,12.2,0.521,0.606,0.149,3,13.9,8.4,10.9,2.6,0.4,12.3,16.6,1.8,3.2,5,0.101,0.3,1.3,1.5,2.1
141,Shayne Whittington,PF,IND,0.448,23,20,108,20,0.547,0.143,0.548,10.3,19.2,14.8,9.6,2.4,1.5,8.8,23.9,0.3,0.2,0.5,0.202,0.5,0.1,0.6,0.1
142,David West,PF,IND,0.448,34,52,1518,16.3,0.509,0.03,0.193,6.5,20.1,13.4,19.9,1.4,2.1,13.9,21.4,1,2.4,3.4,0.107,-0.7,2.7,2,1.5
143,C.J. Watson,PG,IND,0.448,30,48,1212,14.4,0.574,0.417,0.379,1.4,10.7,6.1,23,1.8,0.5,17.5,18.4,1.6,1.5,3.1,0.122,0.8,0,0.8,0.8
144,Rodney Stuckey,PG,IND,0.448,28,59,1569,16.6,0.542,0.176,0.296,2.2,12.5,7.4,21,1.6,0.5,12.1,23.6,2.1,1.9,4,0.123,0.8,-0.1,0.8,1.1
145,Donald Sloan,PG,IND,0.448,27,46,1019,13.8,0.504,0.37,0.22,1.3,13.6,7.5,28.2,1.1,0,13.6,19.2,0.9,1.1,2,0.093,0,-0.8,-0.8,0.3
146,Luis Scola,PF,IND,0.448,34,66,1352,16.4,0.507,0.032,0.303,8.6,25.6,17.2,12.3,1.6,0.8,11.7,22.9,0.9,2.3,3.3,0.116,-1.7,1.1,-0.6,0.5
147,Damjan Rudez,SF,IND,0.448,28,56,885,7.6,0.568,0.636,0.106,0.8,4.1,2.4,8.2,0.8,0.4,14.3,13.6,0.4,0.6,1,0.054,-1.2,-1.6,-2.9,-0.2
148,C.J. Miles,SG,IND,0.448,27,55,1404,13,0.503,0.537,0.189,1.2,11,6.2,7.5,1.8,1.1,7.5,23.7,0.4,1.8,2.2,0.076,0.3,-1.1,-0.8,0.4
149,Ian Mahinmi,C,IND,0.448,28,46,884,11.7,0.541,0,0.45,10.2,25.9,18.1,4.9,1.3,2.8,19.5,12.9,0.2,1.6,1.9,0.102,-3.6,2.6,-1,0.2
150,Solomon Hill,SF,IND,0.448,23,67,1999,10.6,0.508,0.328,0.323,3.2,11.4,7.3,11.9,1.6,0.6,13.2,16,0.9,2.4,3.3,0.08,-1,1,0,1
151,George Hill,PG,IND,0.448,28,28,743,20.5,0.551,0.364,0.294,2.4,12.9,7.7,30.4,1.9,0.7,10.1,25.3,1.8,1,2.8,0.181,4.6,-0.1,4.5,1.2
152,Roy Hibbert,C,IND,0.448,28,61,1558,15,0.501,0.002,0.298,8.6,21.9,15.3,7.1,0.4,5.3,12.2,21.3,0.6,2.7,3.3,0.101,-3.4,2.2,-1.3,0.3
153,Chris Copeland,SF,IND,0.448,30,48,821,7.2,0.465,0.537,0.146,3.1,11.4,7.3,9.7,0.7,1.1,15.2,21.4,-1,0.8,-0.2,-0.011,-2.9,-1.4,-4.3,-0.5
154,Lavoy Allen,PF,IND,0.448,25,50,940,16,0.514,0,0.165,12.9,20.6,16.8,10.9,0.7,3.2,10.3,15,1.5,1.4,2.9,0.148,-0.8,2.4,1.7,0.9
155,C.J. Wilcox,SG,LAC,0.638,24,18,84,10.4,0.549,0.452,0.065,1.4,5.3,3.4,12.9,1.2,0,15.8,20.4,0,0,0,0.023,-1.7,-3.7,-5.4,-0.1
156,Ekpe Udoh,PF,LAC,0.638,27,29,106,10.9,0.474,0,0.389,6.5,16.8,11.7,8.8,2.9,4.7,19.2,11.1,0,0.2,0.2,0.089,-3.8,4.3,0.4,0.1
157,Hedo Turkoglu,SF,LAC,0.638,35,49,530,10.3,0.606,0.706,0.029,1.1,14.1,7.7,7.3,1.4,0.9,13.8,13.6,0.4,0.4,0.8,0.077,-0.3,-0.7,-1,0.1
158,J.J. Redick,SG,LAC,0.638,30,65,2013,15.3,0.611,0.498,0.221,1.1,6.7,3.9,9.1,0.8,0.2,8.8,20.4,4.4,0.6,5,0.119,3,-2.7,0.3,1.2
159,Chris Paul,PG,LAC,0.638,29,69,2414,24.8,0.582,0.293,0.252,2.1,12.8,7.5,46.3,2.7,0.4,13.1,23.7,9.7,2.5,12.2,0.242,6.7,0,6.7,5.3
160,DeAndre Jordan,C,LAC,0.638,26,69,2375,20.5,0.641,0.009,0.847,15.7,32.3,24.1,3,1.4,5.3,13.5,13.3,6,4.3,10.3,0.208,0.6,3,3.6,3.4
161,Dahntay Jones,SF,LAC,0.638,34,23,103,3.2,0.435,0.176,0.647,1.1,7.6,4.4,2.5,1.5,0,4.4,10,0,0.1,0.1,0.026,-4.5,-1.1,-5.5,-0.1
162,Spencer Hawes,PF,LAC,0.638,26,60,1113,10.8,0.48,0.422,0.163,3.1,20.1,11.7,10.4,1,3.7,10.5,17.8,0,1.3,1.3,0.056,-2.3,1.2,-1.1,0.3
163,Jordan Hamilton,SF,LAC,0.638,24,8,76,10.2,0.615,0.538,0,1.5,14.7,8.2,4,0,0,10.3,17.2,0.1,0,0.1,0.068,-0.7,-3.8,-4.5,0
164,Blake Griffin,PF,LAC,0.638,25,54,1913,22.8,0.551,0.023,0.379,6.3,18.1,12.3,25.6,1.4,1,10.2,28.6,5.3,1.8,7.1,0.177,3.1,0.8,3.9,2.9
165,Jordan Farmar,PG,LAC,0.638,28,36,529,10,0.513,0.614,0.07,1.7,7.2,4.5,18.1,1.9,0.8,16.4,16.6,0.2,0.4,0.5,0.049,-0.6,-1.4,-2,0
166,Chris Douglas-Roberts,SG,LAC,0.638,28,12,103,3.3,0.387,0.333,0.381,1.1,11.9,6.6,5.1,0.5,0,0,10.8,0,0,0,0.016,-4.4,-1.7,-6.1,-0.1
167,Glen Davis,PF,LAC,0.638,29,62,747,12.1,0.509,0.014,0.361,5.5,15.2,10.4,6.3,2.6,2,10.7,17,0.4,1,1.4,0.087,-2.9,1.1,-1.8,0
168,Jared Cunningham,SG,LAC,0.638,23,19,89,7.4,0.452,0.394,0.394,1.3,10,5.7,16.6,1.7,0,15.3,23.2,-0.1,0.1,-0.1,-0.027,-3.9,-2.8,-6.7,-0.1
169,Jamal Crawford,SG,LAC,0.638,34,60,1612,17.5,0.539,0.43,0.308,1.2,7.1,4.2,15.2,1.7,0.7,8.8,28,2.7,1,3.6,0.108,2.1,-2.9,-0.8,0.5
170,Matt Barnes,SF,LAC,0.638,34,63,1872,11.7,0.59,0.576,0.17,2.2,12.3,7.3,7.3,1.5,1.8,11.8,14.7,2.1,1.6,3.7,0.094,1,0.7,1.7,1.8
171,Nick Young,SG,LAL,0.258,29,42,1000,14.2,0.52,0.473,0.311,1.8,8.9,5.3,6.9,1.2,0.9,7.5,25.9,1.2,0.1,1.3,0.061,1,-4.2,-3.2,-0.3
172,Robert Sacre,C,LAL,0.258,25,55,909,11.1,0.448,0,0.286,8.2,14.6,11.3,7.2,1.3,3.1,8,14.6,0.4,0.5,0.9,0.046,-3,0.5,-2.6,-0.1
173,Julius Randle,PF,LAL,0.258,20,1,14,-7.5,0.258,0,0.667,0,0,0,0,0,0,20.5,15.5,-0.1,0,-0.1,-0.273,-12.1,-4.3,-16.5,-0.1
174,Ronnie Price,PG,LAL,0.258,31,43,982,10.2,0.455,0.489,0.202,2.1,5.8,3.9,24.3,3.5,0.3,17.6,13.3,0.2,0.6,0.8,0.038,-0.9,-0.8,-1.7,0.1
175,Jeremy Lin,PG,LAL,0.258,26,65,1665,15.8,0.545,0.28,0.409,1.3,9.9,5.5,29,2.3,1.4,18.3,21.3,1.7,0.8,2.6,0.074,0.7,-1.2,-0.5,0.6
176,Ryan Kelly,PF,LAL,0.258,23,36,705,6.2,0.443,0.404,0.339,1.5,13.7,7.4,7.5,1,1,11.3,13.9,-0.3,0.2,-0.1,-0.007,-3.6,-1.2,-4.8,-0.5
177,Wesley Johnson,SF,LAL,0.258,27,62,1794,11.5,0.526,0.398,0.177,2.8,11.8,7.2,8.8,1.4,1.7,10.8,15.8,1.3,0.6,1.9,0.05,-0.4,-0.4,-0.7,0.6
178,Jordan Hill,C,LAL,0.258,27,61,1682,16.5,0.501,0.009,0.221,9.8,22.5,15.9,9.3,0.9,2.3,10.9,22.3,1.3,1,2.4,0.067,-1.6,-0.5,-2.1,0
179,Xavier Henry,SF,LAL,0.258,23,9,86,4.9,0.424,0,1.846,2.5,2.6,2.6,4.7,1.8,0,11.3,13.7,0,0,-0.1,-0.028,-5.3,-2.2,-7.6,-0.1
180,Wayne Ellington,SG,LAL,0.258,27,57,1441,12.2,0.514,0.389,0.116,2.1,12.2,7,10.3,1.1,0.1,7.2,18,1.3,0.2,1.4,0.048,0,-2.3,-2.3,-0.1
181,Ed Davis,PF,LAL,0.258,25,66,1575,19.9,0.603,0,0.398,12.9,21.8,17.2,8.7,1.4,4.4,9.4,14.1,4.2,1.4,5.6,0.171,1.5,2.2,3.7,2.2
182,Jordan Clarkson,PG,LAL,0.258,22,44,946,14.9,0.51,0.217,0.251,4.3,9.8,7,19.6,1.6,0.5,11.9,22.1,0.9,0.2,1.1,0.058,0.4,-2.1,-1.7,0.1
183,Kobe Bryant,SG,LAL,0.258,36,35,1207,17.7,0.477,0.258,0.338,2.3,16.2,9,29.7,2,0.5,13.5,34.8,-0.3,0.6,0.3,0.011,1.6,-1.2,0.4,0.7
184,Jabari Brown,SG,LAL,0.258,22,3,60,10.5,0.61,0.333,0.333,0,5.7,2.7,5.4,2.5,0,18.9,15.7,0,0,0,0.014,-2.2,-2.1,-4.3,0
185,Carlos Boozer,PF,LAL,0.258,33,64,1572,16.8,0.524,0,0.211,6.8,25.2,15.7,10,1.2,0.5,10.1,23.5,1.4,1,2.4,0.074,-1.4,-1.4,-2.9,-0.3
186,Beno Udrih,PG,MEM,0.691,32,65,1202,15.9,0.548,0.212,0.2,1.4,9.5,5.5,25.9,1.7,0.5,14,19.6,1.7,1.3,3,0.118,0.4,-1.1,-0.7,0.4
187,Tyrus Thomas,PF,MEM,0.691,28,2,7,31.5,1.064,0,2,0,0,0,22.6,0,0,0,12.3,0.1,0,0.1,0.475,6.8,-8.6,-1.8,0
188,Jarnell Stokes,PF,MEM,0.691,21,17,111,16.2,0.542,0,0.839,15.5,14.3,14.9,4.3,1.9,3,12.4,20,0.2,0.2,0.4,0.154,-1,-0.1,-1.1,0
189,Zach Randolph,PF,MEM,0.691,33,57,1870,19.9,0.537,0.018,0.326,12,26.9,19.5,10.5,1.6,0.6,12.7,24.4,2.8,3.1,5.9,0.151,0.3,0.9,1.2,1.5
190,Kalin Lucas,PG,MEM,0.691,25,1,6,-0.7,0,0,0,0,0,0,0,8.7,0,0,7.6,0,0,0,-0.059,-7.8,6.4,-1.4,0
191,Jon Leuer,PF,MEM,0.691,25,56,788,12.3,0.481,0.106,0.223,7,21.9,14.5,8.9,1.1,0.9,10.2,18.8,0.2,1.1,1.3,0.081,-2.9,-0.1,-3,-0.2
192,Courtney Lee,SG,MEM,0.691,29,65,2002,12.1,0.568,0.355,0.201,1,7.7,4.4,10.3,1.6,0.4,10,15.1,2.5,1.9,4.4,0.107,0.6,0,0.6,1.3
193,Kosta Koufos,C,MEM,0.691,25,67,1108,13.6,0.52,0,0.257,9.5,24.9,17.3,4.7,1.2,4.1,15,15.4,0.5,2,2.5,0.11,-3.5,2.1,-1.4,0.2
194,Marc Gasol,C,MEM,0.691,30,67,2272,21.9,0.563,0.017,0.424,4.8,21.7,13.3,19.4,1.3,4.2,12.5,24.4,4.8,3.9,8.7,0.184,1.3,3.3,4.7,3.8
195,Mike Conley,PG,MEM,0.691,27,60,1910,19.2,0.562,0.306,0.29,1.6,9.7,5.7,28.1,2.2,0.4,13.5,24.1,3.8,2.2,6,0.152,3.5,-0.5,2.9,2.4
196,Vince Carter,SG,MEM,0.691,38,52,828,10.4,0.451,0.562,0.139,2.8,10.5,6.7,11.7,2.1,1.1,8.8,20.8,-0.3,1.1,0.8,0.046,-0.8,-0.7,-1.5,0.1
197,Nick Calathes,SG,MEM,0.691,25,45,626,13.3,0.463,0.187,0.197,2.2,11.4,6.8,28.2,4.3,0.5,18.6,18.8,-0.2,1.2,0.9,0.07,-1.7,1.7,-0.1,0.3
198,Tony Allen,SG,MEM,0.691,33,58,1508,14.5,0.526,0.062,0.271,7.1,11.3,9.2,8.2,4.1,1.5,14.4,16.7,0.8,2.8,3.6,0.116,-0.4,3.5,3,1.9
199,Jordan Adams,SG,MEM,0.691,20,19,151,10.7,0.518,0.302,0.279,1.5,7.5,4.5,8.1,3.8,2.7,17.2,17.7,-0.1,0.3,0.2,0.059,-2.9,1.9,-1,0
200,Hassan Whiteside,C,MIA,0.463,25,38,860,26.4,0.616,0,0.365,16.6,36.2,26.6,0.9,1.2,9.5,11.5,21.1,2.2,1.8,4,0.223,-1.9,0.6,-1.3,0.1
201,Henry Walker,SF,MIA,0.463,27,12,320,7.1,0.455,0.752,0.099,0.4,15.7,8.2,6.5,2.1,1.1,9.5,17.2,-0.2,0.3,0.1,0.012,-1.9,-0.8,-2.7,-0.1
202,Dwyane Wade,SG,MIA,0.463,33,49,1566,22.7,0.543,0.088,0.348,3.7,10.4,7.1,35.3,2.1,0.9,14.4,34.7,2.4,1.1,3.5,0.108,3.4,-0.9,2.4,1.7
203,Shabazz Napier,PG,MIA,0.463,23,50,1002,9.4,0.521,0.522,0.25,2.1,11.4,6.9,19.8,2.1,0.3,24.6,15.6,-0.3,0.7,0.5,0.023,-1.9,-0.6,-2.5,-0.1
204,Josh McRoberts,PF,MIA,0.463,27,17,296,10.2,0.613,0.358,0.245,2.9,15.3,9.3,17.6,2.1,0.9,27.3,12.9,0.1,0.3,0.4,0.069,-1.6,0.6,-1.1,0.1
205,Tyler Johnson,SG,MIA,0.463,22,19,361,14.3,0.579,0.294,0.324,2.4,11.2,6.9,12.2,2.6,1.2,15.3,18,0.4,0.3,0.7,0.092,-0.5,-0.1,-0.7,0.1
206,Udonis Haslem,PF,MIA,0.463,34,49,710,10.1,0.476,0.031,0.35,8.1,22.5,15.4,7.6,1,1.1,11.7,14.2,0.3,0.6,0.9,0.063,-3.6,-0.2,-3.9,-0.3
207,Danny Granger,SF,MIA,0.463,31,30,613,8.6,0.527,0.519,0.228,4.1,11.7,7.9,4.5,1.1,0.8,11.9,15.6,0.2,0.3,0.6,0.044,-1.4,-1.8,-3.2,-0.2
208,James Ennis,SF,MIA,0.463,24,50,745,10.6,0.525,0.373,0.373,6,13.8,10,6.5,1.6,1.5,13.4,14.2,0.5,0.6,1.1,0.073,-1.7,-0.3,-2,0
209,Luol Deng,SF,MIA,0.463,29,59,1985,16.1,0.58,0.272,0.344,5.1,12.8,9,10.1,1.5,0.7,11.5,19.7,3.5,1.3,4.7,0.114,1.5,-0.7,0.8,1.4
210,Andre Dawkins,SG,MIA,0.463,23,4,22,-5.1,0.25,1,0,0,10.8,5.5,6.7,0,0,14.3,15.1,-0.1,0,-0.1,-0.175,-7.5,-4,-11.5,-0.1
211,Mario Chalmers,PG,MIA,0.463,28,66,2009,12.4,0.526,0.364,0.413,1.3,9.2,5.3,21.6,2.8,0.4,17.9,19.2,0.9,1.7,2.7,0.063,-0.3,-0.4,-0.7,0.7
212,Shannon Brown,SG,MIA,0.463,29,5,89,4.4,0.482,0.368,0.211,0,1.3,0.7,5.2,2.4,0,16.2,13.2,-0.1,0,0,-0.018,-4.2,-2,-6.2,-0.1
213,Chris Bosh,C,MIA,0.463,30,44,1556,19.8,0.548,0.226,0.311,3.7,20.2,12.1,12.1,1.4,1.4,10.1,28.6,2.1,1.4,3.6,0.11,0.9,-1.1,-0.2,0.7
214,Michael Beasley,SF,MIA,0.463,26,11,246,9.1,0.457,0.16,0.094,4.5,15.5,10.1,6,1.7,1,11.3,23.9,-0.3,0.2,-0.1,-0.022,-4.8,-2.1,-6.9,-0.3
215,Chris Andersen,C,MIA,0.463,36,50,974,16.3,0.634,0.065,0.621,7.8,23.5,15.8,6.1,1.3,4.4,11.5,11.8,2.1,1.3,3.3,0.163,-0.8,2.2,1.4,0.8
216,Larry Sanders,C,MIL,0.5,26,27,586,15.3,0.507,0,0.279,13.3,19,16.2,6.3,2.3,5.6,12.7,17.1,0.4,1.2,1.6,0.133,-1.9,3.5,1.6,0.5
217,Jabari Parker,SF,MIL,0.5,19,25,738,14.6,0.527,0.061,0.251,7.9,13.4,10.7,9.6,2.1,0.6,13.9,20.8,0.4,1,1.4,0.088,-1.3,0.3,-1,0.2
218,Zaza Pachulia,C,MIL,0.5,30,59,1343,14.2,0.488,0.007,0.309,12.3,20,16.2,15.6,2.1,1.1,18.5,19.3,0.4,2.2,2.6,0.094,-1.8,2,0.2,0.7
219,Johnny O'Bryant,PF,MIL,0.5,21,29,325,3.7,0.384,0,0.21,7.9,10.7,9.3,6.7,0.8,1,16.1,19,-0.7,0.3,-0.4,-0.062,-7.3,-1.4,-8.7,-0.5
220,Khris Middleton,PF,MIL,0.5,23,65,1891,15.9,0.568,0.306,0.188,2.3,14.9,8.7,12,2.7,0.5,10.5,19.6,2.6,2.9,5.5,0.14,1,0.7,1.7,1.8
221,O.J. Mayo,SG,MIL,0.5,27,59,1434,13.2,0.523,0.387,0.199,2.1,10,6.1,19.1,1.6,0.9,14.2,23.8,0.6,1.6,2.1,0.072,-0.1,-1.4,-1.5,0.2
222,Kenyon Martin,PF,MIL,0.5,37,11,104,10.1,0.437,0,0.091,6.7,14.1,10.5,7.1,2.5,4.9,11.6,11.3,0,0.2,0.2,0.086,-4.3,3.7,-0.6,0
223,Kendall Marshall,PG,MIL,0.5,23,28,417,12.5,0.562,0.455,0.089,0.6,7,3.8,31.4,2.6,0,25,15.2,0.3,0.5,0.8,0.089,-1.6,-2.3,-3.9,-0.2
224,Ersan Ilyasova,PF,MIL,0.5,27,44,923,15.5,0.539,0.333,0.185,6.8,17.3,12.2,7,1.4,1.1,7.4,22,1.2,1.2,2.4,0.126,0.3,-1.4,-1.1,0.2
225,John Henson,C,MIL,0.5,24,53,972,17.8,0.596,0,0.428,10.3,18,14.2,7.5,1.1,8.5,18,18.1,1.1,1.8,2.9,0.144,-2,4.2,2.2,1
226,Jared Dudley,SG,MIL,0.5,29,64,1530,12.5,0.577,0.451,0.164,3.2,11.4,7.4,11.4,2,0.5,11.6,13.8,2,1.8,3.8,0.119,0.5,0.4,0.9,1.1
227,Jerryd Bayless,PG,MIL,0.5,26,64,1430,12.5,0.54,0.225,0.274,1.2,12.2,6.8,21.7,1.8,0.6,17.6,18.7,0.9,1.7,2.6,0.088,-1.5,-0.3,-1.8,0.1
228,Giannis Antetokounmpo,SG,MIL,0.5,20,68,2095,15.4,0.555,0.061,0.431,4.7,19.9,12.5,13.3,1.7,3,15.8,19.6,1.9,3.5,5.4,0.123,-1.4,2.6,1.1,1.6
229,Andrew Wiggins,SG,MIN,0.209,19,67,2343,13.1,0.508,0.124,0.353,5,9.1,7,8.7,1.5,1.3,11.2,21.7,1.3,0.2,1.5,0.03,-0.7,-1.6,-2.3,-0.2
230,Ronny Turiaf,C,MIN,0.209,32,2,19,4.3,,,,0,6.2,3,13.8,0,0,,0,0,0,0,0.012,-5.6,-1.8,-7.4,0
231,Ricky Rubio,PG,MIN,0.209,24,22,692,15.2,0.452,0.233,0.324,3,18.1,10.2,42.9,2.8,0.1,20.4,19.8,0.1,0.4,0.5,0.037,0.1,-0.3,-0.2,0.3
232,Miroslav Raduljica,C,MIN,0.209,27,5,23,3.3,0.45,0,0.25,9.5,15.4,12.3,0,2.2,0,18.4,20.6,0,0,0,-0.052,-8,-5.9,-13.9,-0.1
233,Nikola Pekovic,C,MIN,0.209,29,31,815,16.6,0.502,0,0.393,11.9,21,16.3,5.6,1.2,1.1,9.8,22.8,1,0.3,1.3,0.074,-1.6,-2.6,-4.2,-0.4
234,Shabazz Muhammad,SG,MIN,0.209,22,38,866,19.8,0.556,0.128,0.365,7.9,12.4,10.1,9.4,1.1,0.6,7.1,25,2.1,0,2.1,0.115,2.1,-3.6,-1.5,0.1
235,Kevin Martin,SG,MIN,0.209,31,31,1020,17.7,0.569,0.332,0.301,1.7,12,6.7,11.4,1.2,0.1,9.8,26.2,2,0,2,0.092,2.6,-3.8,-1.2,0.2
236,Zach LaVine,PG,MIN,0.209,19,62,1301,9.9,0.501,0.219,0.235,1.5,10.9,6,23.5,1.7,0.4,21.8,20.7,-0.9,0.1,-0.8,-0.03,-2.7,-2.4,-5,-1
237,Robbie Hummel,SF,MIN,0.209,25,36,539,11.3,0.565,0.301,0.195,5.7,15.5,10.4,6.3,1.4,1.2,10.1,12,0.7,0.1,0.8,0.073,-0.9,-1.1,-2,0
238,Gorgui Dieng,C,MIN,0.209,25,67,1984,17.1,0.561,0.011,0.479,11.6,21.1,16.2,10.8,1.6,4.3,16.9,15,3,1.5,4.5,0.108,0.1,2.5,2.6,2.3
239,Chase Budinger,SF,MIN,0.209,26,53,807,10,0.492,0.366,0.159,2.6,16.5,9.3,8.1,1.6,0.6,11.4,16.1,0,0.2,0.2,0.015,-2.4,-1.8,-4.2,-0.4
240,Lorenzo Brown,PG,MIN,0.209,24,14,161,11.3,0.444,0.171,0.286,4.1,10.2,7,30.3,2.5,0.5,20.2,13.4,0,0,0.1,0.024,-2.3,-1.7,-4,-0.1
241,Anthony Bennett,PF,MIN,0.209,21,53,840,11,0.453,0.062,0.225,6.1,21.7,13.6,8.2,1.4,1.5,9.3,17.3,0,0.4,0.3,0.019,-3.7,-1,-4.7,-0.6
242,Jeff Adrien,PF,MIN,0.209,28,17,215,14.1,0.494,0,0.864,11.7,29.6,20.3,10.3,0.9,3.3,12.9,14.1,0.2,0.2,0.4,0.09,-2.6,0.7,-1.9,0
243,Jeff Withey,C,NOP,0.552,24,32,202,17.1,0.558,0,0.691,9.6,17.4,13.5,4.6,0.5,4.9,8.9,17.7,0.4,0.2,0.6,0.147,-1.8,-0.7,-2.5,0
244,John Salmons,SF,NOP,0.552,35,21,270,5.1,0.422,0.542,0.083,1.7,7.1,4.4,6.6,1.7,1.1,9.1,9.2,0,0.1,0.1,0.017,-2.7,-0.3,-3,-0.1
245,Darius Miller,SF,NOP,0.552,24,5,43,-5.1,0.143,0.143,0,0,2.6,1.3,6.1,1.2,0,12.5,8.4,-0.1,0,-0.1,-0.122,-8.2,-1.6,-9.8,-0.1
246,Gal Mekel,PG,NOP,0.552,26,4,43,0.6,0.15,0.15,0,0,2.6,1.3,42.2,2.4,0,9.1,23.2,-0.2,0,-0.2,-0.235,-10.2,-6.4,-16.6,-0.2
247,Jrue Holiday,PG,NOP,0.552,24,37,1247,18.6,0.519,0.251,0.145,2.7,9.1,5.9,34.9,2.5,1.4,14.1,23,2.1,1,3.1,0.119,2.9,-0.7,2.3,1.3
248,Eric Gordon,SG,NOP,0.552,26,46,1540,12.7,0.546,0.456,0.18,1.6,8.2,4.9,18.1,1.4,0.6,15,19.4,1.6,0.6,2.2,0.068,1.4,-1.7,-0.4,0.6
249,Jimmer Fredette,PG,NOP,0.552,25,45,465,10.4,0.481,0.297,0.258,2,6.8,4.4,17.3,1.5,0.3,13.5,19.5,0.2,0.2,0.3,0.032,-2,-3.1,-5.1,-0.4
250,Tyreke Evans,SF,NOP,0.552,25,65,2258,17,0.498,0.196,0.248,3.5,14.1,8.8,31.5,1.8,1,15.7,26.2,1.6,1.7,3.3,0.07,1.3,-0.1,1.2,1.8
251,Toney Douglas,PG,NOP,0.552,28,3,66,17,0.511,0.318,0.455,1.7,10.3,6,28,3.2,2.3,15.9,21.6,0.1,0.1,0.1,0.101,0.2,-0.3,-0.1,0
252,Anthony Davis,PF,NOP,0.552,21,55,1977,31.2,0.599,0.01,0.373,8.3,24.5,16.4,10.4,2.1,6.2,6.5,27.8,8.3,3.3,11.5,0.28,4.3,2.6,6.9,4.4
253,Dante Cunningham,PF,NOP,0.552,27,51,1304,8.9,0.476,0.022,0.14,4.9,11.6,8.3,4.2,1.5,1.6,9.2,11,0.4,0.8,1.2,0.045,-2.4,0.7,-1.7,0.1
254,Luke Babbitt,SF,NOP,0.552,25,55,751,11.4,0.655,0.642,0.103,1.7,14.2,7.9,4.3,1.1,1,11.3,11.8,1.1,0.4,1.6,0.1,0.4,-1.4,-1,0.2
255,Omer Asik,C,NOP,0.552,28,63,1648,15.9,0.555,0,0.579,14,29.2,21.6,5.3,0.8,2.3,16.2,13.9,2.4,1.8,4.3,0.124,-1.2,0.6,-0.6,0.6
256,Ryan Anderson,PF,NOP,0.552,26,52,1486,16.5,0.535,0.498,0.212,7.6,12.6,10.1,5.5,1.1,0.8,7.3,23.5,2.8,0.7,3.5,0.114,2.7,-3.2,-0.5,0.6
257,Alexis Ajinca,C,NOP,0.552,26,53,744,20.3,0.614,0,0.323,12.4,25.3,18.9,7.5,1.1,3.9,15.9,20.8,1.7,0.9,2.6,0.17,-0.1,0.3,0.2,0.4
258,Travis Wear,SF,NYK,0.209,24,48,620,8.8,0.458,0.149,0.119,4.7,13.4,8.9,9.7,1.1,1.4,13.5,18.2,-0.4,0.1,-0.3,-0.022,-4.4,-1.9,-6.3,-0.7
259,Jason Smith,C,NYK,0.209,28,67,1424,11.8,0.492,0.044,0.251,6.4,14.4,10.3,12.9,0.9,1.6,12.5,19.5,0.5,0.4,0.9,0.03,-2.5,-1.3,-3.8,-0.6
260,Shane Larkin,PG,NYK,0.209,22,61,1372,10.5,0.5,0.292,0.165,1.6,8.8,5.1,17.9,2.8,0.5,14.6,13.6,0.5,0.6,1.1,0.04,-1.6,-0.7,-2.3,-0.1
261,Tim Hardaway,SG,NYK,0.209,22,63,1483,12.2,0.509,0.484,0.208,0.8,10.4,5.5,13,0.6,0.7,8.9,23.8,0.8,-0.1,0.7,0.023,0.2,-4.3,-4.1,-0.8
262,Langston Galloway,PG,NYK,0.209,23,30,918,12.6,0.498,0.352,0.177,3.5,13,8.1,16.5,1.7,0.8,10,18.6,0.7,0.3,1,0.052,0.2,-1.2,-1,0.2
263,Cleanthony Early,SF,NYK,0.209,23,31,498,7.2,0.421,0.357,0.223,3.4,13.4,8.2,8.3,1.8,1.7,13.1,18.4,-0.7,0.2,-0.5,-0.044,-4.5,-1.3,-5.9,-0.5
264,Samuel Dalembert,C,NYK,0.209,33,32,544,11.9,0.461,0,0.154,10.9,25.1,17.8,8.5,1.4,6.4,21.9,15.1,-0.4,0.6,0.3,0.022,-5.1,3.1,-2.1,0
265,Jose Calderon,PG,NYK,0.209,33,42,1270,11.4,0.519,0.401,0.09,1.7,9.8,5.6,25.3,1.3,0,16.9,16.1,0.8,0,0.8,0.031,-0.4,-2.6,-3,-0.3
266,Andrea Bargnani,C,NYK,0.209,29,18,471,16.9,0.53,0.086,0.343,4.7,14.6,9.5,12.1,0.2,2.7,9.7,26.2,0.5,0.1,0.6,0.062,-1,-2.7,-3.7,-0.2
267,Carmelo Anthony,SF,NYK,0.209,30,40,1428,21.7,0.531,0.222,0.294,5.6,16,10.7,17.7,1.5,1,8.9,32.3,2.4,0.5,3,0.099,3.6,-2.2,1.4,1.2
268,Cole Aldrich,C,NYK,0.209,26,49,791,16.8,0.493,0,0.177,11.9,26.9,19.2,11.9,1.9,5.5,15,17.5,0.4,1,1.5,0.09,-2.6,2.9,0.3,0.5
269,Quincy Acy,PF,NYK,0.209,24,53,1012,11.1,0.524,0.15,0.263,7.3,20.3,13.6,8.1,1,1.3,14.8,14.7,0.6,0.5,1,0.049,-2.6,-0.8,-3.4,-0.4
270,Russell Westbrook,PG,OKC,0.559,26,53,1792,29.6,0.539,0.176,0.451,6.4,16.2,11.4,47.8,3.2,0.4,14.4,38.3,5.9,2.7,8.7,0.232,9,2.5,11.5,6.1
271,Sebastian Telfair,PG,OKC,0.559,29,16,327,11.5,0.479,0.48,0.272,0.7,8.9,4.9,21.1,1.5,0,11.4,20.9,0.2,0.3,0.5,0.067,-0.5,-2.7,-3.3,-0.1
272,Andre Roberson,SG,OKC,0.559,23,60,1177,9.4,0.522,0.392,0.265,5.2,15.8,10.7,7.5,2,1.9,17.2,9,0.6,1.6,2.2,0.088,-1.8,2.3,0.5,0.7
273,Anthony Morrow,SG,OKC,0.559,29,60,1413,14,0.585,0.508,0.144,2.6,8.8,5.7,5.4,1.4,0.4,5.6,16.5,3.1,1.1,4.2,0.141,1.8,-1.8,0,0.7
274,Mitch McGary,PF,OKC,0.559,22,19,280,19.3,0.554,0.01,0.305,13.7,22.7,18.3,3.6,1.6,2.5,10.5,20.6,0.5,0.4,1,0.167,-1.4,-1.1,-2.5,0
275,Jeremy Lamb,SG,OKC,0.559,22,41,584,15,0.545,0.451,0.226,1.3,15.9,8.8,11.4,1.8,0.8,9.8,20.4,0.9,0.7,1.6,0.131,0.1,-1.2,-1.1,0.1
276,Perry Jones,SF,OKC,0.559,23,36,566,7,0.477,0.333,0.214,1,12.1,6.7,3.6,1.2,1,11.2,15,-0.2,0.5,0.3,0.026,-4.1,-1.2,-5.3,-0.5
277,Serge Ibaka,PF,OKC,0.559,25,64,2116,16.6,0.549,0.261,0.14,7,17.9,12.6,4.2,0.7,5.8,10.4,19,2.9,3,5.8,0.132,-0.6,1.5,0.9,1.5
278,Kevin Durant,SF,OKC,0.559,26,27,913,27.7,0.633,0.34,0.366,1.9,18.5,10.4,22.6,1.3,2.2,12,29.2,3.7,1.1,4.9,0.257,6.5,0,6.4,1.9
279,Nick Collison,PF,OKC,0.559,34,61,982,11,0.482,0.247,0.265,9,15.2,12.2,11.6,1.7,1.7,14.4,12.8,0.8,1.2,2,0.099,-1.2,1.4,0.1,0.5
280,Steven Adams,C,OKC,0.559,21,56,1375,14,0.559,0.003,0.481,12,19,15.6,6.1,1,4,18.6,14.7,1.3,1.9,3.2,0.113,-1.6,2,0.4,0.8
281,Nikola Vucevic,C,ORL,0.3,24,62,2127,21.8,0.553,0.003,0.194,10.7,26.8,18.6,10.2,1.2,1.8,10.5,25.9,3.9,2.1,6,0.135,0.6,-0.2,0.4,1.3
282,Luke Ridnour,PG,ORL,0.3,33,42,600,10.4,0.511,0.342,0.135,1.5,10.7,6,21.6,1.5,0.4,17.2,15.1,0.3,0.3,0.6,0.045,-2.1,-1.8,-3.9,-0.3
283,Elfrid Payton,PG,ORL,0.3,20,70,2043,12.9,0.449,0.055,0.321,4.5,11.3,7.9,32,2.7,0.6,20.8,18.6,-0.6,1.7,1.1,0.025,-2,0.5,-1.6,0.2
284,Victor Oladipo,PG,ORL,0.3,22,60,2105,16.4,0.534,0.217,0.302,2.2,11.4,6.7,19.5,2.5,0.5,14.2,25,1.6,1.6,3.2,0.072,0.8,-0.5,0.2,1.2
285,Kyle O'Quinn,PF,ORL,0.3,24,47,768,14.8,0.557,0.181,0.231,5.5,21.5,13.4,11.7,1.9,4.2,17.6,17.5,0.5,1,1.4,0.09,-2.1,2.2,0.1,0.4
286,Andrew Nicholson,PF,ORL,0.3,25,28,289,8.9,0.441,0.189,0.115,3.5,14.5,8.9,6.2,0.7,2.3,9.2,22.2,-0.4,0.2,-0.2,-0.034,-5.5,-2.6,-8,-0.4
287,Devyn Marble,SG,ORL,0.3,22,16,208,5.9,0.362,0.5,0.364,2.7,14.5,8.5,11.5,2.2,0.8,15,13.1,-0.3,0.2,-0.1,-0.034,-4.6,0.2,-4.4,-0.1
288,Tobias Harris,SF,ORL,0.3,22,59,2046,16.6,0.548,0.243,0.265,3.3,17.4,10.2,9.4,1.5,1.3,10,22.5,2.5,1.5,4,0.094,0.3,-0.6,-0.3,0.9
289,Maurice Harkless,SF,ORL,0.3,21,37,564,9.7,0.463,0.357,0.25,6.7,11.7,9.2,6.6,2.6,1,12.4,14.3,0,0.5,0.4,0.037,-2.2,0.2,-2,0
290,Willie Green,SG,ORL,0.3,33,42,746,8,0.475,0.361,0.122,1.9,8.3,5,11.7,1.2,0.4,12.9,17.6,-0.3,0.2,-0.1,-0.004,-2.8,-2.3,-5.1,-0.6
291,Ben Gordon,SG,ORL,0.3,31,54,759,10.5,0.536,0.33,0.221,0.9,8.1,4.4,9.9,0.9,0.1,14.5,21.9,0,0.2,0.1,0.009,-2.5,-3.8,-6.3,-0.8
292,Aaron Gordon,PF,ORL,0.3,19,35,530,12.1,0.574,0.239,0.358,5.3,18,11.5,5.8,1.1,2.5,17.1,16.1,0.3,0.4,0.7,0.065,-2.7,-0.3,-3,-0.1
293,Channing Frye,PF,ORL,0.3,31,69,1798,9.6,0.55,0.72,0.069,1.5,16.5,8.8,7.5,1.3,1.7,13.2,14,0.7,1.3,2,0.053,-0.6,0,-0.7,0.6
294,Evan Fournier,SG,ORL,0.3,22,56,1615,12.2,0.539,0.384,0.253,1.8,8.6,5.1,11.7,1.3,0.1,11.2,19.7,1.3,0.5,1.8,0.053,0.1,-2.3,-2.2,-0.1
295,Dewayne Dedmon,C,ORL,0.3,25,50,677,13.9,0.567,0.007,0.403,15.5,23.7,19.5,1.6,1,5.2,18.6,13,0.7,0.8,1.5,0.109,-3.2,0.4,-2.9,-0.1
296,Tony Wroten,SG,PHI,0.235,21,30,895,14.9,0.494,0.327,0.415,2.6,8.1,5.2,35.3,2.7,0.7,18,30.6,-0.6,0.9,0.3,0.014,0.3,-1.7,-1.4,0.1
297,Hollis Thompson,SG,PHI,0.235,23,57,1430,10.4,0.533,0.545,0.171,2.8,10.3,6.4,7.9,1.7,1.4,11.3,15.2,0.6,1.2,1.9,0.063,-1.7,-0.4,-2.1,0
298,Malcolm Thomas,PF,PHI,0.235,26,17,194,8.2,0.492,0.175,0.325,8.6,23.4,15.7,6,0.8,0.4,22.1,13.2,-0.1,0.2,0.1,0.024,-6.4,-1,-7.4,-0.3
299,Henry Sims,C,PHI,0.235,24,63,1223,14.9,0.531,0.041,0.272,8.8,20,14.1,11.2,1.4,1.4,15,20.8,0.6,1.4,2,0.079,-3,-0.2,-3.2,-0.4
300,JaKarr Sampson,SF,PHI,0.235,21,60,852,8.8,0.503,0.349,0.274,3,13.2,7.9,11,1.6,2.1,17.5,17.6,-0.5,0.9,0.3,0.019,-4.5,-0.3,-4.8,-0.6
301,Jason Richardson,SG,PHI,0.235,34,11,265,11.9,0.455,0.514,0.135,3.5,15.4,9.2,17.2,1.7,0.6,7.1,20.9,0.1,0.3,0.3,0.057,-1,-1.4,-2.4,0
302,Nerlens Noel,PF,PHI,0.235,20,64,1965,13.8,0.484,0,0.34,7.7,20.3,13.7,9.3,2.9,5,17.3,16.5,-0.8,3.6,2.8,0.069,-4.4,4.6,0.2,1.1
303,Luc Mbah a Moute,PF,PHI,0.235,28,59,1711,10.6,0.471,0.302,0.249,4.6,14.6,9.4,10.1,2.1,0.8,13,18.5,-0.9,1.8,0.9,0.026,-3.2,0.1,-3.1,-0.5
304,Malcolm Lee,SG,PHI,0.235,24,1,2,-19.7,0,0,0,0,0,0,0,0,0,0,21.9,0,0,0,-0.528,-22,-6.6,-28.6,0
305,Jerami Grant,SF,PHI,0.235,20,52,1032,10.2,0.502,0.409,0.557,4.4,12.1,8.1,8.8,1.5,4.1,16.3,16.6,-0.2,1.1,0.9,0.042,-3.8,1,-2.8,-0.2
306,Drew Gordon,C,PHI,0.235,24,9,71,3.7,0.428,0.158,0.105,10.2,17.6,13.7,4.9,0.7,0,28.7,17.2,-0.2,0.1,-0.1,-0.092,-9,-2.3,-11.3,-0.2
307,Tim Frazier,PG,PHI,0.235,24,6,171,5.9,0.343,0.256,0.349,2.4,9.9,6,40.8,1.8,0,26.6,17.3,-0.4,0.1,-0.3,-0.07,-6.6,-2.7,-9.3,-0.3
308,Larry Drew,PG,PHI,0.235,24,12,219,4.5,0.388,0.448,0.052,0.5,7.2,3.7,34.2,1.4,0,29.6,16.8,-0.5,0.1,-0.4,-0.087,-7.3,-4.1,-11.4,-0.5
309,Robert Covington,SF,PHI,0.235,24,56,1548,14.2,0.541,0.582,0.263,3.4,15,9,9.6,2.7,1.2,12.5,21.4,0.9,2,2.9,0.091,0.2,-0.2,0,0.8
310,Furkan Aldemir,PF,PHI,0.235,23,28,291,12.4,0.495,0.029,0.286,16.4,22.6,19.4,8.7,1.9,3.6,21.8,7.6,0.3,0.5,0.7,0.123,-3.3,3.3,-0.1,0.1
311,T.J. Warren,SF,PHO,0.515,21,27,311,15,0.556,0.127,0.102,9.5,8.6,9,4.2,1.3,0.7,10.8,19.4,0.4,0.1,0.6,0.088,-0.8,-2.7,-3.5,-0.1
312,P.J. Tucker,SF,PHO,0.515,29,64,1910,12.8,0.555,0.446,0.229,5.2,18.4,11.7,7.4,2.2,0.8,12.9,13.4,2.2,2.1,4.2,0.106,0.3,1.2,1.5,1.7
313,Markieff Morris,PF,PHO,0.515,25,68,2109,15.8,0.522,0.17,0.203,4.5,16.2,10.3,11.6,2.1,1.2,12,23.4,1.6,2.1,3.7,0.084,-0.6,0.1,-0.5,0.8
314,Marcus Morris,PF,PHO,0.515,25,68,1624,14,0.532,0.411,0.15,4.2,15.2,9.7,9.5,1.5,0.7,8.5,19.4,2.1,1.2,3.3,0.097,0.6,-1.1,-0.5,0.6
315,Alex Len,C,PHO,0.515,21,63,1370,13.9,0.557,0.01,0.316,9.9,23.4,16.6,2.9,1.2,5.4,15.6,13.5,1.4,1.9,3.3,0.115,-2.9,2.1,-0.8,0.4
316,Gerald Green,SG,PHO,0.515,29,63,1244,14.5,0.522,0.509,0.148,2.7,11.8,7.3,10.8,1.6,0.7,11.5,27.7,0.6,0.8,1.4,0.055,0.5,-3.1,-2.6,-0.2
317,Archie Goodwin,SG,PHO,0.515,20,27,266,12.7,0.475,0.231,0.454,7,11.3,9.1,15.9,1.5,1.4,14.5,24.9,0,0.2,0.2,0.039,-2.2,-1.7,-3.9,-0.1
318,Seth Curry,PG,PHO,0.515,24,2,8,-11.5,0,0.333,0,0,27.7,13.8,15.4,0,0,0,16.4,-0.1,0,0,-0.296,-14.1,-1.8,-15.9,0
319,Eric Bledsoe,PG,PHO,0.515,25,67,2302,19.3,0.57,0.258,0.436,3,14.4,8.7,27.6,2.4,1.3,18.5,23.6,4.2,2.3,6.5,0.136,2.3,0.9,3.2,3
320,Earl Barron,C,PHO,0.515,33,9,54,5.7,0.447,0.067,0.267,12.2,8.2,10.2,2.6,1.8,0,15.2,16,0,0,0,0.018,-3.9,-2.3,-6.2,-0.1
321,Dorell Wright,SF,POR,0.667,29,40,443,13.1,0.547,0.604,0.239,2.2,16.4,9.4,10,1.8,1.3,9.8,16.6,0.6,0.7,1.2,0.135,0.1,0.7,0.8,0.3
322,C.J. McCollum,SG,POR,0.667,23,47,600,9.8,0.49,0.433,0.202,1.3,6.6,4,9.9,2,0.4,9.9,18.8,0.1,0.7,0.7,0.059,-1.6,-0.8,-2.5,-0.1
323,Wesley Matthews,SG,POR,0.667,28,60,2024,16.1,0.585,0.592,0.193,2.1,9.5,5.9,11,1.9,0.4,9,19.9,4,2.4,6.4,0.152,3.8,0.2,4,3
324,Robin Lopez,C,POR,0.667,26,43,1223,16.1,0.564,0.003,0.279,12.9,13.1,13,5.3,0.6,3.9,13,15.7,2.2,1.6,3.8,0.151,-0.1,2.3,2.3,1.3
325,Damian Lillard,PG,POR,0.667,24,66,2386,21,0.562,0.427,0.303,1.9,12.1,7.1,29,1.9,0.5,12.6,26.7,6.1,3,9.2,0.184,5.2,0.4,5.6,4.5
326,Meyers Leonard,C,POR,0.667,22,43,612,14.8,0.647,0.48,0.154,5.7,23.8,15,4.6,0.6,1.1,12.2,15.6,1.3,0.9,2.2,0.169,0.3,-0.4,0,0.3
327,Chris Kaman,C,POR,0.667,32,63,1235,16.4,0.527,0,0.2,11.2,24.8,18.1,7.9,0.6,2.9,15.4,22.4,0.7,2,2.7,0.107,-2.9,1.2,-1.7,0.1
328,Joel Freeland,C,POR,0.667,27,34,427,11.5,0.503,0,0.192,13.1,22.6,17.9,4.5,0.6,2.7,16.4,13.5,0.3,0.7,1,0.112,-3.3,1.4,-1.9,0
329,Allen Crabbe,SG,POR,0.667,22,40,479,8.9,0.55,0.615,0.094,1.1,8.3,4.8,8.8,1.4,2.1,9.1,10.3,0.5,0.6,1,0.104,-1,1.3,0.3,0.3
330,Victor Claver,SF,POR,0.667,26,10,76,9.2,0.6,0.55,0,4.3,23.5,14.1,2,0.7,0.9,16.7,14.1,0,0.1,0.1,0.091,-3,-1.1,-4.1,0
331,Steve Blake,PG,POR,0.667,34,66,1294,9.2,0.513,0.654,0.124,1.2,8.4,4.8,25.6,1.3,0.3,23.7,12.7,0.6,1.3,1.9,0.071,-1.3,-0.7,-2.1,0
332,Nicolas Batum,SF,POR,0.667,26,59,2018,13,0.512,0.506,0.167,2.6,15.5,9.2,20.7,1.6,1.3,16.5,14.7,1.7,2.8,4.5,0.108,0.4,2.6,3,2.5
333,LaMarcus Aldridge,PF,POR,0.667,29,59,2126,22.6,0.526,0.066,0.258,8.1,23,15.7,9.4,1,2,7.4,29.9,4.2,3.4,7.5,0.17,0.2,0.3,0.5,1.3
334,Derrick Williams,PF,SAC,0.328,23,59,1084,12,0.543,0.331,0.391,2.9,12.4,7.8,4.7,1.2,0.1,9.6,17.8,1.1,0.3,1.4,0.061,-0.9,-2.7,-3.6,-0.4
335,Jason Thompson,PF,SAC,0.328,28,66,1623,9.8,0.506,0.003,0.34,8,21,14.7,5.8,0.9,2.1,15,12.3,0.7,1.1,1.8,0.053,-2.5,0.8,-1.8,0.1
336,David Stockton,PG,SAC,0.328,23,1,7,-11.1,0.205,0.5,0.5,0,31.5,16.3,19.1,0,0,45,27.9,-0.1,0,-0.1,-0.501,-18.8,-1.6,-20.4,0
337,Nik Stauskas,SG,SAC,0.328,21,59,850,7,0.484,0.498,0.242,1.3,6.7,4.1,8.1,0.8,1.1,10.5,14.3,0.2,0.1,0.2,0.014,-2,-2.3,-4.3,-0.5
338,Eric Moreland,PF,SAC,0.328,23,3,2,41,1,0,0,0,55.1,28.5,0,0,0,0,22,0,0,0,0.427,5.9,-10.3,-4.4,0
339,Quincy Miller,PF,SAC,0.328,22,6,61,11.1,0.372,0.389,0.611,3.9,18.1,11.2,7.2,5,3.9,11.6,18.7,-0.1,0.1,0,0.009,-4.4,3,-1.4,0
340,Ben McLemore,SG,SAC,0.328,21,67,2188,9.6,0.544,0.479,0.192,1.4,8.6,5.1,7.7,1.2,0.6,13.3,16.8,1.2,0.4,1.5,0.034,0.1,-1.5,-1.4,0.3
341,Ray McCallum,PG,SAC,0.328,23,53,955,11.9,0.49,0.239,0.159,4.3,9.4,6.9,22,1.4,0.6,14.9,18.2,0.4,0.2,0.7,0.034,-0.6,-1.8,-2.4,-0.1
342,Carl Landry,PF,SAC,0.328,31,59,998,15,0.579,0,0.38,10.6,16,13.4,4.1,0.6,1.1,11.3,17.9,2,0.3,2.3,0.113,-0.6,-2.5,-3.1,-0.3
343,Ryan Hollins,C,SAC,0.328,30,39,359,13,0.661,0,0.694,9.9,16.9,13.5,6.1,0.7,3.3,22.1,12.7,0.5,0.2,0.7,0.098,-1.3,0.2,-1.1,0.1
344,Rudy Gay,SF,SAC,0.328,28,61,2165,19.3,0.55,0.192,0.341,4.8,13.8,9.4,19.4,1.5,1.2,12.5,26.7,4.1,1,5.2,0.115,2.8,-0.8,2,2.2
345,Reggie Evans,PF,SAC,0.328,34,38,657,11.5,0.493,0.018,0.805,14.8,28.4,21.8,5.4,1.4,0.5,19,12.7,0.4,0.6,1,0.073,-2.4,-0.2,-2.6,-0.1
346,DeMarcus Cousins,C,SAC,0.328,24,52,1761,24.8,0.549,0.007,0.52,10.5,30.2,20.7,19,2.1,3.8,16.4,33.5,2.6,2.6,5.2,0.141,1.2,2.7,3.9,2.6
347,Darren Collison,PG,SAC,0.328,27,45,1565,17.6,0.575,0.293,0.335,1.4,8.7,5.2,27.6,2.2,0.7,15.1,20.9,3.1,0.7,3.8,0.115,3,-1.3,1.7,1.4
348,Omri Casspi,SF,SAC,0.328,26,53,985,13.1,0.551,0.162,0.472,5.5,17.1,11.5,10.9,0.9,0.6,15.1,18.1,1,0.4,1.4,0.07,-1.1,-1.3,-2.4,-0.1
349,Reggie Williams,SF,SAS,0.627,28,9,46,6.7,0.397,0.556,0.111,0,14.7,7.4,13.2,1.1,0,5,19.7,0,0,0,0,-3.5,-2.4,-5.9,0
350,Tiago Splitter,C,SAS,0.627,30,43,835,17.6,0.582,0,0.408,9.9,17.2,13.6,12,1.6,3,14.1,17.4,1.7,1.3,3,0.17,0.1,2.4,2.5,0.9
351,Tony Parker,PG,SAS,0.627,32,53,1553,16.2,0.541,0.116,0.209,1,6.8,3.9,29,1.2,0.1,13.7,25,1.9,1.2,3.1,0.096,0.4,-2.4,-2,0
352,Patrick Mills,PG,SAS,0.627,26,36,608,13.6,0.514,0.537,0.128,3.2,8.1,5.7,14.8,1.5,0.2,8.7,22.3,0.6,0.6,1.1,0.088,1.3,-2.3,-1,0.2
353,Kawhi Leonard,SF,SAS,0.627,23,49,1571,20.6,0.547,0.244,0.326,5.2,20.4,12.9,12.4,3.5,2,9.5,22.5,2.7,3.2,5.8,0.178,1.8,3.1,4.9,2.7
354,Cory Joseph,PG,SAS,0.627,23,64,1265,15.4,0.565,0.107,0.35,3.4,10.7,7.1,19.5,1.5,1,12,17.1,2.4,1.3,3.7,0.141,0.2,0.1,0.3,0.7
355,Danny Green,SG,SAS,0.627,27,66,1941,16.5,0.587,0.616,0.171,2.9,14.3,8.6,9.5,2.3,3,10.2,17.7,3.1,3.1,6.2,0.152,2.5,2.1,4.6,3.2
356,Manu Ginobili,SG,SAS,0.627,37,57,1341,16.5,0.547,0.426,0.35,1.8,12.6,7.2,30,2,0.9,18.2,24.6,1.3,1.7,3,0.106,1.6,-0.3,1.2,1.1
357,Tim Duncan,PF,SAS,0.627,38,62,1842,21.8,0.542,0.009,0.365,8.9,26.8,18,17.1,1.4,4.8,12.1,22.9,3.4,3.6,7,0.182,0.3,4.2,4.5,3
358,Boris Diaw,PF,SAS,0.627,32,66,1598,12.2,0.516,0.286,0.171,4.3,15.4,9.9,18.4,1.1,0.9,15.8,17.4,0.9,1.8,2.7,0.08,-0.8,0.7,-0.1,0.7
359,Matt Bonner,PF,SAS,0.627,34,59,804,10.3,0.528,0.538,0.168,3.4,9.8,6.6,7.8,0.6,1,4.3,13.2,1.1,0.7,1.7,0.103,-0.3,-1.1,-1.3,0.1
360,Marco Belinelli,SG,SAS,0.627,28,48,1098,13.1,0.562,0.465,0.236,2.1,9.4,5.8,11,1.2,0.2,10,18.7,1.5,0.9,2.4,0.107,0.9,-1.4,-0.5,0.4
361,Aron Baynes,C,SAS,0.627,28,58,908,14.8,0.602,0.015,0.323,11.1,21.4,16.3,5.4,0.6,1.2,16,18.1,1.5,1.1,2.7,0.141,-1.5,-0.7,-2.1,0
362,Jeff Ayres,PF,SAS,0.627,27,40,311,13.6,0.611,0,0.392,9.9,21.7,15.9,5.4,1.2,1.7,17.2,15.3,0.5,0.4,0.9,0.142,-2.2,0.3,-1.9,0
363,Kyle Anderson,SF,SAS,0.627,21,28,340,8.3,0.397,0.134,0.171,1.7,20.8,11.3,11.7,2,1.6,10.2,13.1,-0.2,0.5,0.3,0.042,-5,2.2,-2.8,-0.1
364,Louis Williams,SG,TOR,0.603,28,67,1645,19.7,0.558,0.483,0.449,1.5,7.2,4.3,13.1,2.3,0.4,8.1,26.9,4.4,1,5.4,0.156,3.9,-3,0.9,1.2
365,Greivis Vasquez,PG,TOR,0.603,28,68,1557,13,0.508,0.475,0.099,1.3,11.4,6.3,25.1,1.2,0.5,13.4,20.7,1.4,0.8,2.2,0.067,1,-2.2,-1.1,0.4
366,Jonas Valanciunas,C,TOR,0.603,22,66,1730,20.7,0.627,0,0.444,12,26.4,19.2,2.5,0.8,3.5,12.3,18.8,4.9,2,6.9,0.193,0.1,-0.7,-0.6,0.6
367,Greg Stiemsma,C,TOR,0.603,29,15,60,10.4,0.799,0,0.571,17.1,11.6,14.4,7.3,1.7,0,40.7,11.1,0.1,0,0.1,0.096,0.6,-0.4,0.2,0
368,Terrence Ross,SF,TOR,0.603,23,68,1716,11.2,0.521,0.521,0.079,1.7,11.5,6.6,6.4,1.3,1,8.5,18.5,1.1,0.9,2,0.056,0.2,-1.6,-1.4,0.2
369,Patrick Patterson,PF,TOR,0.603,25,67,1768,15,0.577,0.517,0.138,7,16.7,11.8,10,1.3,1.6,8.1,13.2,3.9,1.4,5.3,0.143,2.7,0.6,3.3,2.4
370,Lucas Nogueira,C,TOR,0.603,22,6,23,5.2,0.307,0,0.5,9.9,45.4,27.5,6.2,4.5,0,17,23,-0.1,0.1,0,-0.071,-10.9,0.8,-10.1,0
371,Kyle Lowry,PG,TOR,0.603,28,65,2263,19.5,0.53,0.371,0.302,2.5,12.9,7.6,32.9,2.3,0.4,12.8,25.2,5,1.9,6.9,0.146,4.4,-0.5,3.9,3.4
372,James Johnson,PF,TOR,0.603,27,58,1167,18.2,0.624,0.124,0.224,5,17.1,11,11,2.2,4.5,14.9,16.8,2.2,1.5,3.7,0.151,0.8,2.7,3.5,1.6
373,Amir Johnson,PF,TOR,0.603,27,65,1729,15.2,0.603,0.079,0.249,9.2,16.4,12.8,8.6,1.2,2.4,15.9,15.7,3,1.4,4.4,0.122,0.9,1.1,1.9,1.7
374,Chuck Hayes,C,TOR,0.603,31,25,218,9.5,0.491,0,0.275,5.7,14.9,10.3,11.2,2.4,1.1,15.1,10.9,0.1,0.2,0.3,0.076,-2.2,1.4,-0.8,0.1
375,Tyler Hansbrough,PF,TOR,0.603,29,60,762,11.9,0.567,0.063,0.893,11.7,17.4,14.5,2.8,1.5,1.2,9.8,10.2,1.5,0.6,2.2,0.136,-0.5,-0.3,-0.8,0.2
376,Landry Fields,SF,TOR,0.603,26,22,208,11.1,0.539,0.05,0.15,5.5,7.8,6.6,9.8,2.7,0,15.8,10.9,0.2,0.1,0.3,0.076,-1.2,0.3,-0.9,0.1
377,DeMar DeRozan,SG,TOR,0.603,25,47,1607,16.1,0.493,0.081,0.429,2,12.7,7.3,15.8,1.9,0.4,9.8,28.2,1.3,1.1,2.4,0.072,-1.1,-1.3,-2.4,-0.2
378,Bruno Caboclo,SF,TOR,0.603,19,4,16,9.3,0.444,0.333,0,7.1,7.3,7.2,0,0,5,10,28.1,0,0,0,-0.061,-6.2,-6.3,-12.4,0
451,Elijah Millsap,SG,UTA,0.448,27,33,679,6.3,0.43,0.393,0.31,3.1,13.4,8.3,8.7,3.1,1.3,20.1,16.2,-0.9,0.9,0,-0.001,-3.9,1.6,-2.3,-0.1
452,Joe Ingles,SF,UTA,0.448,27,64,1342,9.2,0.505,0.565,0.127,1.6,11.2,6.5,17.6,2.3,0.5,21,11.9,0.3,1.2,1.5,0.055,-1.3,0.5,-0.8,0.4
453,Rodney Hood,SG,UTA,0.448,22,38,737,10.5,0.518,0.508,0.225,1.1,12.5,6.9,11.6,1.4,1,11.4,18.6,0.5,0.6,1.1,0.072,-0.5,-1.3,-1.8,0
454,Gordon Hayward,SF,UTA,0.448,24,66,2294,20.4,0.573,0.3,0.413,2.4,13.8,8.1,21.8,2.1,0.9,14,26.4,5.3,2.3,7.6,0.158,3.6,-0.2,3.5,3.2
455,Rudy Gobert,C,UTA,0.448,22,67,1636,21.9,0.631,0.006,0.62,14.6,27.4,21.1,8.2,1.6,7.5,17.4,13.7,3.8,3.2,7,0.206,0.8,5.2,6,3.3
456,Derrick Favors,PF,UTA,0.448,23,63,1980,22.4,0.57,0.003,0.37,9.8,20.1,15,9.4,1.4,4.3,10,23.3,4.9,2.7,7.6,0.184,1.4,1.6,3,2.5
457,Dante Exum,PG,UTA,0.448,19,67,1433,6.9,0.472,0.627,0.093,1.8,7,4.4,16.5,1.2,0.7,18.6,13.6,-0.2,0.7,0.5,0.018,-1.7,-1.4,-3.1,-0.4
458,Jeremy Evans,SF,UTA,0.448,27,27,142,18,0.586,0.071,0.357,8.3,24.1,16.3,7.8,1.9,6.2,8.5,11.5,0.3,0.3,0.6,0.189,-1.2,3.7,2.5,0.2
459,Bryce Cotton,PG,UTA,0.448,22,4,15,7.8,0.363,0.333,0.333,0,15.2,7.7,19.8,3.6,0,12.7,24.1,0,0,0,-0.022,-5.4,-0.8,-6.2,0
460,Jack Cooley,PF,UTA,0.448,23,3,14,17.8,0.6,0,0,0,24.4,12.4,0,3.8,0,0,16.4,0,0,0.1,0.179,-3.3,-3,-6.3,0
461,Ian Clark,SG,UTA,0.448,23,22,147,8.4,0.486,0.55,0.125,3.2,7,5.1,9.5,1.8,1.1,14.2,15.4,0,0.1,0.1,0.041,-2,-1.4,-3.4,-0.1
462,Patrick Christopher,SG,UTA,0.448,26,4,29,-2.6,0.25,0.333,0,8.1,15.7,12,0,1.8,0,7.7,20.6,-0.1,0,-0.1,-0.154,-10.4,-5.8,-16.2,-0.1
463,Alec Burks,SG,UTA,0.448,23,27,899,13.1,0.524,0.227,0.43,2.5,12,7.3,15.1,1,0.4,12.7,20.9,1.1,0.5,1.6,0.087,-0.3,-1.2,-1.5,0.1
464,Trey Burke,PG,UTA,0.448,22,66,2005,12.3,0.455,0.382,0.141,1.5,8.2,4.9,25.1,1.4,0.6,10.5,23.2,0.8,1.1,2,0.047,0,-2.1,-2.1,-0.1
465,Trevor Booker,PF,UTA,0.448,27,65,1206,14.5,0.533,0.168,0.283,10.6,18.6,14.7,7.7,1.5,1.7,15.7,18.5,0.9,1.3,2.3,0.09,-1,0.1,-0.9,0.3
466,Jerrelle Benimon,PF,UTA,0.448,23,2,3,4.7,,,,39.1,75.9,57.8,0,0,0,100,15.3,0,0,0,-0.217,-19.9,-6.7,-26.6,0
467,Martell Webster,SF,WAS,0.588,28,22,220,3.5,0.411,0.482,0.589,2.1,11.7,7,7.5,0.9,0.4,17.5,17.7,-0.4,0.2,-0.2,-0.037,-5.7,-1.4,-7,-0.3
468,John Wall,PG,WAS,0.588,24,68,2425,20.6,0.532,0.189,0.32,1.6,12.8,7.3,45.8,2.6,1.4,18.5,25.5,3.8,3.6,7.5,0.148,2.8,1.3,4,3.7
469,Garrett Temple,SG,WAS,0.588,28,52,735,11,0.534,0.518,0.282,3.8,10,7,10.9,2.9,1,15.1,13.9,0.5,1.1,1.6,0.102,-0.5,1.5,1,0.6
470,Kevin Seraphin,C,WAS,0.588,25,65,991,13.1,0.548,0.003,0.176,8.9,17.2,13.2,8.1,0.4,3.5,17.2,21.7,0.3,1.3,1.6,0.075,-3.1,0.5,-2.6,-0.2
471,Glen Rice,SG,WAS,0.588,24,5,43,-3.6,0.312,0.467,0.4,5.4,5.2,5.3,6.4,0,0,10.2,20.8,-0.1,0,-0.1,-0.12,-6.9,-4,-11,-0.1
472,Otto Porter,SF,WAS,0.588,21,61,1156,11.3,0.508,0.25,0.2,5.5,11.2,8.4,7.3,1.5,1.8,9.8,15.2,0.8,1.4,2.2,0.09,-1.4,0.9,-0.6,0.4
473,Paul Pierce,SF,WAS,0.588,37,63,1686,16.3,0.596,0.45,0.337,2.9,14.4,8.8,11.7,1.3,1,11.2,20.7,3.4,2,5.4,0.153,2.4,-0.2,2.2,1.8
474,Kris Humphries,PF,WAS,0.588,29,56,1192,15.7,0.514,0.01,0.257,10.6,25,17.9,6.3,1.3,1.5,8.7,18.5,1.5,1.9,3.4,0.137,-1.9,0.6,-1.3,0.2
475,Nene Hilario,PF,WAS,0.588,32,58,1478,14.9,0.542,0.01,0.33,5.4,16.8,11.2,12.7,2.1,1.1,15,21.7,0.8,2.2,3,0.098,-1.4,1.5,0.1,0.8
476,Marcin Gortat,C,WAS,0.588,30,68,2040,17.4,0.582,0.005,0.235,8.2,24.3,16.5,5.6,0.9,3.5,11.5,17.8,3.1,3.4,6.5,0.153,-1,2,1,1.5
477,Drew Gooden,PF,WAS,0.588,33,38,560,10.9,0.457,0.211,0.146,9.6,18.1,13.9,7.3,1.3,1.2,9.6,17.7,0.1,0.7,0.9,0.074,-2.5,0.1,-2.4,-0.1
478,Rasual Butler,SF,WAS,0.588,35,62,1267,12,0.541,0.465,0.125,2.1,12.5,7.4,7,0.9,1.2,8.5,18.2,1.1,1.3,2.4,0.09,-0.4,-0.9,-1.3,0.2
479,DeJuan Blair,PF,WAS,0.588,25,23,135,7.7,0.491,0,0.095,9.5,26.4,18.2,3.4,1.1,0.6,18.6,18.1,-0.1,0.2,0.1,0.037,-6.3,-1.2,-7.5,-0.2
480,Bradley Beal,SG,WAS,0.588,21,50,1676,13.6,0.517,0.307,0.198,3.2,9.8,6.6,15.1,1.8,0.6,11.8,22,1.1,1.9,3,0.085,0.5,0.1,0.5,1.1
