WinPct,PER,Ts_pct,ORBpct,DRBpct,TRBpct,ASTpct,STLpct,BLKpct,TOVpct,OWS,DWS,WS,WSp48,OBPM,DBPM,BPM,VORP
0.779,21,0.572,1.2,7.3,4.4,38.1,2.8,1.3,16.3,4.7,2.4,7.1,0.177,2.7,-0.8,2,1.9
0.779,13.7,0.508,6.4,19.1,12.9,11.3,2.8,2.1,12.4,0.7,1.5,2.3,0.127,-1.1,2.9,1.8,0.8
0.779,15.2,0.549,4.8,14.4,9.8,10.8,0.9,0.3,7.4,1.5,0.9,2.4,0.119,0.7,-2.2,-1.5,0.1
0.779,14.9,0.505,2,9.6,6,34.5,1.9,0.2,17.1,0.6,1.3,1.9,0.071,-1,-1.8,-2.8,-0.2
0.779,19.9,0.567,7,20,13.7,15.2,2.7,2.3,13.8,3.5,3.9,7.4,0.166,1.6,2.6,4.1,3.3
0.779,14.9,0.71,0.8,13.1,7.2,11.8,1,1.4,14.3,4.5,2.1,6.7,0.153,3.3,0.2,3.5,2.9
0.779,21.2,0.557,6.6,20.3,13.7,18.7,1.5,3.6,8.7,4.3,3.2,7.5,0.182,1.2,2.8,4,3
0.779,15.2,0.596,5.4,13.5,9.6,7.6,2.2,0.6,8.6,3.5,2.3,5.8,0.153,2.3,0.6,2.9,2.3
0.78,9.8,0.523,1.7,16.7,9.5,8.6,2.2,2.2,16.9,-0.3,1.6,1.3,0.059,-3.2,1.7,-1.5,0.1
0.78,8.5,0.481,7.1,13.3,10.3,7.5,0.7,1.4,12.8,0.1,0.8,0.9,0.052,-1.8,-1.2,-3,-0.2
0.448,18.8,0.595,9.3,19.9,14.6,10.3,0.5,2.6,10.4,3.6,1.5,5.1,0.174,0.4,0.3,0.7,1
0.448,8.5,0.456,3.2,11.4,7.3,5.2,1.2,0.5,3.8,0.1,0.2,0.3,0.046,-1.9,-2.1,-3.9,-0.1
0.448,5.3,0.42,4.9,14,9.4,3.5,2.9,1.4,32.2,-0.3,0.3,0,0.008,-6.1,2.7,-3.4,-0.1
0.448,11.9,0.471,2.2,18.1,10.1,28,1.8,0.6,20,-0.6,2.1,1.4,0.038,-2.7,1,-1.7,0.1
0.448,18.4,0.512,10.1,21.1,15.5,14,1.3,1.8,8.9,2.1,1.8,3.9,0.128,1.5,0.5,2.1,1.5
0.448,11.3,0.493,3.8,10.7,7.2,17.9,2.5,0.7,15,0.7,1.5,2.2,0.075,0.1,0.8,0.9,1
0.448,11.2,0.451,1.8,11.6,6.6,26.6,2.7,0.8,17.3,-0.1,0.6,0.5,0.051,-2.3,-0.3,-2.6,-0.1
0.448,15.4,0.555,6.9,16.8,11.8,12.1,2.1,2.2,15,1,1.5,2.5,0.107,0.4,1.2,1.5,1
0.448,11.4,0.506,2,8.7,5.3,8.6,1.7,0.5,9.2,0.3,1.5,1.8,0.044,-0.8,-1.2,-2,0
0.448,16.3,0.549,7.6,15.1,11.3,9.1,1,1.4,9.5,2.6,1.4,4,0.124,-0.6,-0.4,-1,0.4
0.409,15.1,0.504,1.2,9.8,5.5,31.7,1.7,0.7,15.2,1.5,1,2.5,0.073,0.8,-1.3,-0.5,0.6
0.409,10.7,0.5,3.4,21,12.3,8.1,0.8,1.5,13.5,-0.3,0.8,0.5,0.027,-1.4,-1,-2.4,-0.1
0.409,18.9,0.577,11.3,21.5,16.5,6.6,1.9,3.2,13.7,2.4,2,4.4,0.142,-0.2,1.5,1.2,1.2
0.409,20.3,0.535,11.3,17,14.2,4.5,1,4.8,10,2.2,1.6,3.8,0.12,-1,-0.4,-1.4,0.2
0.409,14.2,0.524,2.3,13.1,7.7,16.5,1.1,0.5,11.5,1.9,1.2,3.1,0.067,0.8,-0.7,0.1,1.2
0.409,14.4,0.522,1.1,11,6,27.6,1.7,0.6,17.8,0.9,1.2,2.1,0.053,-0.5,-0.8,-1.3,0.3
0.409,10.6,0.545,3.3,9.9,6.6,5.5,0.9,0.3,11.5,1,0.5,1.5,0.052,-0.5,-1.8,-2.3,-0.1
0.409,10.1,0.554,2.2,10.9,6.6,7.2,1.6,0.3,11.6,1.2,0.9,2.2,0.069,-0.3,-0.4,-0.7,0.5
0.594,10.7,0.567,2.6,10.7,6.7,5.8,1.4,0.5,11.5,1.1,1,2.1,0.086,-0.4,-1,-1.4,0.2
0.594,16,0.496,2.6,8.2,5.5,30.5,1.1,0.8,14.8,0.3,1,1.2,0.042,1.3,-2.6,-1.3,0.3
0.594,15.5,0.483,12.3,22.4,17.5,22.2,1.1,2.8,19,2.2,2.5,4.7,0.129,-0.1,3.5,3.4,2.4
0.594,17.3,0.554,4.3,22.7,13.7,9.6,1.6,2.4,10.6,2.4,2.1,4.5,0.162,0.8,0,0.8,0.9
0.594,6.8,0.459,1.5,6.7,4.1,14.3,1.5,0.6,15.2,-0.3,1.1,0.8,0.025,-2.3,-0.7,-3,-0.4
0.594,15.9,0.533,11.1,14.3,12.8,7.5,1,3.1,11.1,2.2,1.6,3.7,0.13,-0.5,0.9,0.5,0.9
0.594,22.4,0.55,9.2,27.9,18.8,14.4,0.5,4,11.2,4.9,3.6,8.5,0.181,0.7,2.1,2.7,2.7
0.594,11.1,0.574,1.5,12.4,7.1,9.3,0.8,0.9,10.1,1.9,1.2,3.1,0.101,0.5,-0.5,0,0.7
0.594,21.2,0.582,5.1,11.3,8.3,14.3,2.3,1.1,7.9,6.9,2.4,9.3,0.209,4.1,0.6,4.7,3.6
0.594,14.3,0.534,1.7,7.5,4.6,24,1.4,0.6,14.9,1.3,1.1,2.4,0.078,0.9,-2.9,-2,0
0.439,14.2,0.534,7.1,20,13.4,10.5,1.2,2.6,12.3,1.7,2.2,3.9,0.127,-1.9,2.6,0.7,1
0.439,11.4,0.547,3,17.7,10.2,7.5,1.8,1.3,11.1,1,2.2,3.2,0.101,-0.8,1.8,1,1.2
0.439,18,0.497,2,10.1,6,26.5,1.9,1.3,8.5,1.7,2,3.7,0.112,2.6,0.1,2.7,1.9
0.439,15,0.499,12.1,21.2,16.5,2.9,1,4.4,12.5,0.1,0.2,0.3,0.116,-3.9,0.5,-3.4,0
0.439,8.6,0.452,4.2,11.8,7.9,8.5,2,0.5,12.9,-0.2,0.2,0,0.007,-3.8,-0.8,-4.6,-0.1
0.439,9,0.417,2.8,17.3,9.9,26,1.2,0.4,17.7,-2.3,1.7,-0.6,-0.021,-3.7,0.8,-2.8,-0.3
0.439,11,0.493,1,7.9,4.3,19.7,1,0.4,10.6,0.5,1,1.5,0.06,-1.1,-1.8,-2.8,-0.3
0.439,14.9,0.571,0,4.7,2.3,20.6,0,0,7.7,0.1,0,0.2,0.115,3,-6,-2.9,0
0.439,10.3,0.462,9.6,12.9,11.2,2.1,0.9,4.6,10.4,0.1,0.9,1.1,0.078,-4.6,1.7,-2.9,-0.1
0.439,15.2,0.518,7.4,21.9,14.5,8.5,1,1.7,9.8,1.5,2,3.5,0.117,-2,1.4,-0.6,0.5
0.439,20.1,0.503,5.3,26,15.4,11.4,1.2,3.2,5.5,1.4,3.1,4.5,0.123,-1,1.6,0.6,1.1
0.439,13.3,0.516,1.7,11.1,6.3,16.7,1.1,0.8,10.9,1.3,1.8,3.1,0.082,-1,-0.1,-1.1,0.4
0.439,8.7,0.442,3.1,12.1,7.5,5,1.6,1.9,7.1,-0.5,0.7,0.2,0.019,-2.2,-1,-3.2,-0.2
0.439,15.5,0.582,15.3,22.8,19,1.7,0.7,6.1,17.4,1.3,1.5,2.8,0.159,-2.9,2.4,-0.6,0.3
0.629,17.8,0.58,10.4,20,15.3,9.1,1.6,2,13.7,1.2,0.7,1.9,0.144,0,0.9,0.9,0.5
0.629,15.8,0.581,14.8,18.5,16.7,2.7,0.8,2.3,11.7,4.3,1.7,6,0.15,0.1,-0.3,-0.2,0.9
0.629,4.4,0.461,0.8,14.1,7.5,8.7,1.1,0.4,16.5,-0.1,0.4,0.3,0.022,-2.6,-0.3,-3,-0.2
0.629,11.1,0.496,6.2,13.8,10.1,6.9,1.3,2,9.9,0.8,0.8,1.6,0.076,-1.8,0.7,-1.1,0.2
0.629,19.2,0.559,6.7,26.9,17,11.1,1,1.1,9.5,5.4,2.5,7.9,0.171,2.2,-0.1,2,2.3
0.629,8.5,0.41,8.3,0,4.1,10.1,0,0,0,0,0,0,0.059,-3,-4.4,-7.4,0
0.629,11.6,0.584,1.3,10.4,5.9,5.8,1,0.9,6.4,1,0.3,1.3,0.112,1.7,-2.7,-1,0.1
0.629,26,0.581,2.1,15.6,9,38.5,2.2,1.5,15.6,6.5,2.3,8.7,0.196,6.3,0.7,7,4.9
0.629,21.8,0.588,2.1,7.6,4.9,24.9,2.1,0.6,11.2,7.9,1.5,9.4,0.188,5,-1.5,3.4,3.3
0.629,8.3,0.478,6.7,23.8,15.4,2.9,1,6.1,24.2,-0.2,0.2,0,-0.01,-8.4,1.1,-7.2,-0.1
0.629,6.4,0.547,1.6,7.5,4.6,7.4,0.8,0.2,14.9,0.2,0.1,0.3,0.035,-1.3,-2.6,-3.9,-0.2
0.629,7.4,0.472,3.3,7.3,5.3,19.1,0.9,0.1,16.2,0.8,0.3,1.1,0.049,-1,-1.9,-2.9,-0.3
0.629,5.8,0.347,1.7,6.5,4.2,16.3,4.5,1.1,15.6,-0.1,0.1,0,-0.024,-4.3,0.6,-3.7,0
0.638,17.6,0.545,4.7,20.2,12.4,4.1,0.9,2.5,7.8,0.5,0.6,1.1,0.097,0.9,-3.4,-2.4,-0.1
0.638,10.6,0.614,8,16.5,12.2,3.5,1,2.5,14.6,0.5,0.3,0.9,0.116,-1.9,1,-0.9,0.1
0.638,16.6,0.571,3.4,12.8,8.1,11.2,1.6,0.7,9.2,3.7,1.6,5.2,0.129,2.9,-0.3,2.6,2.3
0.638,19.7,0.559,2.2,19.9,11,10.5,0.9,1.2,6.1,4.5,1.8,6.3,0.158,1.7,-1.1,0.6,1.3
0.638,-22.7,0.073,10,10,10,11.2,0,0,22.5,-0.2,0,-0.2,-0.721,-20.9,-5.5,-26.4,-0.1
0.638,11,0.57,2.4,14.8,8.6,6.9,1.3,0.8,12.3,1,0.9,1.9,0.087,-0.5,-0.3,-0.8,0.3
0.638,17.2,0.662,12.4,14.6,13.5,5.1,0,7.6,12.4,0.3,0.1,0.4,0.196,0,3,3,0.1
0.638,15.3,0.553,0.9,8.4,4.6,21.2,2.4,0.7,11.7,2.7,1.2,3.9,0.13,2.2,-0.7,1.5,1.3
0.638,9.6,0.381,0,9.3,4.7,25.3,2,1.9,11.8,-0.2,0.1,0,-0.016,-4.4,-1.1,-5.6,-0.1
0.638,17.4,0.513,1.5,6.4,3.9,21.6,2.9,0.8,11.6,1.8,2.1,3.9,0.081,1,-0.7,0.3,1.4
0.638,20.3,0.703,14.2,26.8,20.5,5.3,1,3.4,16.2,6.2,2.7,8.9,0.222,2,2.5,4.6,3.2
0.638,15.6,0.508,2,9.5,5.7,29.5,1.3,0.1,11,2,0.7,2.7,0.106,1.2,-2.3,-1.1,0.3
0.638,15.1,0.516,8.3,18.5,13.4,5.6,2.9,4,11.8,1,1.7,2.7,0.125,-0.5,3,2.5,1.2
0.382,15.6,0.475,11.8,27.9,19.6,7.7,2.4,5.4,15.2,-0.1,1.6,1.5,0.082,-3.7,3.8,0,0.4
0.382,19.3,0.535,1.7,8.2,4.8,44,1.8,0.2,14.1,5.6,1.1,6.8,0.143,3.4,-1.9,1.5,2
0.382,6.6,0.374,12.2,18.5,15.3,3.8,1.9,2.9,18.6,-0.4,0.2,-0.3,-0.077,-6.9,0,-6.9,-0.2
0.382,14.5,0.503,10.8,24.9,17.6,7,1.1,2.1,14.6,0.4,1.2,1.6,0.067,-3.2,0.6,-2.6,-0.2
0.382,3.7,0.356,3.2,7.6,5.3,6.1,3.1,0.9,14.8,-1.3,0.5,-0.8,-0.073,-5.1,0.5,-4.6,-0.3
0.382,8.6,0.441,0.9,7.1,3.9,13.3,1.5,0,8.9,-0.2,0.1,-0.1,-0.014,-3.5,-2.7,-6.3,-0.3
0.382,14.8,0.539,2.4,14.1,8.1,8.6,1.5,0.8,8.2,1.7,0.8,2.5,0.108,1.3,-1.2,0.1,0.6
0.382,9.8,0.493,0.4,7.1,3.7,17.3,1.4,1.1,12.6,0.1,0.3,0.4,0.03,-0.4,-1.9,-2.3,-0.1
0.382,17.6,0.539,11.4,23.4,17.2,7.4,1.3,2.3,12.2,2.5,1.9,4.4,0.122,-0.7,1.3,0.6,1.1
0.382,12.7,0.519,4,16.7,10.1,8.3,1.1,1,10.1,1.2,1.4,2.6,0.063,0.2,-0.3,-0.1,0.9
0.382,12.2,0.475,5.7,13.1,9.3,9.3,2.5,2.1,10.5,0,1,1,0.052,-1.5,0.9,-0.6,0.3
0.353,21.1,0.548,11.2,25.7,18.1,11.8,1.7,1.2,13.4,3.6,2.5,6.1,0.147,0.5,1.2,1.7,1.9
0.353,14,0.532,0.8,7,3.7,9.8,2.3,0.3,8.6,1.5,0.8,2.3,0.099,0.5,-1.5,-1,0.3
0.353,0.9,0.333,0,12.1,5.8,7,0.6,0.4,9.4,-0.3,0.1,-0.2,-0.06,-5.8,-1.5,-7.3,-0.3
0.353,14.9,0.472,1.5,3.2,2.3,41.8,1.8,0,10.5,0.3,0.1,0.3,0.11,0,-5.4,-5.5,-0.1
0.353,19.7,0.522,1.8,8,4.8,40.6,1.9,0.3,12.9,2.6,0.8,3.3,0.136,4.4,-2.4,2,1.2
0.353,20.6,0.494,18.2,30.1,23.9,3.4,1.6,4.7,10.1,2.2,3.5,5.7,0.135,-1.8,1.1,-0.7,0.7
0.353,9.2,0.392,0.8,11,5.7,32.4,1.7,0.8,14.5,-0.3,0.3,0,0,-2.8,-1.9,-4.7,-0.3
0.353,10.8,0.496,1.9,9,5.3,6.5,1.8,0.7,8.4,0.7,1.4,2.1,0.048,-0.4,-0.8,-1.2,0.4
0.353,8.4,0.507,1.6,12.7,6.9,6.7,1.4,0.2,9.6,0.7,0.9,1.5,0.056,-1.7,-0.3,-2.1,0
0.353,13.5,0.574,9.1,16.7,12.7,1.9,1.1,8.3,13.2,0.3,0.4,0.6,0.128,-3.7,3.6,0,0.1
0.806,20.6,0.591,1.1,9.2,5.3,14.6,1.7,1.9,9.9,4.6,2.7,7.3,0.169,3.4,-0.9,2.5,2.4
0.806,19.3,0.546,10.2,18.3,14.4,9,0.7,2.3,10.2,1.8,1.5,3.3,0.157,-1.6,-1.5,-3.1,-0.3
0.806,0.7,0.218,1,15.4,8.5,6.7,0.7,4.1,19.5,-0.6,0.3,-0.3,-0.062,-8.5,2.5,-6,-0.2
0.806,21.5,0.583,15.6,14.5,15.1,2.6,1.7,5.2,7.2,0.2,0.1,0.3,0.239,-0.3,-0.1,-0.4,0
0.806,13.7,0.543,3.3,10.1,6.8,24.8,1.6,1.2,18.6,1.5,1.5,3,0.12,-1.8,0.4,-1.4,0.2
0.806,19.1,0.544,9.9,21,15.7,15.1,1.9,2.5,11.7,1.5,1.4,2.9,0.188,-0.3,2.5,2.2,0.8
0.806,12.9,0.727,10.8,14.4,12.7,11.1,1.4,1,26.7,0.2,0.1,0.3,0.173,-0.3,1,0.7,0
0.806,12.5,0.561,2.5,10.9,6.9,14.6,2.3,0.9,14.5,1.9,2.5,4.4,0.123,0.1,1.7,1.9,1.7
0.806,12.3,0.496,2.2,9.9,6.2,9.9,3.1,1.3,10.1,0.1,0.8,1,0.092,-1.4,0.4,-1,0.1
0.806,16.5,0.543,5,21.8,13.7,15.5,2.5,3.1,13.4,2.8,4.6,7.4,0.167,1,4.1,5.1,3.8
0.806,14.2,0.577,11.5,18.8,15.3,2.4,0.8,6.4,19.1,0.3,0.7,1,0.128,-4.2,1.5,-2.7,-0.1
0.806,27.5,0.627,2.3,11.6,7.1,38.8,3.2,0.5,14.4,9,3.6,12.6,0.282,8.9,0.5,9.5,6.2
0.806,15.1,0.556,9.2,26.6,18.2,14.7,1.3,5.2,22.7,1.2,2.7,3.9,0.15,-2,5.4,3.5,1.7
0.806,13.3,0.581,5.9,14.7,10.5,6.6,1.2,0.5,9.5,3.2,2.5,5.6,0.14,0.6,0.4,1,1.4
0.806,14.7,0.551,2.9,5.9,4.5,13.7,1.9,0.5,9.5,1.1,0.8,1.9,0.125,0,-1.8,-1.8,0
0.672,11.5,0.569,1.2,7.1,4.1,14.2,2.3,0.8,14,1.5,1.4,2.9,0.106,0.2,-0.4,-0.2,0.6
0.672,8.2,0.448,5.4,11,8.2,16,1.9,1.3,20.4,-0.3,0.9,0.6,0.039,-2.8,0.9,-1.8,0
0.672,14.3,0.549,7.6,15.8,11.7,10.4,1.3,1.3,13.4,2.2,2.2,4.4,0.112,-0.8,0.5,-0.3,0.8
0.672,18.4,0.554,10.2,19.2,14.6,5.3,1.1,4.7,8.8,1.2,1,2.3,0.161,-1.1,1.4,0.3,0.4
0.672,5.6,0.444,4,11.1,7.5,5.5,1.8,0.8,16.2,-0.2,0.2,0,0.006,-5.7,-0.8,-6.4,-0.2
0.672,18.1,0.582,9.6,28.2,18.8,7.7,1,3.4,17.9,0.9,1.8,2.7,0.126,-2.7,1.5,-1.3,0.2
0.672,26.5,0.603,2.8,14.8,8.7,35,2.6,1.6,15.3,9.6,3.6,13.3,0.262,7.2,1.2,8.4,6.4
0.672,3.6,0.347,1.6,7.8,4.7,11.1,2.2,2,13.4,-0.4,0.2,-0.2,-0.04,-5.1,0,-5.1,-0.2
0.672,11.5,0.508,14.5,21.8,18.1,3.9,2.6,2.8,19.9,0.3,1.1,1.4,0.113,-3.5,2.6,-0.9,0.2
0.672,-22.5,0,16.4,27.8,22.1,6.6,2.5,3.9,18.2,-0.4,0,-0.3,-0.741,-28,-0.8,-28.8,-0.1
0.672,11.3,0.503,4.3,11.2,7.8,17.1,1.7,1,12.4,1.6,1.8,3.4,0.099,0.5,0.5,1,1.2
0.672,12.2,0.521,3,13.9,8.4,10.9,2.6,0.4,12.3,1.8,3.2,5,0.101,0.3,1.3,1.5,2.1
0.448,20,0.547,10.3,19.2,14.8,9.6,2.4,1.5,8.8,0.3,0.2,0.5,0.202,0.5,0.1,0.6,0.1
0.448,16.3,0.509,6.5,20.1,13.4,19.9,1.4,2.1,13.9,1,2.4,3.4,0.107,-0.7,2.7,2,1.5
0.448,14.4,0.574,1.4,10.7,6.1,23,1.8,0.5,17.5,1.6,1.5,3.1,0.122,0.8,0,0.8,0.8
0.448,16.6,0.542,2.2,12.5,7.4,21,1.6,0.5,12.1,2.1,1.9,4,0.123,0.8,-0.1,0.8,1.1
0.448,13.8,0.504,1.3,13.6,7.5,28.2,1.1,0,13.6,0.9,1.1,2,0.093,0,-0.8,-0.8,0.3
0.448,16.4,0.507,8.6,25.6,17.2,12.3,1.6,0.8,11.7,0.9,2.3,3.3,0.116,-1.7,1.1,-0.6,0.5
0.448,7.6,0.568,0.8,4.1,2.4,8.2,0.8,0.4,14.3,0.4,0.6,1,0.054,-1.2,-1.6,-2.9,-0.2
0.448,13,0.503,1.2,11,6.2,7.5,1.8,1.1,7.5,0.4,1.8,2.2,0.076,0.3,-1.1,-0.8,0.4
0.448,11.7,0.541,10.2,25.9,18.1,4.9,1.3,2.8,19.5,0.2,1.6,1.9,0.102,-3.6,2.6,-1,0.2
0.448,10.6,0.508,3.2,11.4,7.3,11.9,1.6,0.6,13.2,0.9,2.4,3.3,0.08,-1,1,0,1
0.448,20.5,0.551,2.4,12.9,7.7,30.4,1.9,0.7,10.1,1.8,1,2.8,0.181,4.6,-0.1,4.5,1.2
0.448,15,0.501,8.6,21.9,15.3,7.1,0.4,5.3,12.2,0.6,2.7,3.3,0.101,-3.4,2.2,-1.3,0.3
0.448,7.2,0.465,3.1,11.4,7.3,9.7,0.7,1.1,15.2,-1,0.8,-0.2,-0.011,-2.9,-1.4,-4.3,-0.5
0.448,16,0.514,12.9,20.6,16.8,10.9,0.7,3.2,10.3,1.5,1.4,2.9,0.148,-0.8,2.4,1.7,0.9
0.638,10.4,0.549,1.4,5.3,3.4,12.9,1.2,0,15.8,0,0,0,0.023,-1.7,-3.7,-5.4,-0.1
0.638,10.9,0.474,6.5,16.8,11.7,8.8,2.9,4.7,19.2,0,0.2,0.2,0.089,-3.8,4.3,0.4,0.1
0.638,10.3,0.606,1.1,14.1,7.7,7.3,1.4,0.9,13.8,0.4,0.4,0.8,0.077,-0.3,-0.7,-1,0.1
0.638,15.3,0.611,1.1,6.7,3.9,9.1,0.8,0.2,8.8,4.4,0.6,5,0.119,3,-2.7,0.3,1.2
0.638,24.8,0.582,2.1,12.8,7.5,46.3,2.7,0.4,13.1,9.7,2.5,12.2,0.242,6.7,0,6.7,5.3
0.638,20.5,0.641,15.7,32.3,24.1,3,1.4,5.3,13.5,6,4.3,10.3,0.208,0.6,3,3.6,3.4
0.638,3.2,0.435,1.1,7.6,4.4,2.5,1.5,0,4.4,0,0.1,0.1,0.026,-4.5,-1.1,-5.5,-0.1
0.638,10.8,0.48,3.1,20.1,11.7,10.4,1,3.7,10.5,0,1.3,1.3,0.056,-2.3,1.2,-1.1,0.3
0.638,10.2,0.615,1.5,14.7,8.2,4,0,0,10.3,0.1,0,0.1,0.068,-0.7,-3.8,-4.5,0
0.638,22.8,0.551,6.3,18.1,12.3,25.6,1.4,1,10.2,5.3,1.8,7.1,0.177,3.1,0.8,3.9,2.9
0.638,10,0.513,1.7,7.2,4.5,18.1,1.9,0.8,16.4,0.2,0.4,0.5,0.049,-0.6,-1.4,-2,0
0.638,3.3,0.387,1.1,11.9,6.6,5.1,0.5,0,0,0,0,0,0.016,-4.4,-1.7,-6.1,-0.1
0.638,12.1,0.509,5.5,15.2,10.4,6.3,2.6,2,10.7,0.4,1,1.4,0.087,-2.9,1.1,-1.8,0
0.638,7.4,0.452,1.3,10,5.7,16.6,1.7,0,15.3,-0.1,0.1,-0.1,-0.027,-3.9,-2.8,-6.7,-0.1
0.638,17.5,0.539,1.2,7.1,4.2,15.2,1.7,0.7,8.8,2.7,1,3.6,0.108,2.1,-2.9,-0.8,0.5
0.638,11.7,0.59,2.2,12.3,7.3,7.3,1.5,1.8,11.8,2.1,1.6,3.7,0.094,1,0.7,1.7,1.8
0.258,14.2,0.52,1.8,8.9,5.3,6.9,1.2,0.9,7.5,1.2,0.1,1.3,0.061,1,-4.2,-3.2,-0.3
0.258,11.1,0.448,8.2,14.6,11.3,7.2,1.3,3.1,8,0.4,0.5,0.9,0.046,-3,0.5,-2.6,-0.1
0.258,-7.5,0.258,0,0,0,0,0,0,20.5,-0.1,0,-0.1,-0.273,-12.1,-4.3,-16.5,-0.1
0.258,10.2,0.455,2.1,5.8,3.9,24.3,3.5,0.3,17.6,0.2,0.6,0.8,0.038,-0.9,-0.8,-1.7,0.1
0.258,15.8,0.545,1.3,9.9,5.5,29,2.3,1.4,18.3,1.7,0.8,2.6,0.074,0.7,-1.2,-0.5,0.6
0.258,6.2,0.443,1.5,13.7,7.4,7.5,1,1,11.3,-0.3,0.2,-0.1,-0.007,-3.6,-1.2,-4.8,-0.5
0.258,11.5,0.526,2.8,11.8,7.2,8.8,1.4,1.7,10.8,1.3,0.6,1.9,0.05,-0.4,-0.4,-0.7,0.6
0.258,16.5,0.501,9.8,22.5,15.9,9.3,0.9,2.3,10.9,1.3,1,2.4,0.067,-1.6,-0.5,-2.1,0
0.258,4.9,0.424,2.5,2.6,2.6,4.7,1.8,0,11.3,0,0,-0.1,-0.028,-5.3,-2.2,-7.6,-0.1
0.258,12.2,0.514,2.1,12.2,7,10.3,1.1,0.1,7.2,1.3,0.2,1.4,0.048,0,-2.3,-2.3,-0.1
0.258,19.9,0.603,12.9,21.8,17.2,8.7,1.4,4.4,9.4,4.2,1.4,5.6,0.171,1.5,2.2,3.7,2.2
0.258,14.9,0.51,4.3,9.8,7,19.6,1.6,0.5,11.9,0.9,0.2,1.1,0.058,0.4,-2.1,-1.7,0.1
0.258,17.7,0.477,2.3,16.2,9,29.7,2,0.5,13.5,-0.3,0.6,0.3,0.011,1.6,-1.2,0.4,0.7
0.258,10.5,0.61,0,5.7,2.7,5.4,2.5,0,18.9,0,0,0,0.014,-2.2,-2.1,-4.3,0
0.258,16.8,0.524,6.8,25.2,15.7,10,1.2,0.5,10.1,1.4,1,2.4,0.074,-1.4,-1.4,-2.9,-0.3
0.691,15.9,0.548,1.4,9.5,5.5,25.9,1.7,0.5,14,1.7,1.3,3,0.118,0.4,-1.1,-0.7,0.4
0.691,31.5,1.064,0,0,0,22.6,0,0,0,0.1,0,0.1,0.475,6.8,-8.6,-1.8,0
0.691,16.2,0.542,15.5,14.3,14.9,4.3,1.9,3,12.4,0.2,0.2,0.4,0.154,-1,-0.1,-1.1,0
0.691,19.9,0.537,12,26.9,19.5,10.5,1.6,0.6,12.7,2.8,3.1,5.9,0.151,0.3,0.9,1.2,1.5
0.691,-0.7,0,0,0,0,0,8.7,0,0,0,0,0,-0.059,-7.8,6.4,-1.4,0
0.691,12.3,0.481,7,21.9,14.5,8.9,1.1,0.9,10.2,0.2,1.1,1.3,0.081,-2.9,-0.1,-3,-0.2
0.691,12.1,0.568,1,7.7,4.4,10.3,1.6,0.4,10,2.5,1.9,4.4,0.107,0.6,0,0.6,1.3
0.691,13.6,0.52,9.5,24.9,17.3,4.7,1.2,4.1,15,0.5,2,2.5,0.11,-3.5,2.1,-1.4,0.2
0.691,21.9,0.563,4.8,21.7,13.3,19.4,1.3,4.2,12.5,4.8,3.9,8.7,0.184,1.3,3.3,4.7,3.8
0.691,19.2,0.562,1.6,9.7,5.7,28.1,2.2,0.4,13.5,3.8,2.2,6,0.152,3.5,-0.5,2.9,2.4
0.691,10.4,0.451,2.8,10.5,6.7,11.7,2.1,1.1,8.8,-0.3,1.1,0.8,0.046,-0.8,-0.7,-1.5,0.1
0.691,13.3,0.463,2.2,11.4,6.8,28.2,4.3,0.5,18.6,-0.2,1.2,0.9,0.07,-1.7,1.7,-0.1,0.3
0.691,14.5,0.526,7.1,11.3,9.2,8.2,4.1,1.5,14.4,0.8,2.8,3.6,0.116,-0.4,3.5,3,1.9
0.691,10.7,0.518,1.5,7.5,4.5,8.1,3.8,2.7,17.2,-0.1,0.3,0.2,0.059,-2.9,1.9,-1,0
0.463,26.4,0.616,16.6,36.2,26.6,0.9,1.2,9.5,11.5,2.2,1.8,4,0.223,-1.9,0.6,-1.3,0.1
0.463,7.1,0.455,0.4,15.7,8.2,6.5,2.1,1.1,9.5,-0.2,0.3,0.1,0.012,-1.9,-0.8,-2.7,-0.1
0.463,22.7,0.543,3.7,10.4,7.1,35.3,2.1,0.9,14.4,2.4,1.1,3.5,0.108,3.4,-0.9,2.4,1.7
0.463,9.4,0.521,2.1,11.4,6.9,19.8,2.1,0.3,24.6,-0.3,0.7,0.5,0.023,-1.9,-0.6,-2.5,-0.1
0.463,10.2,0.613,2.9,15.3,9.3,17.6,2.1,0.9,27.3,0.1,0.3,0.4,0.069,-1.6,0.6,-1.1,0.1
0.463,14.3,0.579,2.4,11.2,6.9,12.2,2.6,1.2,15.3,0.4,0.3,0.7,0.092,-0.5,-0.1,-0.7,0.1
0.463,10.1,0.476,8.1,22.5,15.4,7.6,1,1.1,11.7,0.3,0.6,0.9,0.063,-3.6,-0.2,-3.9,-0.3
0.463,8.6,0.527,4.1,11.7,7.9,4.5,1.1,0.8,11.9,0.2,0.3,0.6,0.044,-1.4,-1.8,-3.2,-0.2
0.463,10.6,0.525,6,13.8,10,6.5,1.6,1.5,13.4,0.5,0.6,1.1,0.073,-1.7,-0.3,-2,0
0.463,16.1,0.58,5.1,12.8,9,10.1,1.5,0.7,11.5,3.5,1.3,4.7,0.114,1.5,-0.7,0.8,1.4
0.463,-5.1,0.25,0,10.8,5.5,6.7,0,0,14.3,-0.1,0,-0.1,-0.175,-7.5,-4,-11.5,-0.1
0.463,12.4,0.526,1.3,9.2,5.3,21.6,2.8,0.4,17.9,0.9,1.7,2.7,0.063,-0.3,-0.4,-0.7,0.7
0.463,4.4,0.482,0,1.3,0.7,5.2,2.4,0,16.2,-0.1,0,0,-0.018,-4.2,-2,-6.2,-0.1
0.463,19.8,0.548,3.7,20.2,12.1,12.1,1.4,1.4,10.1,2.1,1.4,3.6,0.11,0.9,-1.1,-0.2,0.7
0.463,9.1,0.457,4.5,15.5,10.1,6,1.7,1,11.3,-0.3,0.2,-0.1,-0.022,-4.8,-2.1,-6.9,-0.3
0.463,16.3,0.634,7.8,23.5,15.8,6.1,1.3,4.4,11.5,2.1,1.3,3.3,0.163,-0.8,2.2,1.4,0.8
0.5,15.3,0.507,13.3,19,16.2,6.3,2.3,5.6,12.7,0.4,1.2,1.6,0.133,-1.9,3.5,1.6,0.5
0.5,14.6,0.527,7.9,13.4,10.7,9.6,2.1,0.6,13.9,0.4,1,1.4,0.088,-1.3,0.3,-1,0.2
0.5,14.2,0.488,12.3,20,16.2,15.6,2.1,1.1,18.5,0.4,2.2,2.6,0.094,-1.8,2,0.2,0.7
0.5,3.7,0.384,7.9,10.7,9.3,6.7,0.8,1,16.1,-0.7,0.3,-0.4,-0.062,-7.3,-1.4,-8.7,-0.5
0.5,15.9,0.568,2.3,14.9,8.7,12,2.7,0.5,10.5,2.6,2.9,5.5,0.14,1,0.7,1.7,1.8
0.5,13.2,0.523,2.1,10,6.1,19.1,1.6,0.9,14.2,0.6,1.6,2.1,0.072,-0.1,-1.4,-1.5,0.2
0.5,10.1,0.437,6.7,14.1,10.5,7.1,2.5,4.9,11.6,0,0.2,0.2,0.086,-4.3,3.7,-0.6,0
0.5,12.5,0.562,0.6,7,3.8,31.4,2.6,0,25,0.3,0.5,0.8,0.089,-1.6,-2.3,-3.9,-0.2
0.5,15.5,0.539,6.8,17.3,12.2,7,1.4,1.1,7.4,1.2,1.2,2.4,0.126,0.3,-1.4,-1.1,0.2
0.5,17.8,0.596,10.3,18,14.2,7.5,1.1,8.5,18,1.1,1.8,2.9,0.144,-2,4.2,2.2,1
0.5,12.5,0.577,3.2,11.4,7.4,11.4,2,0.5,11.6,2,1.8,3.8,0.119,0.5,0.4,0.9,1.1
0.5,12.5,0.54,1.2,12.2,6.8,21.7,1.8,0.6,17.6,0.9,1.7,2.6,0.088,-1.5,-0.3,-1.8,0.1
0.5,15.4,0.555,4.7,19.9,12.5,13.3,1.7,3,15.8,1.9,3.5,5.4,0.123,-1.4,2.6,1.1,1.6
0.209,13.1,0.508,5,9.1,7,8.7,1.5,1.3,11.2,1.3,0.2,1.5,0.03,-0.7,-1.6,-2.3,-0.2
0.209,4.3,,0,6.2,3,13.8,0,0,,0,0,0,0.012,-5.6,-1.8,-7.4,0
0.209,15.2,0.452,3,18.1,10.2,42.9,2.8,0.1,20.4,0.1,0.4,0.5,0.037,0.1,-0.3,-0.2,0.3
0.209,3.3,0.45,9.5,15.4,12.3,0,2.2,0,18.4,0,0,0,-0.052,-8,-5.9,-13.9,-0.1
0.209,16.6,0.502,11.9,21,16.3,5.6,1.2,1.1,9.8,1,0.3,1.3,0.074,-1.6,-2.6,-4.2,-0.4
0.209,19.8,0.556,7.9,12.4,10.1,9.4,1.1,0.6,7.1,2.1,0,2.1,0.115,2.1,-3.6,-1.5,0.1
0.209,17.7,0.569,1.7,12,6.7,11.4,1.2,0.1,9.8,2,0,2,0.092,2.6,-3.8,-1.2,0.2
0.209,9.9,0.501,1.5,10.9,6,23.5,1.7,0.4,21.8,-0.9,0.1,-0.8,-0.03,-2.7,-2.4,-5,-1
0.209,11.3,0.565,5.7,15.5,10.4,6.3,1.4,1.2,10.1,0.7,0.1,0.8,0.073,-0.9,-1.1,-2,0
0.209,17.1,0.561,11.6,21.1,16.2,10.8,1.6,4.3,16.9,3,1.5,4.5,0.108,0.1,2.5,2.6,2.3
0.209,10,0.492,2.6,16.5,9.3,8.1,1.6,0.6,11.4,0,0.2,0.2,0.015,-2.4,-1.8,-4.2,-0.4
0.209,11.3,0.444,4.1,10.2,7,30.3,2.5,0.5,20.2,0,0,0.1,0.024,-2.3,-1.7,-4,-0.1
0.209,11,0.453,6.1,21.7,13.6,8.2,1.4,1.5,9.3,0,0.4,0.3,0.019,-3.7,-1,-4.7,-0.6
0.209,14.1,0.494,11.7,29.6,20.3,10.3,0.9,3.3,12.9,0.2,0.2,0.4,0.09,-2.6,0.7,-1.9,0
0.552,17.1,0.558,9.6,17.4,13.5,4.6,0.5,4.9,8.9,0.4,0.2,0.6,0.147,-1.8,-0.7,-2.5,0
0.552,5.1,0.422,1.7,7.1,4.4,6.6,1.7,1.1,9.1,0,0.1,0.1,0.017,-2.7,-0.3,-3,-0.1
0.552,-5.1,0.143,0,2.6,1.3,6.1,1.2,0,12.5,-0.1,0,-0.1,-0.122,-8.2,-1.6,-9.8,-0.1
0.552,0.6,0.15,0,2.6,1.3,42.2,2.4,0,9.1,-0.2,0,-0.2,-0.235,-10.2,-6.4,-16.6,-0.2
0.552,18.6,0.519,2.7,9.1,5.9,34.9,2.5,1.4,14.1,2.1,1,3.1,0.119,2.9,-0.7,2.3,1.3
0.552,12.7,0.546,1.6,8.2,4.9,18.1,1.4,0.6,15,1.6,0.6,2.2,0.068,1.4,-1.7,-0.4,0.6
0.552,10.4,0.481,2,6.8,4.4,17.3,1.5,0.3,13.5,0.2,0.2,0.3,0.032,-2,-3.1,-5.1,-0.4
0.552,17,0.498,3.5,14.1,8.8,31.5,1.8,1,15.7,1.6,1.7,3.3,0.07,1.3,-0.1,1.2,1.8
0.552,17,0.511,1.7,10.3,6,28,3.2,2.3,15.9,0.1,0.1,0.1,0.101,0.2,-0.3,-0.1,0
0.552,31.2,0.599,8.3,24.5,16.4,10.4,2.1,6.2,6.5,8.3,3.3,11.5,0.28,4.3,2.6,6.9,4.4
0.552,8.9,0.476,4.9,11.6,8.3,4.2,1.5,1.6,9.2,0.4,0.8,1.2,0.045,-2.4,0.7,-1.7,0.1
0.552,11.4,0.655,1.7,14.2,7.9,4.3,1.1,1,11.3,1.1,0.4,1.6,0.1,0.4,-1.4,-1,0.2
0.552,15.9,0.555,14,29.2,21.6,5.3,0.8,2.3,16.2,2.4,1.8,4.3,0.124,-1.2,0.6,-0.6,0.6
0.552,16.5,0.535,7.6,12.6,10.1,5.5,1.1,0.8,7.3,2.8,0.7,3.5,0.114,2.7,-3.2,-0.5,0.6
0.552,20.3,0.614,12.4,25.3,18.9,7.5,1.1,3.9,15.9,1.7,0.9,2.6,0.17,-0.1,0.3,0.2,0.4
0.209,8.8,0.458,4.7,13.4,8.9,9.7,1.1,1.4,13.5,-0.4,0.1,-0.3,-0.022,-4.4,-1.9,-6.3,-0.7
0.209,11.8,0.492,6.4,14.4,10.3,12.9,0.9,1.6,12.5,0.5,0.4,0.9,0.03,-2.5,-1.3,-3.8,-0.6
0.209,10.5,0.5,1.6,8.8,5.1,17.9,2.8,0.5,14.6,0.5,0.6,1.1,0.04,-1.6,-0.7,-2.3,-0.1
0.209,12.2,0.509,0.8,10.4,5.5,13,0.6,0.7,8.9,0.8,-0.1,0.7,0.023,0.2,-4.3,-4.1,-0.8
0.209,12.6,0.498,3.5,13,8.1,16.5,1.7,0.8,10,0.7,0.3,1,0.052,0.2,-1.2,-1,0.2
0.209,7.2,0.421,3.4,13.4,8.2,8.3,1.8,1.7,13.1,-0.7,0.2,-0.5,-0.044,-4.5,-1.3,-5.9,-0.5
0.209,11.9,0.461,10.9,25.1,17.8,8.5,1.4,6.4,21.9,-0.4,0.6,0.3,0.022,-5.1,3.1,-2.1,0
0.209,11.4,0.519,1.7,9.8,5.6,25.3,1.3,0,16.9,0.8,0,0.8,0.031,-0.4,-2.6,-3,-0.3
0.209,16.9,0.53,4.7,14.6,9.5,12.1,0.2,2.7,9.7,0.5,0.1,0.6,0.062,-1,-2.7,-3.7,-0.2
0.209,21.7,0.531,5.6,16,10.7,17.7,1.5,1,8.9,2.4,0.5,3,0.099,3.6,-2.2,1.4,1.2
0.209,16.8,0.493,11.9,26.9,19.2,11.9,1.9,5.5,15,0.4,1,1.5,0.09,-2.6,2.9,0.3,0.5
0.209,11.1,0.524,7.3,20.3,13.6,8.1,1,1.3,14.8,0.6,0.5,1,0.049,-2.6,-0.8,-3.4,-0.4
0.559,29.6,0.539,6.4,16.2,11.4,47.8,3.2,0.4,14.4,5.9,2.7,8.7,0.232,9,2.5,11.5,6.1
0.559,11.5,0.479,0.7,8.9,4.9,21.1,1.5,0,11.4,0.2,0.3,0.5,0.067,-0.5,-2.7,-3.3,-0.1
0.559,9.4,0.522,5.2,15.8,10.7,7.5,2,1.9,17.2,0.6,1.6,2.2,0.088,-1.8,2.3,0.5,0.7
0.559,14,0.585,2.6,8.8,5.7,5.4,1.4,0.4,5.6,3.1,1.1,4.2,0.141,1.8,-1.8,0,0.7
0.559,19.3,0.554,13.7,22.7,18.3,3.6,1.6,2.5,10.5,0.5,0.4,1,0.167,-1.4,-1.1,-2.5,0
0.559,15,0.545,1.3,15.9,8.8,11.4,1.8,0.8,9.8,0.9,0.7,1.6,0.131,0.1,-1.2,-1.1,0.1
0.559,7,0.477,1,12.1,6.7,3.6,1.2,1,11.2,-0.2,0.5,0.3,0.026,-4.1,-1.2,-5.3,-0.5
0.559,16.6,0.549,7,17.9,12.6,4.2,0.7,5.8,10.4,2.9,3,5.8,0.132,-0.6,1.5,0.9,1.5
0.559,27.7,0.633,1.9,18.5,10.4,22.6,1.3,2.2,12,3.7,1.1,4.9,0.257,6.5,0,6.4,1.9
0.559,11,0.482,9,15.2,12.2,11.6,1.7,1.7,14.4,0.8,1.2,2,0.099,-1.2,1.4,0.1,0.5
0.559,14,0.559,12,19,15.6,6.1,1,4,18.6,1.3,1.9,3.2,0.113,-1.6,2,0.4,0.8
0.3,21.8,0.553,10.7,26.8,18.6,10.2,1.2,1.8,10.5,3.9,2.1,6,0.135,0.6,-0.2,0.4,1.3
0.3,10.4,0.511,1.5,10.7,6,21.6,1.5,0.4,17.2,0.3,0.3,0.6,0.045,-2.1,-1.8,-3.9,-0.3
0.3,12.9,0.449,4.5,11.3,7.9,32,2.7,0.6,20.8,-0.6,1.7,1.1,0.025,-2,0.5,-1.6,0.2
0.3,16.4,0.534,2.2,11.4,6.7,19.5,2.5,0.5,14.2,1.6,1.6,3.2,0.072,0.8,-0.5,0.2,1.2
0.3,14.8,0.557,5.5,21.5,13.4,11.7,1.9,4.2,17.6,0.5,1,1.4,0.09,-2.1,2.2,0.1,0.4
0.3,8.9,0.441,3.5,14.5,8.9,6.2,0.7,2.3,9.2,-0.4,0.2,-0.2,-0.034,-5.5,-2.6,-8,-0.4
0.3,5.9,0.362,2.7,14.5,8.5,11.5,2.2,0.8,15,-0.3,0.2,-0.1,-0.034,-4.6,0.2,-4.4,-0.1
0.3,16.6,0.548,3.3,17.4,10.2,9.4,1.5,1.3,10,2.5,1.5,4,0.094,0.3,-0.6,-0.3,0.9
0.3,9.7,0.463,6.7,11.7,9.2,6.6,2.6,1,12.4,0,0.5,0.4,0.037,-2.2,0.2,-2,0
0.3,8,0.475,1.9,8.3,5,11.7,1.2,0.4,12.9,-0.3,0.2,-0.1,-0.004,-2.8,-2.3,-5.1,-0.6
0.3,10.5,0.536,0.9,8.1,4.4,9.9,0.9,0.1,14.5,0,0.2,0.1,0.009,-2.5,-3.8,-6.3,-0.8
0.3,12.1,0.574,5.3,18,11.5,5.8,1.1,2.5,17.1,0.3,0.4,0.7,0.065,-2.7,-0.3,-3,-0.1
0.3,9.6,0.55,1.5,16.5,8.8,7.5,1.3,1.7,13.2,0.7,1.3,2,0.053,-0.6,0,-0.7,0.6
0.3,12.2,0.539,1.8,8.6,5.1,11.7,1.3,0.1,11.2,1.3,0.5,1.8,0.053,0.1,-2.3,-2.2,-0.1
0.3,13.9,0.567,15.5,23.7,19.5,1.6,1,5.2,18.6,0.7,0.8,1.5,0.109,-3.2,0.4,-2.9,-0.1
0.235,14.9,0.494,2.6,8.1,5.2,35.3,2.7,0.7,18,-0.6,0.9,0.3,0.014,0.3,-1.7,-1.4,0.1
0.235,10.4,0.533,2.8,10.3,6.4,7.9,1.7,1.4,11.3,0.6,1.2,1.9,0.063,-1.7,-0.4,-2.1,0
0.235,8.2,0.492,8.6,23.4,15.7,6,0.8,0.4,22.1,-0.1,0.2,0.1,0.024,-6.4,-1,-7.4,-0.3
0.235,14.9,0.531,8.8,20,14.1,11.2,1.4,1.4,15,0.6,1.4,2,0.079,-3,-0.2,-3.2,-0.4
0.235,8.8,0.503,3,13.2,7.9,11,1.6,2.1,17.5,-0.5,0.9,0.3,0.019,-4.5,-0.3,-4.8,-0.6
0.235,11.9,0.455,3.5,15.4,9.2,17.2,1.7,0.6,7.1,0.1,0.3,0.3,0.057,-1,-1.4,-2.4,0
0.235,13.8,0.484,7.7,20.3,13.7,9.3,2.9,5,17.3,-0.8,3.6,2.8,0.069,-4.4,4.6,0.2,1.1
0.235,10.6,0.471,4.6,14.6,9.4,10.1,2.1,0.8,13,-0.9,1.8,0.9,0.026,-3.2,0.1,-3.1,-0.5
0.235,-19.7,0,0,0,0,0,0,0,0,0,0,0,-0.528,-22,-6.6,-28.6,0
0.235,10.2,0.502,4.4,12.1,8.1,8.8,1.5,4.1,16.3,-0.2,1.1,0.9,0.042,-3.8,1,-2.8,-0.2
0.235,3.7,0.428,10.2,17.6,13.7,4.9,0.7,0,28.7,-0.2,0.1,-0.1,-0.092,-9,-2.3,-11.3,-0.2
0.235,5.9,0.343,2.4,9.9,6,40.8,1.8,0,26.6,-0.4,0.1,-0.3,-0.07,-6.6,-2.7,-9.3,-0.3
0.235,4.5,0.388,0.5,7.2,3.7,34.2,1.4,0,29.6,-0.5,0.1,-0.4,-0.087,-7.3,-4.1,-11.4,-0.5
0.235,14.2,0.541,3.4,15,9,9.6,2.7,1.2,12.5,0.9,2,2.9,0.091,0.2,-0.2,0,0.8
0.235,12.4,0.495,16.4,22.6,19.4,8.7,1.9,3.6,21.8,0.3,0.5,0.7,0.123,-3.3,3.3,-0.1,0.1
0.515,15,0.556,9.5,8.6,9,4.2,1.3,0.7,10.8,0.4,0.1,0.6,0.088,-0.8,-2.7,-3.5,-0.1
0.515,12.8,0.555,5.2,18.4,11.7,7.4,2.2,0.8,12.9,2.2,2.1,4.2,0.106,0.3,1.2,1.5,1.7
0.515,15.8,0.522,4.5,16.2,10.3,11.6,2.1,1.2,12,1.6,2.1,3.7,0.084,-0.6,0.1,-0.5,0.8
0.515,14,0.532,4.2,15.2,9.7,9.5,1.5,0.7,8.5,2.1,1.2,3.3,0.097,0.6,-1.1,-0.5,0.6
0.515,13.9,0.557,9.9,23.4,16.6,2.9,1.2,5.4,15.6,1.4,1.9,3.3,0.115,-2.9,2.1,-0.8,0.4
0.515,14.5,0.522,2.7,11.8,7.3,10.8,1.6,0.7,11.5,0.6,0.8,1.4,0.055,0.5,-3.1,-2.6,-0.2
0.515,12.7,0.475,7,11.3,9.1,15.9,1.5,1.4,14.5,0,0.2,0.2,0.039,-2.2,-1.7,-3.9,-0.1
0.515,-11.5,0,0,27.7,13.8,15.4,0,0,0,-0.1,0,0,-0.296,-14.1,-1.8,-15.9,0
0.515,19.3,0.57,3,14.4,8.7,27.6,2.4,1.3,18.5,4.2,2.3,6.5,0.136,2.3,0.9,3.2,3
0.515,5.7,0.447,12.2,8.2,10.2,2.6,1.8,0,15.2,0,0,0,0.018,-3.9,-2.3,-6.2,-0.1
0.667,13.1,0.547,2.2,16.4,9.4,10,1.8,1.3,9.8,0.6,0.7,1.2,0.135,0.1,0.7,0.8,0.3
0.667,9.8,0.49,1.3,6.6,4,9.9,2,0.4,9.9,0.1,0.7,0.7,0.059,-1.6,-0.8,-2.5,-0.1
0.667,16.1,0.585,2.1,9.5,5.9,11,1.9,0.4,9,4,2.4,6.4,0.152,3.8,0.2,4,3
0.667,16.1,0.564,12.9,13.1,13,5.3,0.6,3.9,13,2.2,1.6,3.8,0.151,-0.1,2.3,2.3,1.3
0.667,21,0.562,1.9,12.1,7.1,29,1.9,0.5,12.6,6.1,3,9.2,0.184,5.2,0.4,5.6,4.5
0.667,14.8,0.647,5.7,23.8,15,4.6,0.6,1.1,12.2,1.3,0.9,2.2,0.169,0.3,-0.4,0,0.3
0.667,16.4,0.527,11.2,24.8,18.1,7.9,0.6,2.9,15.4,0.7,2,2.7,0.107,-2.9,1.2,-1.7,0.1
0.667,11.5,0.503,13.1,22.6,17.9,4.5,0.6,2.7,16.4,0.3,0.7,1,0.112,-3.3,1.4,-1.9,0
0.667,8.9,0.55,1.1,8.3,4.8,8.8,1.4,2.1,9.1,0.5,0.6,1,0.104,-1,1.3,0.3,0.3
0.667,9.2,0.6,4.3,23.5,14.1,2,0.7,0.9,16.7,0,0.1,0.1,0.091,-3,-1.1,-4.1,0
0.667,9.2,0.513,1.2,8.4,4.8,25.6,1.3,0.3,23.7,0.6,1.3,1.9,0.071,-1.3,-0.7,-2.1,0
0.667,13,0.512,2.6,15.5,9.2,20.7,1.6,1.3,16.5,1.7,2.8,4.5,0.108,0.4,2.6,3,2.5
0.667,22.6,0.526,8.1,23,15.7,9.4,1,2,7.4,4.2,3.4,7.5,0.17,0.2,0.3,0.5,1.3
0.328,12,0.543,2.9,12.4,7.8,4.7,1.2,0.1,9.6,1.1,0.3,1.4,0.061,-0.9,-2.7,-3.6,-0.4
0.328,9.8,0.506,8,21,14.7,5.8,0.9,2.1,15,0.7,1.1,1.8,0.053,-2.5,0.8,-1.8,0.1
0.328,-11.1,0.205,0,31.5,16.3,19.1,0,0,45,-0.1,0,-0.1,-0.501,-18.8,-1.6,-20.4,0
0.328,7,0.484,1.3,6.7,4.1,8.1,0.8,1.1,10.5,0.2,0.1,0.2,0.014,-2,-2.3,-4.3,-0.5
0.328,41,1,0,55.1,28.5,0,0,0,0,0,0,0,0.427,5.9,-10.3,-4.4,0
0.328,11.1,0.372,3.9,18.1,11.2,7.2,5,3.9,11.6,-0.1,0.1,0,0.009,-4.4,3,-1.4,0
0.328,9.6,0.544,1.4,8.6,5.1,7.7,1.2,0.6,13.3,1.2,0.4,1.5,0.034,0.1,-1.5,-1.4,0.3
0.328,11.9,0.49,4.3,9.4,6.9,22,1.4,0.6,14.9,0.4,0.2,0.7,0.034,-0.6,-1.8,-2.4,-0.1
0.328,15,0.579,10.6,16,13.4,4.1,0.6,1.1,11.3,2,0.3,2.3,0.113,-0.6,-2.5,-3.1,-0.3
0.328,13,0.661,9.9,16.9,13.5,6.1,0.7,3.3,22.1,0.5,0.2,0.7,0.098,-1.3,0.2,-1.1,0.1
0.328,19.3,0.55,4.8,13.8,9.4,19.4,1.5,1.2,12.5,4.1,1,5.2,0.115,2.8,-0.8,2,2.2
0.328,11.5,0.493,14.8,28.4,21.8,5.4,1.4,0.5,19,0.4,0.6,1,0.073,-2.4,-0.2,-2.6,-0.1
0.328,24.8,0.549,10.5,30.2,20.7,19,2.1,3.8,16.4,2.6,2.6,5.2,0.141,1.2,2.7,3.9,2.6
0.328,17.6,0.575,1.4,8.7,5.2,27.6,2.2,0.7,15.1,3.1,0.7,3.8,0.115,3,-1.3,1.7,1.4
0.328,13.1,0.551,5.5,17.1,11.5,10.9,0.9,0.6,15.1,1,0.4,1.4,0.07,-1.1,-1.3,-2.4,-0.1
0.627,6.7,0.397,0,14.7,7.4,13.2,1.1,0,5,0,0,0,0,-3.5,-2.4,-5.9,0
0.627,17.6,0.582,9.9,17.2,13.6,12,1.6,3,14.1,1.7,1.3,3,0.17,0.1,2.4,2.5,0.9
0.627,16.2,0.541,1,6.8,3.9,29,1.2,0.1,13.7,1.9,1.2,3.1,0.096,0.4,-2.4,-2,0
0.627,13.6,0.514,3.2,8.1,5.7,14.8,1.5,0.2,8.7,0.6,0.6,1.1,0.088,1.3,-2.3,-1,0.2
0.627,20.6,0.547,5.2,20.4,12.9,12.4,3.5,2,9.5,2.7,3.2,5.8,0.178,1.8,3.1,4.9,2.7
0.627,15.4,0.565,3.4,10.7,7.1,19.5,1.5,1,12,2.4,1.3,3.7,0.141,0.2,0.1,0.3,0.7
0.627,16.5,0.587,2.9,14.3,8.6,9.5,2.3,3,10.2,3.1,3.1,6.2,0.152,2.5,2.1,4.6,3.2
0.627,16.5,0.547,1.8,12.6,7.2,30,2,0.9,18.2,1.3,1.7,3,0.106,1.6,-0.3,1.2,1.1
0.627,21.8,0.542,8.9,26.8,18,17.1,1.4,4.8,12.1,3.4,3.6,7,0.182,0.3,4.2,4.5,3
0.627,12.2,0.516,4.3,15.4,9.9,18.4,1.1,0.9,15.8,0.9,1.8,2.7,0.08,-0.8,0.7,-0.1,0.7
0.627,10.3,0.528,3.4,9.8,6.6,7.8,0.6,1,4.3,1.1,0.7,1.7,0.103,-0.3,-1.1,-1.3,0.1
0.627,13.1,0.562,2.1,9.4,5.8,11,1.2,0.2,10,1.5,0.9,2.4,0.107,0.9,-1.4,-0.5,0.4
0.627,14.8,0.602,11.1,21.4,16.3,5.4,0.6,1.2,16,1.5,1.1,2.7,0.141,-1.5,-0.7,-2.1,0
0.627,13.6,0.611,9.9,21.7,15.9,5.4,1.2,1.7,17.2,0.5,0.4,0.9,0.142,-2.2,0.3,-1.9,0
0.627,8.3,0.397,1.7,20.8,11.3,11.7,2,1.6,10.2,-0.2,0.5,0.3,0.042,-5,2.2,-2.8,-0.1
0.603,19.7,0.558,1.5,7.2,4.3,13.1,2.3,0.4,8.1,4.4,1,5.4,0.156,3.9,-3,0.9,1.2
0.603,13,0.508,1.3,11.4,6.3,25.1,1.2,0.5,13.4,1.4,0.8,2.2,0.067,1,-2.2,-1.1,0.4
0.603,20.7,0.627,12,26.4,19.2,2.5,0.8,3.5,12.3,4.9,2,6.9,0.193,0.1,-0.7,-0.6,0.6
0.603,10.4,0.799,17.1,11.6,14.4,7.3,1.7,0,40.7,0.1,0,0.1,0.096,0.6,-0.4,0.2,0
0.603,11.2,0.521,1.7,11.5,6.6,6.4,1.3,1,8.5,1.1,0.9,2,0.056,0.2,-1.6,-1.4,0.2
0.603,15,0.577,7,16.7,11.8,10,1.3,1.6,8.1,3.9,1.4,5.3,0.143,2.7,0.6,3.3,2.4
0.603,5.2,0.307,9.9,45.4,27.5,6.2,4.5,0,17,-0.1,0.1,0,-0.071,-10.9,0.8,-10.1,0
0.603,19.5,0.53,2.5,12.9,7.6,32.9,2.3,0.4,12.8,5,1.9,6.9,0.146,4.4,-0.5,3.9,3.4
0.603,18.2,0.624,5,17.1,11,11,2.2,4.5,14.9,2.2,1.5,3.7,0.151,0.8,2.7,3.5,1.6
0.603,15.2,0.603,9.2,16.4,12.8,8.6,1.2,2.4,15.9,3,1.4,4.4,0.122,0.9,1.1,1.9,1.7
0.603,9.5,0.491,5.7,14.9,10.3,11.2,2.4,1.1,15.1,0.1,0.2,0.3,0.076,-2.2,1.4,-0.8,0.1
0.603,11.9,0.567,11.7,17.4,14.5,2.8,1.5,1.2,9.8,1.5,0.6,2.2,0.136,-0.5,-0.3,-0.8,0.2
0.603,11.1,0.539,5.5,7.8,6.6,9.8,2.7,0,15.8,0.2,0.1,0.3,0.076,-1.2,0.3,-0.9,0.1
0.603,16.1,0.493,2,12.7,7.3,15.8,1.9,0.4,9.8,1.3,1.1,2.4,0.072,-1.1,-1.3,-2.4,-0.2
0.603,9.3,0.444,7.1,7.3,7.2,0,0,5,10,0,0,0,-0.061,-6.2,-6.3,-12.4,0
0.448,6.3,0.43,3.1,13.4,8.3,8.7,3.1,1.3,20.1,-0.9,0.9,0,-0.001,-3.9,1.6,-2.3,-0.1
0.448,9.2,0.505,1.6,11.2,6.5,17.6,2.3,0.5,21,0.3,1.2,1.5,0.055,-1.3,0.5,-0.8,0.4
0.448,10.5,0.518,1.1,12.5,6.9,11.6,1.4,1,11.4,0.5,0.6,1.1,0.072,-0.5,-1.3,-1.8,0
0.448,20.4,0.573,2.4,13.8,8.1,21.8,2.1,0.9,14,5.3,2.3,7.6,0.158,3.6,-0.2,3.5,3.2
0.448,21.9,0.631,14.6,27.4,21.1,8.2,1.6,7.5,17.4,3.8,3.2,7,0.206,0.8,5.2,6,3.3
0.448,22.4,0.57,9.8,20.1,15,9.4,1.4,4.3,10,4.9,2.7,7.6,0.184,1.4,1.6,3,2.5
0.448,6.9,0.472,1.8,7,4.4,16.5,1.2,0.7,18.6,-0.2,0.7,0.5,0.018,-1.7,-1.4,-3.1,-0.4
0.448,18,0.586,8.3,24.1,16.3,7.8,1.9,6.2,8.5,0.3,0.3,0.6,0.189,-1.2,3.7,2.5,0.2
0.448,7.8,0.363,0,15.2,7.7,19.8,3.6,0,12.7,0,0,0,-0.022,-5.4,-0.8,-6.2,0
0.448,17.8,0.6,0,24.4,12.4,0,3.8,0,0,0,0,0.1,0.179,-3.3,-3,-6.3,0
0.448,8.4,0.486,3.2,7,5.1,9.5,1.8,1.1,14.2,0,0.1,0.1,0.041,-2,-1.4,-3.4,-0.1
0.448,-2.6,0.25,8.1,15.7,12,0,1.8,0,7.7,-0.1,0,-0.1,-0.154,-10.4,-5.8,-16.2,-0.1
0.448,13.1,0.524,2.5,12,7.3,15.1,1,0.4,12.7,1.1,0.5,1.6,0.087,-0.3,-1.2,-1.5,0.1
0.448,12.3,0.455,1.5,8.2,4.9,25.1,1.4,0.6,10.5,0.8,1.1,2,0.047,0,-2.1,-2.1,-0.1
0.448,14.5,0.533,10.6,18.6,14.7,7.7,1.5,1.7,15.7,0.9,1.3,2.3,0.09,-1,0.1,-0.9,0.3
0.448,4.7,,39.1,75.9,57.8,0,0,0,100,0,0,0,-0.217,-19.9,-6.7,-26.6,0
0.588,3.5,0.411,2.1,11.7,7,7.5,0.9,0.4,17.5,-0.4,0.2,-0.2,-0.037,-5.7,-1.4,-7,-0.3
0.588,20.6,0.532,1.6,12.8,7.3,45.8,2.6,1.4,18.5,3.8,3.6,7.5,0.148,2.8,1.3,4,3.7
0.588,11,0.534,3.8,10,7,10.9,2.9,1,15.1,0.5,1.1,1.6,0.102,-0.5,1.5,1,0.6
0.588,13.1,0.548,8.9,17.2,13.2,8.1,0.4,3.5,17.2,0.3,1.3,1.6,0.075,-3.1,0.5,-2.6,-0.2
0.588,-3.6,0.312,5.4,5.2,5.3,6.4,0,0,10.2,-0.1,0,-0.1,-0.12,-6.9,-4,-11,-0.1
0.588,11.3,0.508,5.5,11.2,8.4,7.3,1.5,1.8,9.8,0.8,1.4,2.2,0.09,-1.4,0.9,-0.6,0.4
0.588,16.3,0.596,2.9,14.4,8.8,11.7,1.3,1,11.2,3.4,2,5.4,0.153,2.4,-0.2,2.2,1.8
0.588,15.7,0.514,10.6,25,17.9,6.3,1.3,1.5,8.7,1.5,1.9,3.4,0.137,-1.9,0.6,-1.3,0.2
0.588,14.9,0.542,5.4,16.8,11.2,12.7,2.1,1.1,15,0.8,2.2,3,0.098,-1.4,1.5,0.1,0.8
0.588,17.4,0.582,8.2,24.3,16.5,5.6,0.9,3.5,11.5,3.1,3.4,6.5,0.153,-1,2,1,1.5
0.588,10.9,0.457,9.6,18.1,13.9,7.3,1.3,1.2,9.6,0.1,0.7,0.9,0.074,-2.5,0.1,-2.4,-0.1
0.588,12,0.541,2.1,12.5,7.4,7,0.9,1.2,8.5,1.1,1.3,2.4,0.09,-0.4,-0.9,-1.3,0.2
0.588,7.7,0.491,9.5,26.4,18.2,3.4,1.1,0.6,18.6,-0.1,0.2,0.1,0.037,-6.3,-1.2,-7.5,-0.2
0.588,13.6,0.517,3.2,9.8,6.6,15.1,1.8,0.6,11.8,1.1,1.9,3,0.085,0.5,0.1,0.5,1.1
