Rk,Player,Pos,Age,Team,WinPct,G,GS,Mpg,MP,PER,TSpct,ORBpct,DRBpct,TRBpct,ASTpct,STLpct,BLKpct,TOVpct,OWS,DWS,WS,WSp48,OBPM,DBPM,BPM,VORP,BLK,TOV,PF,PTS,3PA,3P,FTA
1,Louis Williams,PG,27,ATL,0.463,60,7,24.1,1446,14.2,0.547,0.8,9.1,5,22.9,1.6,0.2,13.9,1.6,1,2.6,0.087,0.3,-2.1,-1.8,0.1,0.1,1.5,1.1,10.4,3.9,0.342,3
2,Jeff Teague,PG,25,ATL,0.463,79,79,32.2,2543.8,17.1,0.541,1.6,7.9,4.7,35.1,1.8,0.5,16.1,3.3,1.9,5.2,0.098,0.9,-2,-1.1,0.6,0.2,2.9,2,16.5,2.8,0.329,4.8
3,Mike Scott,PF,25,ATL,0.463,80,6,18.5,1480,15.3,0.559,4.9,17.2,11.1,8.9,1,0.4,10.3,1.3,1.2,2.6,0.084,-0.7,-2.3,-3,-0.4,0.1,1,1.5,9.6,2.5,0.31,1.7
4,Dennis Schroder,PG,20,ATL,0.463,49,0,13.1,641.9,5.8,0.442,0.9,9.9,5.4,22,1.3,0,22.8,-1.1,0.4,-0.7,-0.054,-6.2,-2.1,-8.3,-1,0,1.2,1.1,3.7,0.9,0.238,0.9
5,Dexter Pittman,C,25,ATL,0.463,2,0,1.5,3,13.1,0,100,0,57.9,0,0,0,0,0,0,0,-0.18,-5.4,-17.3,-22.7,0,0,0,0,0,0,,1
6,Mike Muscala,PF,22,ATL,0.463,20,0,10.8,216,10.8,0.48,9.2,18.7,14,5.2,0.7,3.7,13.2,-0.1,0.2,0.2,0.04,-5.6,-0.4,-6,-0.2,0.5,0.6,1.5,3.8,0.2,0,0.7
7,Paul Millsap,PF,28,ATL,0.463,74,73,33.5,2479,19.8,0.545,7.2,21.9,14.6,16.2,2.6,2.5,13.2,2.7,4,6.7,0.129,0.7,2.4,3.1,3.2,1.1,2.5,2.8,17.9,2.9,0.358,5.3
8,Shelvin Mack,PG,23,ATL,0.463,73,11,20.4,1489.2,13.2,0.51,1.6,10.7,6.2,28.8,1.7,0.1,14.3,1.2,1.2,2.3,0.074,-0.7,-1.7,-2.4,-0.1,0,1.2,1.4,7.5,2.5,0.337,1
9,Kyle Korver,SG,32,ATL,0.463,71,71,33.9,2406.9,13.5,0.653,1.1,12.4,6.8,13.3,1.5,0.8,13.6,3.9,2,5.9,0.118,2,0.2,2.2,2.5,0.3,1.4,2.1,12,5.5,0.472,1.3
10,John Jenkins,SG,22,ATL,0.463,13,0,12.2,158.6,4.7,0.457,2.2,13.8,8.1,10.4,0.3,0.5,20.1,-0.2,0.1,-0.1,-0.043,-5.7,-1.8,-7.5,-0.2,0.1,0.8,0.8,3.1,1.4,0.222,0.3
11,Al Horford,C,27,ATL,0.463,29,29,33,957,22,0.588,8,21.4,14.8,15.2,1.4,3.6,12.3,1.5,1.3,2.8,0.141,0.8,2,2.8,1.1,1.5,2.2,1.9,18.6,0.4,0.364,2.9
12,DeMarre Carroll,SF,27,ATL,0.463,73,73,32.1,2343.3,13.9,0.575,5.3,14.5,10,8.9,2.3,0.7,10.1,3.2,2.6,5.8,0.119,1,1.1,2.1,2.4,0.3,1.1,2.6,11.1,3.7,0.362,1.9
13,Elton Brand,PF,34,ATL,0.463,73,15,19.4,1416.2,14,0.561,8,21.5,14.8,8.1,1.4,4.9,13.8,1.4,2.1,3.6,0.121,-2.7,3.1,0.5,0.9,1.2,0.8,2.6,5.7,0,0,1.3
14,Gustavo Ayon,C,28,ATL,0.463,26,14,16.5,429,12.9,0.505,11.4,22.3,16.9,10,3,1.8,20.7,0,0.7,0.7,0.078,-3.2,3,-0.2,0.2,0.4,1.1,1.8,4.3,0,,0.8
15,Pero Antic,PF,31,ATL,0.463,50,26,18.5,925,11.7,0.545,7.2,18.9,13.1,9.8,1,1,14.5,0.5,0.9,1.4,0.075,-0.5,-0.9,-1.4,0.1,0.2,1.1,2.5,7,3.4,0.327,1.3
16,Gerald Wallace,SF,31,BOS,0.305,58,16,24.4,1415.2,10,0.543,2.8,14.5,8.5,14.9,2.7,0.8,26.1,-0.3,1.6,1.3,0.043,-2.5,2.2,-0.3,0.6,0.2,1.7,1.4,5.1,1.1,0.297,1.7
17,Jared Sullinger,PF,21,BOS,0.305,74,44,27.6,2042.4,16.4,0.497,13,20.6,16.7,10.1,0.9,1.8,10.7,1.9,2,3.9,0.091,0.3,-0.6,-0.3,0.9,0.7,1.6,3.4,13.3,2.8,0.269,2.7
18,Rajon Rondo,PG,27,BOS,0.305,30,30,33.3,999,15.3,0.461,2.4,16.6,9.3,47.7,2.1,0.2,20.7,0.2,1,1.1,0.054,0.2,-0.2,0,0.5,0.1,3.3,2.2,11.7,3,0.289,2.2
19,Phil Pressey,PG,22,BOS,0.305,75,11,15.1,1132.5,8.8,0.39,1.9,8.8,5.3,30.8,3.1,0.3,24.2,-1,1.1,0.1,0.005,-3.7,-0.6,-4.4,-0.7,0.1,1.2,1.3,2.8,1.4,0.264,0.6
20,Kelly Olynyk,C,22,BOS,0.305,70,9,20,1400,15.2,0.546,11,18.8,14.8,13.1,1.3,1.5,16,1.5,1.4,2.9,0.101,0.3,0.2,0.5,0.9,0.4,1.5,3.2,8.7,1.6,0.351,1.7
21,Chris Johnson,SF,23,BOS,0.305,40,0,19.7,788,10.8,0.537,4.3,9.8,7,6,1.8,0.4,8.6,0.9,0.5,1.4,0.085,0.1,-0.9,-0.8,0.2,0.1,0.6,1.6,6.3,3.2,0.339,1.1
22,Kris Humphries,PF,28,BOS,0.305,69,30,19.9,1373.1,18.2,0.552,10.2,24,16.9,8.2,1.2,3.4,10.9,2.3,1.8,4.1,0.143,-1.2,1.2,0,0.7,0.9,0.9,2,8.4,0,0,2.1
23,Jeff Green,SF,27,BOS,0.305,82,82,34.2,2804.4,13.1,0.52,2.1,13.6,7.7,8.4,1,1.3,11.1,1.3,2,3.3,0.057,-0.7,-1.3,-2.1,0,0.6,2,2.2,16.9,4.8,0.341,4.3
24,Vitor Faverani,C,25,BOS,0.305,37,8,13.2,488.4,11,0.502,9.5,20.6,14.9,5.2,1.5,4.3,20.1,-0.3,0.7,0.3,0.031,-4.2,1.1,-3.1,-0.1,0.7,1.1,2,4.4,1.1,0.3,1
25,Avery Bradley,PG,23,BOS,0.305,60,58,30.9,1854,12.7,0.51,2.9,11.2,6.9,8.1,1.7,0.5,9.9,0.4,1.4,1.8,0.046,-1.1,-1.4,-2.5,-0.2,0.2,1.6,2.4,14.9,3.3,0.395,1.9
26,Keith Bogans,SG,33,BOS,0.305,6,0,9.2,55.2,9.9,0.82,0,6.4,3.1,7.7,0.9,0,12,0.1,0,0.1,0.121,0.1,-2.2,-2.1,0,0,0.2,0.3,2,1,0.5,0.5
27,Vander Blue,SG,21,BOS,0.305,3,0,5,15,0.5,0.403,0,23.4,11.4,10.7,0,0,24.4,-0.1,0,-0.1,-0.214,-10.9,-3.1,-13.9,0,0,0.7,0.3,1.7,0.3,0,1.7
28,Brandon Bass,PF,28,BOS,0.305,82,73,27.6,2263.2,15,0.549,7.8,15.9,11.8,6.4,0.8,2.4,10.9,3.2,1.9,5.1,0.107,-1.3,0.2,-1.2,0.5,0.9,1.2,2.3,11.1,0.1,0.333,2.9
29,Chris Babb,SG,23,BOS,0.305,14,0,9.4,131.6,3.7,0.367,3.3,11.5,7.3,3.3,2.3,0,9.1,-0.1,0.1,0,-0.008,-3.7,-0.7,-4.4,-0.1,0,0.2,0.9,1.6,1.9,0.222,0
30,Deron Williams,PG,29,BRK,0.537,64,58,32.2,2060.8,17.6,0.564,0.9,8.9,4.9,32.8,2.4,0.5,15,3.8,1.5,5.4,0.125,2.7,-1.5,1.2,1.6,0.2,2.2,2.3,14.3,4.2,0.366,3.4
31,Jason Terry,PG,36,BRK,0.537,35,0,16.3,570.5,7.4,0.501,0.8,6.9,3.9,15.3,1.2,0,14.5,0,0.2,0.2,0.016,-1.4,-2.8,-4.2,-0.3,0,0.8,1.4,4.5,2.9,0.379,0.4
32,Mirza Teletovic,SF,28,BRK,0.537,72,7,19.4,1396.8,14.3,0.559,5.2,17.6,11.4,7.1,1.1,1.4,8.8,1.6,1.1,2.7,0.094,1.5,-2,-0.5,0.5,0.3,0.8,2,8.6,4.8,0.39,0.9
33,Tyshawn Taylor,PG,23,BRK,0.537,23,3,11.7,269.1,5.4,0.427,1.3,5.3,3.3,21.4,2.3,0.3,22.9,-0.7,0.2,-0.6,-0.098,-7,-2.7,-9.7,-0.5,0,1.3,1.3,3.9,0.5,0.25,1.3
34,Mason Plumlee,PF,23,BRK,0.537,70,22,18.2,1274,19,0.67,9.3,19.6,14.5,8.1,2,3.6,16.6,3,1.7,4.7,0.176,0.5,1.9,2.4,1.4,0.8,1.1,2.4,7.4,0,0,2.8
35,Paul Pierce,SF,36,BRK,0.537,75,68,28,2100,16.8,0.595,1.5,18.3,9.9,14.5,2.2,1.2,15.3,2.9,2.3,5.2,0.119,1.3,0.2,1.5,1.8,0.4,2,2.5,13.5,4,0.373,4.1
36,Brook Lopez,C,25,BRK,0.537,17,17,31.4,533.8,25.4,0.629,8.8,14.1,11.5,6.1,0.9,4.8,9.1,1.9,0.5,2.3,0.211,1.8,-0.7,1.1,0.4,1.8,1.6,3.1,20.7,0.1,0,6.8
37,Shaun Livingston,PG,28,BRK,0.537,76,54,26,1976,14.5,0.551,4.1,10.8,7.5,20.1,2.5,1.3,15.5,2.6,1.8,4.4,0.108,-0.5,1.1,0.6,1.3,0.4,1.4,2.3,8.3,0.1,0.167,2.5
38,Andrei Kirilenko,PF,32,BRK,0.537,45,4,19,855,12.4,0.532,7.7,12.7,10.2,13.1,2.4,1.9,20.3,0.4,0.9,1.3,0.07,-1.9,1.8,-0.1,0.4,0.4,1.2,1.4,5,0.1,0.2,2.6
39,Joe Johnson,SG,32,BRK,0.537,79,79,32.6,2575.4,15.5,0.564,2.2,10.3,6.3,15,1,0.3,9.8,3.9,1,4.9,0.091,2,-2.2,-0.1,1.2,0.1,1.5,1.6,15.8,5.1,0.401,2.5
40,Jorge Gutierrez,PG,25,BRK,0.537,15,2,16.3,244.5,8.7,0.523,1.5,9.3,5.4,19.4,2.2,0.3,19.1,0.1,0.2,0.2,0.048,-2.6,-0.8,-3.4,-0.1,0.1,0.9,2.5,4.1,0.8,0.25,0.8
41,Kevin Garnett,C,37,BRK,0.537,54,54,20.5,1107,13.3,0.467,6.5,32.1,19.3,12.4,2,3,15.5,-0.7,1.9,1.2,0.054,-4.7,2.8,-1.9,0,0.7,1.3,2.3,6.5,0.1,0,0.9
42,Jason Collins,C,35,BRK,0.537,22,1,7.8,171.6,4.1,0.485,4.9,8.3,6.6,3.5,2.4,0.5,21.4,-0.1,0.1,0.1,0.017,-4.1,0.5,-3.6,-0.1,0,0.3,1.4,1.1,0.1,0,0.2
43,Andray Blatche,PF,27,BRK,0.537,73,7,22.2,1620.6,18.8,0.532,8.9,19.9,14.4,12.8,2.4,2,12.5,1.6,2.1,3.7,0.109,-0.6,0.7,0.1,0.8,0.5,1.5,2.3,11.2,0.7,0.278,3
44,Alan Anderson,SF,31,BRK,0.537,78,26,22.7,1770.6,9.5,0.525,2.7,9.1,5.9,7.3,1.4,0.5,10.4,0.8,0.9,1.7,0.047,-0.8,-1.4,-2.2,-0.1,0.1,0.8,1.9,7.2,3.2,0.339,1.5
45,Cody Zeller,C,21,CHA,0.524,82,3,17.3,1418.6,13.1,0.498,9.4,18.8,14.1,10.4,1.5,2.3,15,0.4,2.2,2.6,0.09,-3.2,1.8,-1.3,0.2,0.5,1.1,2.1,6,0,0,2.4
46,D.J. White,PF,27,CHA,0.524,2,0,5,10,2.4,0,0,22.7,11.3,0,5.2,0,0,0,0,0,0.004,-10.3,3.4,-6.9,0,0,0,0.5,0,0,,0
47,Kemba Walker,PG,23,CHA,0.524,73,73,35.8,2613.4,16.8,0.499,1.7,11.6,6.6,29.7,1.7,1,11.6,1.8,3.3,5.1,0.093,1.6,0.2,1.7,2.4,0.4,2.3,1.8,17.7,4.5,0.333,4.6
48,Anthony Tolliver,PF,28,CHA,0.524,64,9,20.3,1299.2,11,0.605,2.9,11.8,7.3,5,0.8,0.9,6.6,1.9,1.3,3.2,0.117,0.8,-0.5,0.3,0.8,0.2,0.4,1.3,6.1,3.9,0.413,0.6
49,Jeffery Taylor,SF,24,CHA,0.524,26,8,24.2,629.2,5.9,0.436,2.7,8.1,5.4,5.7,1.1,0.6,9.5,-0.8,0.6,-0.2,-0.019,-4.2,-1.2,-5.4,-0.5,0.2,1,2.4,8,2.6,0.269,1.8
50,Jannero Pargo,PG,34,CHA,0.524,29,0,8.3,240.7,18.9,0.554,0.5,8.9,4.7,40.3,3,0.3,17.5,0.2,0.4,0.5,0.105,3.1,-2.2,0.9,0.2,0,0.9,0.6,4.7,2.1,0.4,0.4
51,Josh McRoberts,PF,26,CHA,0.524,78,78,30.3,2363.4,13.8,0.548,4,13.8,8.9,21.9,1.3,1.5,12.1,3.5,3,6.5,0.132,1.3,1.6,2.9,2.9,0.6,1.1,2.4,8.5,3.7,0.361,1.1
52,Michael Kidd-Gilchrist,SF,20,CHA,0.524,62,62,24.2,1500.4,12,0.516,8.2,16.2,12.2,5.4,1.5,2.1,12.1,0.9,2.2,3.1,0.098,-2.7,1.7,-0.9,0.4,0.6,1,2.3,7.2,0.1,0.111,3
53,Al Jefferson,C,29,CHA,0.524,73,73,35,2555,22.7,0.532,6.9,28.3,17.5,12.8,1.4,2.4,7.6,3.1,4.7,7.8,0.146,0.3,1.5,1.8,2.5,1.1,1.7,2.4,21.8,0.2,0.2,3.8
54,Gerald Henderson,SG,26,CHA,0.524,77,77,32,2464,13.1,0.507,1.4,12.9,7.1,13.9,1.1,1,9.6,0.8,2.8,3.6,0.071,-1.7,0,-1.7,0.2,0.4,1.5,2.1,14,1.5,0.348,4
55,Ben Gordon,SG,30,CHA,0.524,19,0,14.7,279.3,6.4,0.422,1.2,9.8,5.5,12.2,1.9,0.6,15.2,-0.7,0.3,-0.3,-0.058,-5.9,-1,-6.8,-0.3,0.1,1.1,0.9,5.2,1.5,0.276,1.1
56,Chris Douglas-Roberts,SF,27,CHA,0.524,49,8,20.7,1014.3,12.2,0.588,1.8,11.5,6.6,7.9,1.5,1.2,11.1,1.1,1.2,2.4,0.113,-0.3,0.4,0.1,0.5,0.3,0.7,1.2,6.9,2.7,0.386,1.7
57,Bismack Biyombo,C,21,CHA,0.524,77,9,13.9,1070.3,13.3,0.606,11,27.6,19.3,1.1,0.3,6.3,17.9,1.1,2.1,3.2,0.144,-4.7,2.2,-2.5,-0.1,1.1,0.5,1.6,2.9,0,,1.2
58,Tony Snell,SG,22,CHI,0.585,77,12,16,1232,8,0.489,1.8,9.6,5.7,9.1,1.3,0.9,11.1,-0.1,1.7,1.6,0.063,-2.9,-0.2,-3,-0.3,0.2,0.6,1.1,4.5,2.3,0.32,0.5
59,Derrick Rose,PG,25,CHI,0.585,10,10,31.1,311,9.7,0.446,3.3,8.3,5.9,26.2,0.9,0.2,16,-0.6,0.4,-0.2,-0.036,-2.8,-2.3,-5.1,-0.2,0.1,3.4,1.5,15.9,4.7,0.34,3.2
60,Joakim Noah,C,28,CHI,0.585,80,80,35.3,2824,20,0.531,11.6,24.5,18.2,26.4,1.9,3.3,17,4.5,6.6,11.2,0.19,1.1,5.5,6.6,6.1,1.5,2.4,3.1,12.6,0,0,4.2
61,Erik Murphy,C,23,CHI,0.585,24,0,2.6,62.4,0.2,0.231,3.7,10.8,7.3,4.9,0,5,13.3,-0.2,0.1,-0.1,-0.055,-9.8,1.8,-8.1,-0.1,0.2,0.1,0.3,0.3,0.1,0,0
62,Nazr Mohammed,C,36,CHI,0.585,80,1,7,560,10.1,0.445,13.6,21.7,17.7,5.8,1.3,4.1,21,-0.4,1.2,0.8,0.07,-6,2.6,-3.3,-0.2,0.4,0.5,1,1.6,0,,0.4
63,Mike James,PG,38,CHI,0.585,11,0,7,77,1.5,0.251,0,10.2,5.2,34.1,1.4,0,18.6,-0.2,0.1,-0.1,-0.073,-8.6,-2.1,-10.6,-0.2,0,0.5,1,1,0.5,0.2,0.2
64,Kirk Hinrich,PG,33,CHI,0.585,73,61,29,2117,10.8,0.494,1.7,8.5,5.2,22.6,2,1,15.1,0.4,3.3,3.8,0.085,-1.3,0.5,-0.8,0.6,0.4,1.6,2.8,9.1,3.3,0.351,1.7
65,Taj Gibson,PF,28,CHI,0.585,82,8,28.7,2353.4,16,0.524,9.8,17.1,13.5,7.3,0.9,3.7,12.8,1.4,4.4,5.7,0.117,-2.6,1.4,-1.1,0.5,1.4,1.8,2.5,13,0.1,0,3.4
66,Mike Dunleavy,SF,33,CHI,0.585,82,61,31.5,2583,12.6,0.549,2.1,13,7.6,12.3,1.3,1.4,11.3,2.4,4.1,6.5,0.121,-0.3,1.1,0.7,1.8,0.6,1.3,2,11.3,4,0.38,2
67,Jimmy Butler,SG,24,CHI,0.585,67,67,38.7,2592.9,13.5,0.522,3.9,10.5,7.2,11.1,2.6,1.1,10.8,2.4,4.6,7.1,0.131,0,2.4,2.4,2.9,0.5,1.5,1.6,13.1,3.6,0.283,5
68,Carlos Boozer,PF,32,CHI,0.585,76,76,28.2,2143.2,14.4,0.489,7.4,25.9,16.8,10.9,1.3,0.8,12.6,-0.9,4.3,3.4,0.076,-4,0.6,-3.4,-0.7,0.3,2,2.8,13.7,0,0,2.5
69,Tyler Zeller,C,24,CLE,0.402,70,9,15,1050,15.4,0.581,10.8,19.6,15.1,5.6,0.9,3,14.9,1.5,1.1,2.6,0.12,-1.9,0.2,-1.7,0.1,0.5,0.9,2,5.7,0,0,1.7
70,Dion Waiters,SG,22,CLE,0.402,70,24,29.6,2072,14,0.508,1.7,9,5.3,18.2,1.6,0.7,12.3,0.3,1.3,1.6,0.037,-0.2,-1.8,-2.1,0,0.2,2.2,2.2,15.9,3.6,0.368,3.4
71,Anderson Varejao,C,31,CLE,0.402,65,29,27.7,1800.5,17,0.527,11.4,28.2,19.6,12.2,2,1.8,12.2,2.7,2.7,5.4,0.144,-0.4,3,2.7,2.1,0.6,1.1,2.5,8.4,0.1,0,2.1
72,Tristan Thompson,PF,22,CLE,0.402,82,82,31.6,2591.2,14.9,0.528,11.4,21.5,16.3,4.5,0.8,1.1,10.6,3.4,2.3,5.7,0.106,-1.5,-0.5,-2,0,0.4,1.3,2.3,11.7,0,0,4.1
73,C.J. Miles,SG,26,CLE,0.402,51,34,19.3,984.3,16,0.569,2,9.9,5.9,9.1,2.4,1.3,9.1,1.5,0.9,2.5,0.122,2,-1.2,0.7,0.7,0.3,0.9,2,9.9,4.1,0.393,1.5
74,Sergey Karasev,SF,20,CLE,0.402,22,1,7.1,156.2,2.3,0.47,0,11.8,5.8,5.6,1,0.5,21.8,-0.2,0.1,-0.1,-0.041,-5.9,-1.6,-7.5,-0.2,0,0.5,1,1.7,0.9,0.211,0.5
75,Jarrett Jack,PG,30,CLE,0.402,80,31,28.2,2256,11.5,0.498,1.1,10.3,5.6,22.7,1.3,0.8,14.8,0.9,1.4,2.3,0.049,-1.4,-0.9,-2.3,-0.2,0.3,1.7,1.7,9.5,2.3,0.341,1.9
76,Kyrie Irving,PG,21,CLE,0.402,71,71,35.2,2499.2,20.1,0.533,2.3,9.5,5.8,31.6,2.2,0.8,12.1,4.6,2.1,6.7,0.128,4.1,-0.9,3.2,3.3,0.3,2.7,2.3,20.8,4.8,0.358,4.8
77,Scotty Hopson,SG,24,CLE,0.402,2,0,3.5,7,-6.5,0.102,0,0,0,18.8,7.4,0,0,-0.1,0,-0.1,-0.412,-12.9,-4.3,-17.2,0,0,0,0,0.5,1,0,1
78,Alonzo Gee,SF,26,CLE,0.402,65,24,15.7,1020.5,8.6,0.491,3.8,12.8,8.2,6.9,2,1.2,14.3,-0.1,1,0.9,0.041,-3.3,0.7,-2.6,-0.2,0.2,0.7,1.5,4,0.9,0.328,0.9
79,Carrick Felix,SG,23,CLE,0.402,7,0,5.4,37.8,13.3,0.603,2.9,15.1,8.9,18.2,0,0,20.2,0,0,0,0.057,-1.1,-3.5,-4.7,0,0,0.6,0.6,2.7,0.7,0.4,0.6
80,Shane Edwards,SF,26,CLE,0.402,2,0,6,12,-1,0.333,9.1,9.6,9.3,0,0,0,25,0,0,0,-0.141,-10.5,-4.7,-15.2,0,0,0.5,0.5,1,0,,0
81,Matthew Dellavedova,SG,23,CLE,0.402,72,4,17.7,1274.4,10.7,0.534,2.5,8.5,5.4,22.1,1.3,0.3,15.9,1.4,0.7,2.1,0.078,-0.5,-1.7,-2.1,0,0.1,0.8,1.7,4.7,2.2,0.368,0.7
82,Anthony Bennett,SF,20,CLE,0.402,52,0,12.8,665.6,6.9,0.425,8.1,18.4,13.1,4,1.6,1,15.5,-1.1,0.7,-0.4,-0.028,-5.8,-1.5,-7.3,-0.9,0.2,0.9,1.8,4.2,1,0.245,1.3
83,Brandan Wright,C,26,DAL,0.598,58,0,18.6,1078.8,23.5,0.695,11,15.1,13.1,4.7,1.5,4.2,8.5,4.1,1,5.1,0.227,3.1,0.6,3.6,1.5,0.9,0.6,1.6,9.1,0,,1.8
84,Dirk Nowitzki,PF,35,DAL,0.598,80,80,32.9,2632,23.6,0.603,1.8,20,10.9,14.2,1.4,1.4,7.5,8.6,2.3,10.9,0.199,4.1,-0.8,3.3,3.5,0.6,1.5,2.1,21.7,4.1,0.398,4.7
85,Gal Mekel,PG,25,DAL,0.598,31,1,9.4,291.4,5.4,0.4,2,8.6,5.3,30.1,0.7,0.3,25.4,-0.5,0.1,-0.4,-0.073,-5.7,-3.4,-9.2,-0.5,0,1,1,2.4,0.6,0.25,0.4
86,Shawn Marion,SF,35,DAL,0.598,76,76,31.7,2409.2,13.7,0.537,6.4,17.4,11.9,7.6,1.9,1.3,11.4,2.2,2.1,4.3,0.086,0,1.1,1.1,1.9,0.5,1.3,1.6,10.4,2.1,0.358,0.9
87,Ricky Ledo,SG,21,DAL,0.598,11,0,3,33,12.7,0.506,0,7,3.5,9.5,1.6,0,9.6,0,0,0,0.024,-1.6,-5.6,-7.2,0,0,0.2,0.2,1.7,0.7,0.375,0.4
88,Shane Larkin,PG,21,DAL,0.598,48,0,10.2,489.6,8.3,0.446,2.6,7.3,5,20.4,2.7,0.2,20.9,-0.4,0.3,-0.1,-0.01,-3.5,-1.2,-4.7,-0.3,0,0.8,1,2.8,0.8,0.316,0.5
89,Bernard James,C,28,DAL,0.598,30,0,4.9,147,8.5,0.503,12,21.2,16.6,2.8,1.1,4.5,26.4,0,0.2,0.1,0.04,-4.8,1.1,-3.7,-0.1,0.3,0.3,0.8,0.9,0,0,0.4
90,Devin Harris,PG,30,DAL,0.598,40,0,20.5,820,14.6,0.517,1.1,10.8,6,31,1.8,0.2,16.2,1.2,0.4,1.6,0.094,0.5,-2.1,-1.6,0.1,0.1,1.5,1.8,7.9,2.5,0.307,2.9
91,Monta Ellis,PG,28,DAL,0.598,82,82,36.9,3025.8,16.8,0.532,1.5,9.8,5.6,24.8,2.4,0.6,15.2,2.8,2.1,4.9,0.078,0.6,-0.6,0,1.5,0.3,3.2,2.4,19,2.5,0.33,5.2
92,Wayne Ellington,SG,26,DAL,0.598,45,1,8.7,391.5,12.2,0.554,2.4,10.2,6.3,7.1,2.1,0.4,7.8,0.4,0.2,0.7,0.084,0,-1.7,-1.7,0,0,0.2,0.7,3.2,1.3,0.424,0.2
93,Samuel Dalembert,C,32,DAL,0.598,80,68,20.2,1616,16.8,0.605,14.4,24.2,19.4,3.4,1.3,4.8,17.1,2.9,2.1,4.9,0.147,-0.9,1.5,0.6,1.1,1.2,1.1,2.6,6.6,0,0,1.7
94,Jae Crowder,SF,23,DAL,0.598,78,8,16.1,1255.8,11.9,0.551,4.3,13.5,8.9,6.7,2.4,1.4,11.3,1.2,1.1,2.3,0.089,0,0.6,0.6,0.8,0.3,0.5,1.3,4.6,1.9,0.331,0.8
95,Vince Carter,SG,37,DAL,0.598,81,0,24.4,1976.4,15.9,0.539,4,12.6,8.3,16.5,1.6,1.5,10.7,3,1.3,4.3,0.105,2.2,-1,1.1,1.6,0.4,1.3,2.6,11.9,4.6,0.394,2.4
96,Jose Calderon,PG,32,DAL,0.598,81,81,30.5,2470.5,15.2,0.596,1.4,7.6,4.5,22.4,1.4,0.4,11.7,5.4,0.8,6.3,0.122,3.3,-2,1.3,2.1,0.1,1.3,1.7,11.4,5.2,0.449,0.8
97,DeJuan Blair,PF,24,DAL,0.598,78,13,15.6,1216.8,17.3,0.557,13.3,21.6,17.5,8.9,2.5,1.4,14.7,1.8,1.5,3.4,0.133,-0.2,0.8,0.6,0.8,0.3,1,2.5,6.4,0,0,1.6
98,Nate Robinson,PG,29,DEN,0.439,44,1,19.7,866.8,15.6,0.544,2.6,7.5,5,21.3,2,0.3,12.1,1.3,0.5,1.8,0.101,1.9,-2.1,-0.2,0.4,0.1,1.3,2.1,10.4,3.5,0.377,1.9
99,Anthony Randolph,PF,24,DEN,0.439,43,5,12.3,528.9,12.2,0.499,4.1,21,12.5,9.1,2.4,2.7,15.9,-0.1,0.7,0.6,0.055,-3.1,1.3,-1.8,0,0.4,0.9,1.5,4.8,1.4,0.295,1.6
100,Timofey Mozgov,C,27,DEN,0.439,82,30,21.6,1771.2,16.7,0.584,10.4,21.9,16.1,5.5,0.7,4.2,15.6,2.6,1.9,4.5,0.123,-1.5,1,-0.5,0.7,1.2,1.5,2.6,9.4,0.3,0.167,3.2
101,Quincy Miller,PF,21,DEN,0.439,52,16,15.2,790.4,8.6,0.459,4.9,15.2,10.1,4.9,1.4,3,14.6,-0.7,0.7,0,0.002,-4.1,0.3,-3.8,-0.4,0.6,0.9,1.3,4.9,1.8,0.319,1.1
102,JaVale McGee,C,26,DEN,0.439,5,5,15.8,79,10.2,0.455,13.6,9.6,11.6,4.4,0.6,6.5,17.2,-0.1,0.1,-0.1,-0.039,-5.8,-0.1,-5.9,-0.1,1.4,1.6,3.2,7,0,,0.2
103,Ty Lawson,PG,26,DEN,0.439,62,61,35.8,2219.6,19,0.554,1.9,8.5,5.2,38.2,2.2,0.3,16.9,4.8,1.5,6.3,0.136,2.9,-1.2,1.7,2.1,0.2,3.2,1.8,17.6,3.3,0.356,6.5
104,J.J. Hickson,PF,25,DEN,0.439,69,52,26.9,1856.1,16.2,0.521,11.9,24.8,18.3,8.4,1.2,2,14.1,1.3,2.1,3.3,0.086,-1.7,0.8,-0.8,0.6,0.7,1.9,2.6,11.8,0.1,0,4.2
105,Randy Foye,SG,30,DEN,0.439,81,78,30.7,2486.7,13.3,0.558,1.6,8.5,5,17.7,1.3,1.2,13.2,3.3,1.3,4.6,0.089,1.9,-1,0.9,1.8,0.5,1.8,2.5,13.2,6.1,0.38,2.3
106,Evan Fournier,SG,21,DEN,0.439,76,4,19.8,1504.8,10.3,0.533,2.4,12.1,7.3,11.6,1.1,0.3,14.3,0.6,0.8,1.4,0.043,-0.9,-1.6,-2.5,-0.2,0.1,1.3,2.4,8.4,3.1,0.376,1.6
107,Kenneth Faried,PF,24,DEN,0.439,80,77,27.2,2176,19.8,0.573,11.8,22.2,16.9,7.5,1.6,2.3,12.4,4,2.5,6.5,0.144,0.3,0.9,1.2,1.8,0.9,1.7,2.4,13.7,0,0,3.9
108,Wilson Chandler,SF,26,DEN,0.439,62,55,31.1,1928.2,12.4,0.526,3.2,13.3,8.2,9.3,1.2,1.2,8.9,1.8,1.2,3.1,0.076,0.7,-0.6,0.2,1.1,0.5,1.3,3.1,13.6,5.7,0.348,2.5
109,Darrell Arthur,SF,25,DEN,0.439,68,1,17.1,1162.8,9.4,0.459,4.8,14.7,9.8,8,1.6,3,11.7,-0.5,1.2,0.7,0.029,-3.8,1,-2.8,-0.2,0.7,0.9,2.7,5.9,0.9,0.375,0.9
110,Charlie Villanueva,PF,29,DET,0.354,20,0,9,180,12.7,0.469,3.5,17.9,10.3,5.5,1.1,2.2,6.7,0,0.1,0.1,0.034,-1.2,-4,-5.2,-0.1,0.3,0.4,0.8,4.6,2.8,0.25,0.7
111,Rodney Stuckey,SG,27,DET,0.354,73,5,26.7,1949.1,14,0.516,2.1,7.7,4.7,12.7,1.4,0.4,11.3,1.8,0.4,2.2,0.053,-1.2,-2.9,-4.1,-1,0.1,1.7,1.8,13.9,1.2,0.273,4
112,Josh Smith,SF,28,DET,0.354,77,76,35.5,2733.5,14.1,0.463,3.9,17.6,10.4,15,1.9,3.2,12.7,-1.4,2.5,1.1,0.02,-1.7,1.1,-0.6,0.9,1.4,2.6,2.6,16.4,3.4,0.264,3.9
113,Peyton Siva,SG,23,DET,0.354,24,0,9.3,223.2,5.7,0.425,0.9,6.2,3.4,21,2,0.4,22.1,-0.2,0.1,-0.2,-0.032,-4.4,-2.8,-7.3,-0.3,0,0.8,1.1,2.3,1,0.28,0.6
114,Kyle Singler,SF,25,DET,0.354,82,36,28.5,2337,11.8,0.574,5.2,9.2,7.1,4.7,1.3,1.3,10.4,3.6,0.7,4.4,0.09,0.7,-0.8,-0.1,1.1,0.5,1,2.6,9.6,3,0.382,2.2
115,Greg Monroe,PF,23,DET,0.354,82,82,32.8,2689.6,18.1,0.531,9.9,21.6,15.4,10.3,1.7,1.4,12.4,3.7,2.3,5.9,0.106,0,0.4,0.3,1.6,0.6,2,2.5,15.2,0,0,4.5
116,Tony Mitchell,PF,21,DET,0.354,21,0,3.8,79.8,18.1,0.54,19.7,16,18,3.4,3.8,3,16.4,0.1,0.1,0.2,0.151,-0.1,1.4,1.3,0.1,0.1,0.2,0.4,1,0,1,0.9
117,Jonas Jerebko,PF,26,DET,0.354,64,0,11.6,742.4,13.4,0.577,7.2,19.3,12.9,7.8,1.4,0.6,15.5,1,0.5,1.4,0.092,-0.7,-1.4,-2.1,0,0.1,0.7,1.3,4.2,1.2,0.419,0.9
118,Brandon Jennings,PG,24,DET,0.354,80,79,34.1,2728,15.6,0.486,2.2,7.8,4.9,34.4,1.9,0.2,14.4,3,0.9,3.9,0.068,2.1,-2.6,-0.5,1,0.1,2.7,2,15.5,5.7,0.337,4
119,Josh Harrellson,C,24,DET,0.354,32,0,9.9,316.8,13.4,0.547,9.8,16.7,13.1,6.9,1,3.8,10.5,0.5,0.2,0.7,0.108,-0.5,0.2,-0.2,0.1,0.5,0.3,1.4,2.9,1,0.387,0.2
120,Andre Drummond,C,20,DET,0.354,81,81,32.3,2616.3,22.6,0.599,17.5,27.7,22.3,2.2,2,4,10.7,6.4,3.5,9.9,0.182,1.1,0.5,1.6,2.4,1.6,1.4,3.4,13.5,0,0,4
121,Luigi Datome,SF,26,DET,0.354,34,0,7,238,8,0.409,6.1,15.5,10.6,7,1.3,0.3,9.8,-0.2,0.1,-0.1,-0.023,-3.8,-3.2,-7,-0.3,0,0.3,0.6,2.4,1.1,0.179,0.3
122,Kentavious Caldwell-Pope,SG,20,DET,0.354,80,41,19.8,1584,9.4,0.483,2.5,8.6,5.4,5,2.4,0.6,5.4,1,0.8,1.8,0.055,-1.2,-0.8,-2.1,0,0.2,0.4,1.8,5.9,2.3,0.319,0.8
123,Will Bynum,PG,31,DET,0.354,56,3,18.8,1052.8,14.4,0.502,2.4,8.2,5.1,32.5,1.9,0.5,17.6,0.6,0.4,1,0.047,-0.7,-2.8,-3.5,-0.4,0.1,1.8,2.2,8.7,1.1,0.323,2.2
124,Chauncey Billups,SG,37,DET,0.354,19,7,16.3,309.7,5.3,0.427,1.3,8.9,4.9,18.7,1.3,0.3,22.9,-0.3,0.1,-0.3,-0.042,-3.8,-2.4,-6.3,-0.3,0.1,1.3,1.3,3.8,2.5,0.292,0.6
125,Klay Thompson,SG,23,GSW,0.622,81,81,35.4,2867.4,14.3,0.555,1.5,7.9,4.7,10.2,1.3,1,9.2,3.5,3.2,6.7,0.112,1.3,-0.6,0.7,1.9,0.5,1.7,2.9,18.4,6.6,0.417,2.3
126,Marreese Speights,C,26,GSW,0.622,79,3,12.4,979.6,15.2,0.507,11.4,20.6,16.1,5.3,0.5,2.6,11.6,0.6,1.5,2.1,0.103,-3.9,-1.3,-5.2,-0.8,0.4,0.8,1.9,6.4,0.4,0.258,1.7
127,Jermaine O'Neal,PF,35,GSW,0.622,44,13,20.1,884.4,15.3,0.57,10.7,19.1,15,4.2,0.8,3.4,14.5,1.3,1.4,2.7,0.146,-2.5,1.2,-1.3,0.2,0.9,1.2,2.3,7.9,0,,3
128,Nemanja Nedovic,SG,22,GSW,0.622,24,0,5.9,141.6,-1.7,0.306,2.3,9.1,5.8,12.1,0,0.5,23.4,-0.5,0.1,-0.4,-0.132,-8.9,-1.6,-10.6,-0.3,0,0.5,0.5,1.1,0.8,0.167,0.3
129,David Lee,PF,30,GSW,0.622,69,67,33.2,2290.8,19.1,0.566,8.8,21.6,15.3,10.9,1,0.9,12,4.1,3.5,7.6,0.16,-0.1,0.8,0.8,1.6,0.4,2.2,3,18.2,0,0,4.3
130,Ognjen Kuzmic,C,23,GSW,0.622,21,0,4.4,92.4,3.4,0.42,12.1,12.8,12.5,2.9,1.6,3.3,35.9,-0.2,0.1,0,-0.025,-7.5,2.3,-5.2,-0.1,0.2,0.5,0.8,0.7,0,,0.5
131,Andre Iguodala,SF,30,GSW,0.622,63,63,32.4,2041.2,13.7,0.57,2.9,12.6,7.8,18.2,2.3,0.7,16.2,2.7,3.1,5.8,0.135,0.5,2.5,3,2.6,0.3,1.6,1.6,9.3,2.8,0.354,2.1
132,Draymond Green,SF,23,GSW,0.622,82,12,21.9,1795.8,12.7,0.498,5.3,19.3,12.4,11.9,2.8,3,15.1,0.7,3.8,4.5,0.119,-1.6,4.4,2.8,2.2,0.9,1.1,2.8,6.2,2,0.333,1.5
133,Stephen Curry,PG,25,GSW,0.622,78,78,36.5,2847,24.1,0.61,1.8,10.9,6.4,39.9,2.2,0.4,16.1,9.3,4,13.4,0.225,7.4,0,7.4,6.7,0.2,3.8,2.5,24,7.9,0.424,4.5
134,Andrew Bogut,C,29,GSW,0.622,67,67,26.4,1768.8,17,0.61,11.4,29.7,20.7,9.3,1.3,5.2,19.4,2.4,4,6.5,0.176,-1.2,5.6,4.4,2.8,1.8,1.4,3.1,7.3,0,,1
135,Harrison Barnes,SF,21,GSW,0.622,78,24,28.3,2207.4,9.8,0.486,3.3,11.9,7.7,7.6,1.5,0.7,10,0.4,2.8,3.2,0.07,-2.3,0.9,-1.4,0.3,0.3,1.1,2,9.5,2.4,0.347,2.3
136,Hilton Armstrong,C,29,GSW,0.622,15,1,6.5,97.5,17,0.48,21.8,31,26.5,7.1,2.1,3.1,18.7,0.1,0.2,0.3,0.162,-2.5,3.1,0.6,0.1,0.3,0.4,0.7,1.7,0,,1.1
137,Greg Smith,C,23,HOU,0.659,11,0,9.1,100.1,13.7,0.629,13,16.8,15,0,0.5,1.5,14.2,0.2,0.1,0.2,0.119,-2.8,-4.7,-7.5,-0.1,0.2,0.5,1.5,3.5,0,,0.5
138,Josh Powell,F,31,HOU,0.659,1,0,19,19,2.5,0.333,0,27.7,14.6,0,0,3.9,14.3,-0.1,0,0,-0.094,-13.4,-3,-16.4,-0.1,1,1,1,4,0,,0
139,Chandler Parsons,SF,25,HOU,0.659,74,74,37.6,2782.4,15.9,0.565,2.9,12.8,8.2,17.3,1.6,0.8,11.7,5.1,2.5,7.6,0.131,2.2,0.4,2.6,3.2,0.4,1.9,2.3,16.6,4.7,0.37,3
140,Donatas Motiejunas,PF,23,HOU,0.659,62,3,15.4,954.8,10.7,0.504,7.4,18.2,13.1,5.5,1,1.6,12.7,0.3,1,1.4,0.069,-2.7,-0.8,-3.5,-0.4,0.3,0.8,2.1,5.5,1.4,0.25,1.5
141,Jeremy Lin,PG,25,HOU,0.659,71,33,28.9,2051.9,14.3,0.572,2,7.8,5.1,22.3,1.6,1,18.4,2.8,1.6,4.4,0.103,0.6,-1,-0.4,0.8,0.4,2.5,2.3,12.5,3.2,0.358,3.7
142,Terrence Jones,PF,22,HOU,0.659,76,71,27.3,2074.8,19.1,0.577,9.2,18.5,14.1,7,1.3,3.5,8.2,4.6,2.7,7.3,0.169,0.9,1.3,2.2,2.2,1.3,0.9,1.8,12.1,1.3,0.307,2.6
143,Dwight Howard,C,28,HOU,0.659,71,71,33.7,2392.7,21.3,0.6,11.4,27.9,20.1,9.3,1.2,4,17.5,4,4.1,8,0.161,-0.3,2.2,1.9,2.4,1.8,3.2,3.4,18.3,0.1,0.286,9
144,James Harden,SG,24,HOU,0.659,73,73,38,2774,23.5,0.618,2.6,10.7,6.9,27.3,2.1,0.8,15,10.1,2.7,12.8,0.221,6.2,-0.5,5.7,5.4,0.4,3.6,2.4,25.4,6.6,0.366,9.1
145,Francisco Garcia,SF,32,HOU,0.659,55,4,19.7,1083.5,9.3,0.521,2.3,9.8,6.3,8.6,1.2,2.3,9,0.8,0.9,1.8,0.078,-0.3,0.1,-0.2,0.5,0.6,0.5,2.2,5.7,3.5,0.358,0.3
146,Troy Daniels,SG,22,HOU,0.659,5,1,15,75,16,0.677,0,5.6,3,11.4,0,0,8.8,0.2,0,0.2,0.15,4.3,-5.5,-1.2,0,0,0.6,1.2,8.4,5,0.48,0
147,Robert Covington,SF,23,HOU,0.659,7,0,4.9,34.3,15,0.571,6.9,9.3,8.2,0,2.9,0,6.7,0.1,0,0.1,0.122,1.3,-4.9,-3.6,0,0,0.1,0.4,2.3,1.6,0.364,0
148,Omri Casspi,PF,25,HOU,0.659,71,2,18.1,1285.1,12.9,0.528,5.1,16.8,11.3,10.5,1.7,0.8,13.4,1,1.4,2.4,0.091,-0.6,-0.2,-0.8,0.4,0.2,1,1.4,6.9,2.5,0.347,1.7
149,Isaiah Canaan,PG,22,HOU,0.659,22,0,11.5,253,9.5,0.506,3.3,7.1,5.3,13.2,1.6,1.2,17.4,0,0.2,0.2,0.031,-1.4,-2,-3.4,-0.1,0.2,1,1.1,4.6,2.5,0.327,1.3
150,Patrick Beverley,SG,25,HOU,0.659,56,55,31.3,1752.8,12.4,0.545,4.9,7.4,6.2,12.8,2.2,1,11.2,2.7,1.6,4.2,0.116,1.9,0.6,2.5,2,0.4,1.2,3.1,10.2,4.6,0.361,1.8
151,Omer Asik,C,27,HOU,0.659,48,19,20.2,969.6,14,0.57,12.3,30.1,21.7,3.8,0.7,2.8,19.4,1,1.5,2.4,0.121,-3.1,0.7,-2.4,-0.1,0.8,1.2,1.9,5.8,0,,2.6
152,David West,PF,33,IND,0.683,80,80,30.9,2472,17.5,0.533,5.7,18.3,12.3,16.1,1.3,2.3,11.2,3.1,5,8.1,0.157,-0.6,2.7,2,2.5,0.9,1.7,2.3,14,0.2,0.267,3.1
153,C.J. Watson,PG,29,IND,0.683,63,5,18.9,1190.7,13,0.555,1.9,7.4,4.8,14.4,2.6,0.5,13.9,1.1,2.1,3.2,0.13,-0.3,0.8,0.5,0.7,0.1,1,1,6.6,2.3,0.366,1.4
154,Lance Stephenson,SG,23,IND,0.683,78,78,35.3,2753.4,14.7,0.564,4.1,18.1,11.4,22.1,1,0.2,18,2.6,4.8,7.4,0.13,0.7,1.7,2.3,3,0.1,2.7,2.5,13.8,3.1,0.352,2.5
155,Donald Sloan,SG,26,IND,0.683,48,1,8.2,393.6,8.5,0.437,1.2,11,6.3,20.1,1.3,0.2,14.9,-0.3,0.6,0.3,0.039,-4.1,-0.7,-4.8,-0.3,0,0.5,0.4,2.3,0.9,0.238,0.4
156,Luis Scola,PF,33,IND,0.683,82,2,17.1,1402.2,13.4,0.505,7.2,23.4,15.7,10.4,1,0.9,14.8,-0.4,2.8,2.5,0.084,-4.3,0.5,-3.8,-0.6,0.2,1.3,2,7.6,0.1,0.143,1.7
157,Ian Mahinmi,C,27,IND,0.683,77,1,16.2,1247.4,10.2,0.538,10.1,12.9,11.6,2.9,1.7,4.4,18.7,0.7,2.7,3.3,0.129,-3.3,3.6,0.3,0.7,0.9,0.8,2.7,3.5,0,0,1.9
158,Solomon Hill,SF,22,IND,0.683,28,0,8.1,226.8,7.6,0.545,4.7,15.2,10.2,7.9,1.1,0.7,23.2,0,0.4,0.4,0.08,-3.3,1,-2.3,0,0.1,0.5,0.7,1.7,0.8,0.304,0.3
159,George Hill,PG,27,IND,0.683,76,76,32,2432,13.4,0.563,2.6,10.1,6.5,17.2,1.6,0.7,11.7,3.8,4,7.8,0.154,1,1.4,2.4,2.7,0.3,1.2,2.1,10.3,3.4,0.365,2.3
160,Roy Hibbert,C,27,IND,0.683,81,81,29.7,2405.7,13.5,0.499,9.9,15,12.5,6.2,0.6,5.7,14.5,0.5,5,5.4,0.108,-3.4,3.3,-0.2,1.1,2.2,1.8,3.3,10.8,0.1,0.4,3.3
161,Paul George,SF,23,IND,0.683,80,80,36.2,2896,20.1,0.555,2.6,17.7,10.5,17.9,2.7,0.6,12.5,4.4,6.4,10.8,0.178,2.9,1.8,4.7,4.9,0.3,2.8,2.5,21.7,6.3,0.364,5.8
162,Chris Copeland,SF,29,IND,0.683,41,0,6.5,266.5,17.6,0.621,3.1,10.1,6.8,12.6,0.6,2,10.2,0.6,0.4,1,0.186,3.5,-2.1,1.4,0.2,0.2,0.3,0.9,3.7,1.9,0.418,0.3
163,Rasual Butler,SG,34,IND,0.683,50,2,7.6,380,12.2,0.585,1.9,9.9,6.1,7.4,1,1.8,8.7,0.5,0.6,1.1,0.138,-0.6,-0.3,-0.9,0.1,0.2,0.2,0.6,2.7,1.2,0.419,0.3
164,Maalik Wayns,PG,22,LAC,0.695,2,0,4.5,9,19.3,0.5,0,23.9,12.3,31.7,11.1,0,0,0,0,0.1,0.313,2,9.2,11.2,0,0,0,2,1,0,,0
165,Sasha Vujacic,SG,29,LAC,0.695,2,0,5,10,1.5,0.5,0,32.2,16.7,0,5,0,37.5,-0.1,0,-0.1,-0.289,-16.7,-3.4,-20.1,0,0,1.5,0.5,2.5,1,0.5,0
166,Hedo Turkoglu,SF,34,LAC,0.695,38,0,10.3,391.4,11.3,0.492,3.2,21.4,12.6,11.9,2.4,2,12,0.1,0.7,0.8,0.095,-1.9,2.1,0.2,0.2,0.3,0.4,1.3,3,1.3,0.44,0.5
167,J.J. Redick,SG,29,LAC,0.695,35,34,28.2,987,16.6,0.598,1,7.1,4.2,12.6,1.4,0.2,8.6,2.3,0.7,3,0.147,2.9,-2.1,0.8,0.7,0.1,1.2,1.9,15.2,5.3,0.395,3
168,Chris Paul,PG,28,LAC,0.695,62,62,35,2170,25.9,0.58,2,11.4,6.9,48.9,3.5,0.1,12.4,9,3.2,12.2,0.27,6.8,0.6,7.4,5.2,0.1,2.3,2.5,19.1,3.4,0.368,5.6
169,DeAndre Jordan,C,25,LAC,0.695,82,82,35,2870,18.2,0.63,13.3,29.3,21.6,3.7,1.4,5.4,15.3,5.3,5.8,11.1,0.186,-0.1,4.2,4.1,4.4,2.5,1.5,3.2,10.4,0,,4.6
170,Antawn Jamison,PF,37,LAC,0.695,22,0,11.3,248.6,7.8,0.408,4.2,19.9,12.3,4.1,1.8,0.9,6.4,-0.3,0.4,0.1,0.019,-4.6,-1.4,-6,-0.2,0.1,0.3,1.3,3.8,1.9,0.195,1.1
171,Stephen Jackson,SF,35,LAC,0.695,9,0,11.9,107.1,0.1,0.27,2.2,8,5.2,6.2,2.8,0.7,17.8,-0.3,0.1,-0.2,-0.099,-6.8,0.9,-5.9,-0.1,0.1,0.7,1.2,1.7,1.6,0.071,0.4
172,Ryan Hollins,PF,29,LAC,0.695,61,0,7.9,481.9,11.9,0.73,7.4,13.1,10.4,2.4,0.9,4.9,23.1,0.7,0.6,1.3,0.126,-2,1.7,-0.3,0.2,0.5,0.5,1.4,2.3,0,,0.9
173,Blake Griffin,PF,24,LAC,0.695,80,80,35.8,2864,23.9,0.583,7.7,21.2,14.7,19.2,1.6,1.4,11.9,8.1,4.1,12.2,0.205,3,1.6,4.6,4.8,0.6,2.8,3.3,24.1,0.6,0.273,8.4
174,Willie Green,SG,32,LAC,0.695,55,9,15.8,869,7.1,0.477,1.6,8.2,5,8.3,1.3,1,10.6,-0.2,0.7,0.5,0.028,-2.6,-0.8,-3.4,-0.3,0.2,0.6,1.7,5,2.2,0.339,0.6
175,Jared Dudley,SF,28,LAC,0.695,74,43,23.4,1731.6,8.9,0.541,2.4,7.7,5.1,8.6,1.2,0.4,10.6,1.2,1.2,2.4,0.068,-0.3,-0.4,-0.8,0.5,0.1,0.8,2,6.9,3,0.36,0.8
176,Jamal Crawford,SG,33,LAC,0.695,69,24,30.3,2090.7,17.3,0.556,1.9,6.4,4.2,17.4,1.4,0.4,10.5,3.8,1.5,5.3,0.122,2.7,-2.6,0.2,1.2,0.2,2,1.7,18.6,6.5,0.361,4.7
177,Darren Collison,PG,26,LAC,0.695,80,35,25.9,2072,16.2,0.575,2.6,7.3,5,21.9,2.2,0.6,14.3,3.8,2,5.9,0.136,1.4,-0.4,1,1.6,0.2,1.7,1.9,11.4,2.4,0.376,2.8
178,Reggie Bullock,SF,22,LAC,0.695,43,0,9.2,395.6,6.7,0.46,3.2,11.7,7.6,4.3,1.1,0.2,9.4,-0.2,0.3,0.2,0.019,-2.9,-1.8,-4.7,-0.3,0,0.3,0.6,2.7,1.7,0.301,0.2
179,Matt Barnes,SF,33,LAC,0.695,63,40,27.5,1732.5,12,0.552,4,14.4,9.3,10.6,1.6,1.2,13,1.5,2,3.5,0.097,0.7,0.8,1.5,1.5,0.4,1.3,2.9,9.9,4.5,0.343,1.4
180,Nick Young,SG,28,LAL,0.329,64,9,28.3,1811.2,16,0.564,1.7,8.1,4.9,9,1.2,0.5,8.6,2.3,0.3,2.5,0.067,1.7,-3.6,-1.9,0,0.2,1.5,2.4,17.9,5.5,0.386,4.5
181,Shawne Williams,PF,27,LAL,0.329,36,13,20.9,752.4,9.5,0.503,3.6,20.2,11.9,5.7,1.2,2.9,9.5,0.1,0.6,0.7,0.045,-1.9,0.7,-1.2,0.2,0.8,0.6,2.6,5.6,3.6,0.326,0.6
182,Robert Sacre,C,24,LAL,0.329,65,13,16.8,1092,12.1,0.513,8,16.9,12.5,7,1.1,3.1,11.4,0.7,0.7,1.4,0.061,-3.1,0.7,-2.3,-0.1,0.7,0.7,2.1,5.4,0,,1.4
183,Steve Nash,PG,39,LAL,0.329,15,10,20.9,313.5,12.2,0.488,1.4,8.5,4.9,40.3,1.1,0.5,22.9,0.1,0,0.1,0.017,-2.5,-3.7,-6.2,-0.3,0.1,2.1,1.2,6.8,1.6,0.333,1.6
184,Jodie Meeks,SG,26,LAL,0.329,77,70,33.2,2556.4,14.7,0.601,1.3,6.9,4.1,8.5,2.1,0.1,9.9,3.8,0.7,4.5,0.084,2.2,-1.4,0.7,1.8,0.1,1.4,1.5,15.7,5.2,0.401,3.4
185,Kendall Marshall,PG,22,LAL,0.329,54,45,29,1566,12.6,0.494,1,9.6,5.3,44.3,1.5,0.2,25.6,0.6,0.3,0.9,0.029,-1.3,-3.2,-4.5,-1,0.1,2.8,1.4,8,3.3,0.399,0.7
186,Ryan Kelly,PF,22,LAL,0.329,59,25,22.2,1309.8,12.6,0.548,3.4,14.4,8.9,10.7,1.2,2.5,9.8,1.5,0.7,2.2,0.081,-0.5,0.3,-0.2,0.6,0.8,0.8,2.5,8,2.4,0.338,2.3
187,Chris Kaman,C,31,LAL,0.329,39,13,18.9,737.1,17,0.537,7.8,25.4,16.6,14.1,0.7,3.9,16.4,-0.2,0.7,0.5,0.036,-3.1,0.7,-2.4,-0.1,1,1.9,2.4,10.4,0.1,0,1.7
188,Wesley Johnson,SF,26,LAL,0.329,79,62,28.4,2243.6,11,0.522,3.3,13.3,8.3,8.2,1.9,2.5,11.6,0.4,1.5,1.9,0.041,-1.1,1.3,0.2,1.2,1,1.1,2.6,9.1,3.4,0.369,1
189,Jordan Hill,PF,26,LAL,0.329,72,32,20.8,1497.6,19.3,0.579,13.8,24.3,19,5.9,0.9,3.1,11.1,3.1,1.3,4.4,0.141,-0.5,-0.2,-0.7,0.5,0.9,1,2.4,9.7,0,0,2.5
190,Xavier Henry,SF,22,LAL,0.329,43,5,21.1,907.3,12.3,0.511,2.9,10.5,6.7,8.8,2.4,0.6,11.9,-0.1,0.5,0.3,0.017,-2.2,-1.4,-3.6,-0.4,0.2,1.3,1.8,10,1.9,0.346,4.1
191,Manny Harris,SG,24,LAL,0.329,9,0,20,180,10.9,0.485,4.1,16,10.1,9.5,1.1,0.4,10.7,-0.1,0.1,0,0.002,-2.9,-2,-4.9,-0.1,0.1,1,1.1,8.1,2.2,0.35,1.3
192,Elias Harris,SF,24,LAL,0.329,2,0,5.5,11,7.6,0,9.7,0,4.9,11.4,4.4,0,0,0,0,0,0.018,-3.7,2.7,-0.9,0,0,0,0,0,0,,0
193,Pau Gasol,C,33,LAL,0.329,60,60,31.4,1884,19.3,0.522,7,25.9,16.4,18.7,0.7,3.5,12.4,1.3,1.7,3,0.076,-1,1.6,0.6,1.3,1.5,2.4,2.1,17.4,0.2,0.286,4.2
194,Jordan Farmar,PG,27,LAL,0.329,41,5,22.2,910.2,15,0.533,2.3,9.8,6.1,34.6,2,0.6,19.6,0.4,0.4,0.7,0.039,0.9,-2,-1.1,0.2,0.2,2.3,1.6,10.1,3.9,0.438,1.4
195,Kobe Bryant,SG,35,LAL,0.329,6,6,29.5,177,10.7,0.505,1.2,14.5,7.8,34.6,1.9,0.4,29.2,-0.5,0.1,-0.4,-0.097,-4.7,-1.3,-5.9,-0.2,0.2,5.7,1.5,13.8,2.7,0.188,3.5
196,Zach Randolph,PF,32,MEM,0.61,79,79,34.2,2701.8,18.3,0.51,11.6,23.3,17.4,12.7,1.1,0.7,12,2.9,3.5,6.4,0.113,0.1,0.4,0.4,1.7,0.3,2.3,2.7,17.4,0.3,0.1,4.3
197,Tayshaun Prince,SF,33,MEM,0.61,76,76,25.6,1945.6,8.2,0.438,1.9,12.3,7.1,8.9,1.1,0.8,7.3,-0.2,1.8,1.5,0.038,-3.1,0.6,-2.6,-0.3,0.3,0.5,0.8,6,0.9,0.29,0.8
198,Quincy Pondexter,SG,25,MEM,0.61,15,2,18,270,10.3,0.52,4.4,7,5.7,11,1,0.3,14.2,0.2,0.2,0.4,0.063,-0.7,-1.9,-2.6,0,0.1,1,1.2,6.3,2.3,0.324,1.7
199,Mike Miller,SF,33,MEM,0.61,82,4,20.8,1705.6,12.5,0.619,2.1,12.3,7.2,11.5,0.8,0.2,14.1,2.6,1.4,3.9,0.111,1,-1,0.1,0.9,0.1,0.9,1.2,7.1,2.8,0.459,0.7
200,Jon Leuer,PF,24,MEM,0.61,49,0,13.1,641.9,17.6,0.566,6.8,22.4,14.6,5.2,1.5,1.7,9.2,1.1,0.9,2,0.149,-0.6,-0.9,-1.6,0.1,0.3,0.6,1.3,6.2,1,0.469,1
201,Kosta Koufos,C,24,MEM,0.61,80,22,16.9,1352,16.5,0.514,14,22.7,18.4,4.7,1.3,4.4,11.8,1.3,2.2,3.5,0.124,-2.1,1.2,-0.9,0.4,0.9,0.8,2.3,6.4,0,,1.2
202,James Johnson,SF,26,MEM,0.61,52,4,18.4,956.8,18.5,0.552,7.4,13.2,10.3,18.2,2.3,5,16,1.4,1.6,3,0.15,1.3,3.2,4.5,1.6,1.1,1.3,2,7.4,1.7,0.253,1.7
203,Marc Gasol,C,29,MEM,0.61,59,59,33.4,1970.6,18.2,0.526,5,20.5,12.7,17.7,1.6,3.2,12,2.6,3.1,5.6,0.137,0,2.9,2.9,2.4,1.3,1.9,2.5,14.6,0.2,0.182,4.1
204,Jamaal Franklin,SG,22,MEM,0.61,21,0,7.7,161.7,4.7,0.489,2.9,14,8.5,5.4,1.3,1,21.6,-0.2,0.2,0,-0.002,-5.1,-0.2,-5.4,-0.1,0.1,0.5,1.1,1.9,0.5,0.455,0.1
205,Ed Davis,PF,24,MEM,0.61,63,4,15.2,957.6,15.9,0.542,11.4,20.9,16.1,4.5,0.9,3.7,10.8,1.2,1.4,2.6,0.129,-1.9,0.5,-1.3,0.2,0.7,0.6,1.8,5.7,0,,1.4
206,Mike Conley,PG,26,MEM,0.61,73,73,33.5,2445.5,20,0.545,2,8.4,5.2,30.1,2.4,0.4,11.5,5.5,2.7,8.2,0.161,4.1,-0.7,3.4,3.3,0.2,2.1,1.9,17.2,4,0.361,3.8
207,Nick Calathes,SG,24,MEM,0.61,71,7,16.5,1171.5,12.3,0.506,2.3,11.5,6.9,26.5,3,0.6,22.8,-0.1,1.6,1.5,0.062,-1.9,0.8,-1.1,0.3,0.1,1.4,1.6,4.9,0.9,0.311,1
208,Tony Allen,SG,32,MEM,0.61,55,28,23.2,1276,15.6,0.531,7.3,12,9.6,11.7,3.8,1.2,16.2,0.5,2.1,2.7,0.1,-0.1,2.4,2.3,1.4,0.3,1.6,2.2,9,0.9,0.234,2.2
209,Dwyane Wade,SG,32,MIA,0.659,54,53,32.9,1776.6,22,0.588,4.4,12.3,8.5,25.5,2.3,1.4,15.5,3.5,2,5.5,0.149,1.9,0.3,2.3,1.9,0.5,3,2,19,0.6,0.281,4.8
210,Greg Oden,C,26,MIA,0.659,23,6,9.2,211.6,12.4,0.567,14.2,17.7,16,0.7,1.7,5.3,16.9,0.2,0.3,0.5,0.119,-3.3,-0.3,-3.6,-0.1,0.6,0.5,2.3,2.9,0,,1
211,Roger Mason,SG,33,MIA,0.659,25,2,10.4,260,8.2,0.528,0.5,9.8,5.3,10.5,1.2,0.3,11.4,0.1,0.2,0.3,0.055,-1,-2.4,-3.4,-0.1,0,0.4,1,3,1.9,0.354,0.3
212,DeAndre Liggins,SG,25,MIA,0.659,1,0,1,1,129.1,1,100,0,62.8,0,0,0,0,0,0,0,2.123,47.8,-23.1,24.8,0,0,0,0,2,0,,0
213,Rashard Lewis,SF,34,MIA,0.659,60,6,16.2,972,10.7,0.535,3.2,10.7,7.1,8.5,2.9,0.7,12.3,0.5,1.1,1.7,0.083,-0.2,0.2,0.1,0.5,0.1,0.6,1.5,4.5,2.2,0.343,0.6
214,James Jones,SF,33,MIA,0.659,20,6,11.8,236,15.4,0.666,1.1,10.8,6.1,5.8,0.7,1.5,5.2,0.6,0.1,0.7,0.147,2.9,-2.8,0,0.1,0.2,0.2,0.3,4.9,2.7,0.519,0.6
215,LeBron James,PF,29,MIA,0.659,77,77,37.7,2902.9,29.3,0.649,3.6,18.9,11.5,32,2.2,0.8,14.4,12.3,3.7,15.9,0.264,8,0.9,8.9,8,0.3,3.5,1.6,27.1,4,0.379,7.6
216,Udonis Haslem,PF,33,MIA,0.659,46,18,14.2,653.2,10.5,0.523,8.4,24.7,16.8,2.9,0.9,2,12.7,0.3,0.8,1.1,0.083,-4.1,-0.7,-4.9,-0.5,0.3,0.5,1.7,3.8,0,,1
217,Norris Cole,PG,25,MIA,0.659,82,6,24.6,2017.2,8.8,0.497,1.1,8.6,5,17.9,2,0.2,19.3,-0.5,1.7,1.2,0.029,-2.2,-0.8,-3,-0.5,0.1,1.5,1.9,6.4,2.1,0.345,0.8
218,Mario Chalmers,PG,27,MIA,0.659,73,73,29.8,2175.4,14,0.567,2.5,9.6,6.2,24.3,2.9,0.6,20.4,2.4,2.5,4.8,0.106,1,0.2,1.2,1.7,0.2,2.2,2.9,9.8,3.1,0.385,2.2
219,Chris Bosh,C,29,MIA,0.659,79,79,32,2528,19,0.597,5.1,20.3,13,5.8,1.7,2.7,10.4,4.6,3.4,8,0.152,0.5,0,0.5,1.6,1,1.6,2.4,16.2,2.8,0.339,3.4
220,Michael Beasley,SF,25,MIA,0.659,55,2,15.1,830.5,16.8,0.559,4.9,20.5,13,8.8,1.5,2.2,12.8,0.5,1.1,1.6,0.092,-2.2,-1.2,-3.5,-0.3,0.4,1,1.7,7.9,1,0.389,1.4
221,Shane Battier,SF,35,MIA,0.659,73,56,20.1,1467.3,8.7,0.523,3,8.6,5.9,6,1.8,2.3,6.9,1,1.4,2.4,0.078,0.1,0.7,0.8,1.1,0.5,0.3,1.7,4.1,2.9,0.348,0.3
222,Chris Andersen,C,35,MIA,0.659,72,0,19.4,1396.8,18.5,0.683,12.1,21.7,17.1,2.1,1.2,6.1,13.2,3.8,2.2,6,0.205,0.1,1.5,1.6,1.3,1.3,0.7,2.3,6.6,0.2,0.25,2.3
223,Ray Allen,SG,38,MIA,0.659,73,9,26.5,1934.5,12.8,0.59,1.6,11.4,6.7,11.1,1.5,0.4,12.4,2.5,1.5,4.1,0.101,1.3,-1.2,0.1,1,0.1,1.2,1.6,9.6,4.2,0.375,1.6
224,Chris Wright,SF,25,MIL,0.183,8,0,15.8,126.4,16.5,0.577,8.8,9.4,9.1,6.9,2.9,3.2,10.7,0.2,0.1,0.3,0.102,-0.4,0.2,-0.2,0.1,0.6,0.6,2.1,6,0.1,0,1.9
225,Nate Wolters,PG,22,MIL,0.183,58,31,22.6,1310.8,12.7,0.486,2.8,10.5,6.5,23.3,1.4,0.9,11.7,0.9,0.2,1.2,0.043,-1.4,-2.1,-3.4,-0.5,0.3,1,1.2,7.2,1.1,0.29,1.6
226,Ekpe Udoh,PF,26,MIL,0.183,42,14,19.1,802.2,7.6,0.44,8.4,12.8,10.5,5.7,1,4.4,18.8,-0.4,0.4,0,0,-4.7,1.2,-3.5,-0.3,1,0.9,2.3,3.4,0,,1.1
227,D.J. Stephens,SG,23,MIL,0.183,3,0,5,15,16.1,0.47,7.4,31.6,19.1,0,0,0,0,0,0,0,0.067,-7.6,-10.1,-17.7,-0.1,0,0,0,2.3,0,,0.3
228,Larry Sanders,C,25,MIL,0.183,23,20,25.4,584.2,14,0.478,11.4,21.3,16.2,5.3,1.6,5.6,12.3,0.1,0.6,0.7,0.057,-3.3,1.6,-1.8,0,1.7,1.1,3.2,7.7,0,0,2.4
229,Miroslav Raduljica,C,26,MIL,0.183,48,2,9.7,465.6,15.3,0.603,12.9,13.7,13.3,8.3,0.8,2.3,15.7,1,0.1,1.1,0.112,-0.6,-1.8,-2.3,0,0.3,0.6,1.8,3.8,0,,1.1
230,Zaza Pachulia,C,29,MIL,0.183,53,43,25,1325,14,0.502,11.8,17.1,14.4,16.3,1.8,0.9,18.5,1,0.7,1.7,0.06,-1,0.3,-0.7,0.4,0.3,1.7,2.3,7.7,0,0,2.5
231,Tony Mitchell,SF,24,MIL,0.183,3,0,3.3,9.9,30.9,0.6,11.1,0,5.7,22.6,5.2,0,0,0,0,0.1,0.242,8.6,-2.1,6.5,0,0,0,0,2,0.3,0,0
232,Khris Middleton,SF,22,MIL,0.183,82,64,30,2460,12.5,0.541,2.7,12,7.2,11.7,1.8,0.7,11.9,1.9,0.8,2.7,0.053,0.1,-1.6,-1.5,0.3,0.2,1.5,3,12.1,3.5,0.414,1.7
233,O.J. Mayo,SG,26,MIL,0.183,52,23,25.9,1346.8,11.2,0.516,2,8.8,5.3,14.6,1.1,0.8,13.9,0,0,0.1,0.002,-0.7,-3.5,-4.2,-0.7,0.3,1.8,2.1,11.7,4.4,0.37,1.7
234,Brandon Knight,PG,22,MIL,0.183,72,69,33.3,2397.6,16.5,0.523,2.1,10.3,6.1,26.6,1.5,0.6,13.2,2.4,0.4,2.8,0.055,2,-2.9,-0.9,0.7,0.2,2.6,2,17.9,4.7,0.325,4.5
235,Ersan Ilyasova,PF,26,MIL,0.183,55,47,26.9,1479.5,13.8,0.486,8,18.8,13.3,8.4,1.6,0.4,8.7,0.9,0.8,1.6,0.053,-1.1,-2.1,-3.2,-0.5,0.1,1.1,2.5,11.2,2.4,0.282,2.4
236,John Henson,PF,23,MIL,0.183,70,23,26.5,1855,17.9,0.543,10.2,20.8,15.3,10.9,1.2,5.1,13.7,1.7,1.5,3.3,0.084,-1,1.4,0.3,1.1,1.7,1.6,2.6,11.1,0,0,2.5
237,Giannis Antetokounmpo,SF,19,MIL,0.183,77,23,24.6,1894.2,10.8,0.518,4.6,16.3,10.2,12.1,1.7,2.6,19.4,0.1,1.1,1.2,0.031,-2.5,0.7,-1.8,0.1,0.8,1.6,2.2,6.8,1.5,0.347,2.6
238,Ronny Turiaf,C,31,MIN,0.488,31,10,19.5,604.5,13.9,0.578,9.6,22,15.6,5.7,0.7,6.3,15.7,0.6,0.9,1.5,0.122,-2.3,4,1.7,0.6,1.6,0.8,2.1,4.8,0,,1.6
239,Alexey Shved,SG,25,MIN,0.488,63,0,10.5,661.5,10.2,0.452,3.4,10.1,6.6,14.9,1.9,1.8,14.8,-0.4,0.7,0.2,0.017,-2.7,-0.4,-3.1,-0.2,0.3,0.8,0.6,4,1.6,0.294,1.4
240,Ricky Rubio,PG,23,MIN,0.488,82,82,32.2,2640.4,15.4,0.491,2.5,11.9,7.1,37.8,3.6,0.3,21.8,2.2,3.6,5.9,0.107,0,1.5,1.5,2.3,0.1,2.7,2.7,9.5,1.6,0.331,3.5
241,A.J. Price,SG,27,MIN,0.488,28,0,3.5,98,9.7,0.469,1.1,10.2,5.5,21.5,0.5,0,13,-0.1,0,0,-0.012,-2.1,-3.9,-6,-0.1,0,0.3,0.2,1.6,0.8,0.273,0.1
242,Nikola Pekovic,C,28,MIN,0.488,54,54,30.8,1663.2,20.7,0.582,13.1,17.6,15.3,5.2,0.9,1.1,9.4,4.3,1.5,5.9,0.169,1.4,-1.2,0.2,0.9,0.4,1.6,2.4,17.5,0,,4.6
243,Shabazz Muhammad,SG,21,MIN,0.488,37,0,7.8,288.6,13.1,0.505,8.8,11.2,10,3.4,1.4,0.3,10.2,0.1,0.2,0.3,0.053,-3.1,-3.1,-6.2,-0.3,0,0.4,0.6,3.9,0.3,0.273,1.1
244,Kevin Martin,SG,30,MIN,0.488,68,68,32,2176,16.3,0.553,1.7,8.7,5.1,9.2,1.5,0.2,8.3,3.8,1.5,5.3,0.117,1.4,-2,-0.6,0.8,0.1,1.6,1.8,19.1,4.4,0.387,5
245,Kevin Love,PF,25,MIN,0.488,77,77,36.3,2795.1,26.9,0.591,8.5,29.5,18.7,21.4,1,1,10.3,10.6,3.7,14.3,0.245,7.2,1.2,8.4,7.3,0.5,2.5,1.8,26.1,6.6,0.376,8.2
246,Robbie Hummel,SF,24,MIN,0.488,53,5,12.4,657.2,9.6,0.492,5.7,16.6,11,5,1.2,0.2,5.2,0.6,0.6,1.1,0.084,-1.4,-0.7,-2.1,0,0,0.2,1.1,3.4,1.7,0.36,0.3
247,Gorgui Dieng,C,24,MIN,0.488,60,15,13.6,816,16.5,0.534,13.4,26.9,20,7.2,1.8,4.6,16.8,0.7,1.5,2.2,0.129,-2.4,3.1,0.7,0.5,0.8,0.9,1.8,4.8,0,1,1.6
248,Dante Cunningham,PF,26,MIN,0.488,81,7,20.2,1636.2,12.6,0.474,7.3,14.9,11,7.7,1.9,2.7,7.2,0.9,2,2.9,0.085,-2.2,2.1,-0.1,0.8,0.7,0.5,1.8,6.3,0.1,0,0.8
249,Chase Budinger,SF,25,MIN,0.488,41,8,18.3,750.3,9.7,0.505,2.7,12.5,7.5,6.2,1.2,0.2,8.1,0.3,0.6,0.9,0.059,-1.3,-1.3,-2.6,-0.1,0,0.6,1.4,6.7,2.9,0.35,1
250,Corey Brewer,SF,27,MIN,0.488,81,81,32.2,2608.2,12.7,0.55,2.6,6.2,4.3,7.9,2.9,0.9,10.4,2.4,2.7,5.2,0.095,0.4,1.3,1.7,2.4,0.4,1.3,2.6,12.3,2.6,0.28,2.8
251,Jose Barea,PG,29,MIN,0.488,79,1,18.6,1469.4,11.6,0.471,1.2,10.5,5.7,32.7,0.9,0,15.2,-0.1,0.9,0.7,0.024,-0.9,-2.7,-3.6,-0.6,0,1.6,1.6,8.4,2.9,0.316,1.3
252,Jeff Withey,C,23,NOP,0.415,58,4,11.8,684.4,15.2,0.59,8.2,17.4,12.7,5.6,1.1,6.1,11,1.2,0.6,1.8,0.128,-1.4,1.7,0.3,0.4,0.9,0.3,1.3,3.3,0,0,1.3
253,Lance Thomas,SF,25,NOP,0.415,5,0,8.4,42,0.5,0.279,5.4,14,9.7,9.7,0,0,15.7,-0.1,0,-0.1,-0.117,-8,-2.7,-10.7,-0.1,0,0.4,0.8,1.2,0,,0.8
254,Greg Stiemsma,C,28,NOP,0.415,55,20,18.3,1006.5,9.7,0.584,8.2,18,13,5,1.8,4.7,24.4,0.5,1,1.5,0.072,-2.3,2.9,0.6,0.7,1,0.8,3.1,2.9,0,0,0.6
255,Jason Smith,PF,27,NOP,0.415,31,27,26.8,830.8,12.4,0.495,7,18.5,12.7,5.6,0.7,2.9,8.4,0.5,0.4,0.9,0.054,-2.6,-0.9,-3.5,-0.3,0.9,0.9,3.2,9.7,0,,1.6
256,Brian Roberts,PG,28,NOP,0.415,72,42,23.2,1670.4,13.4,0.529,1.2,8.4,4.7,22.1,1.3,0.4,12.9,2,0.2,2.2,0.063,0.3,-3.2,-2.9,-0.4,0.1,1.3,1.8,9.4,2.5,0.36,1.8
257,Austin Rivers,SG,21,NOP,0.415,69,4,19.4,1338.6,11.6,0.482,2.2,9.1,5.6,18.7,1.8,0.6,12.3,0.2,0.4,0.6,0.023,-1.5,-2.5,-3.9,-0.7,0.1,1.1,1.9,7.7,1.4,0.364,2.5
258,Anthony Morrow,SG,28,NOP,0.415,76,9,18.8,1428.8,13.9,0.57,2.3,9.2,5.7,6.7,1.4,0.7,8.4,2.1,0.3,2.4,0.081,0.8,-3.1,-2.4,-0.1,0.2,0.7,1.3,8.4,2.6,0.451,1.1
259,Darius Miller,SF,23,NOP,0.415,45,7,16.1,724.5,9,0.55,1.4,7,4.2,8.7,1.7,1,10.8,0.6,0.2,0.8,0.055,-0.7,-1.7,-2.3,-0.1,0.2,0.5,2,4.4,1.7,0.325,0.8
260,Jrue Holiday,PG,23,NOP,0.415,34,34,33.6,1142.4,17.1,0.505,2.8,11.8,7.2,38.9,2.6,0.9,17.9,0.8,0.7,1.5,0.064,1.5,-0.8,0.7,0.8,0.4,3.1,2.7,14.3,2.3,0.39,1.9
261,Eric Gordon,SG,25,NOP,0.415,64,64,32.1,2054.4,14.9,0.54,1.7,7.7,4.7,16.6,1.9,0.5,12.8,2,0.5,2.5,0.058,1.2,-2.5,-1.2,0.4,0.2,2.1,1.8,15.4,4,0.391,3.5
262,Tyreke Evans,SF,24,NOP,0.415,72,22,28.2,2030.4,18.4,0.504,4.3,15.4,9.8,30.4,2.2,0.9,14.5,1.8,1.3,3.1,0.073,1.2,-0.4,0.8,1.4,0.3,2.4,2.2,14.5,1.3,0.221,4.3
263,Melvin Ely,C,35,NOP,0.415,2,0,13.5,27,3.9,0.5,0,4.4,2.2,0,0,3.1,0,0,0,0,0.011,-4.9,-2.8,-7.6,0,0.5,0,2.5,3,0,,0
264,Anthony Davis,C,20,NOP,0.415,67,66,35.2,2358.4,26.5,0.582,10,23.3,16.6,8,2,6.7,8.3,7.2,3.2,10.4,0.212,2.3,2.2,4.5,3.9,2.8,1.6,3,20.8,0.1,0.222,6.6
265,Josh Childress,SF,30,NOP,0.415,4,0,6,24,3.9,,0,14.7,7.3,10.7,2.2,0,100,0,0,0,-0.003,-6.2,2,-4.3,0,0,0.3,0.3,0,0,,0
266,Luke Babbitt,PF,24,NOP,0.415,27,2,17.5,472.5,12.1,0.525,4.4,17.5,10.8,9.4,0.8,1.9,8.5,0.5,0.2,0.7,0.074,0.5,-1.9,-1.4,0.1,0.4,0.6,1.9,6.3,3.5,0.379,0.7
267,Ryan Anderson,PF,25,NOP,0.415,22,14,36.1,794.2,18.8,0.572,9.5,11.3,10.4,3.6,0.7,0.7,5,2.2,0.1,2.3,0.138,4.3,-4.5,-0.1,0.4,0.3,0.9,2.1,19.8,7.5,0.409,2.8
268,Al-Farouq Aminu,SF,23,NOP,0.415,80,65,25.6,2048,13.2,0.516,7.2,21.2,14.1,8.4,2.1,1.6,13.7,1.3,1.8,3.1,0.072,-1.4,1,-0.3,0.9,0.5,1.1,1.8,7.2,0.6,0.271,1.7
269,Alexis Ajinca,C,25,NOP,0.415,56,30,17,952,14.6,0.589,11.3,22.7,16.9,6.6,1.3,4.1,18.4,1.2,0.9,2.1,0.104,-1.5,0.8,-0.7,0.3,0.8,1.1,3.3,5.9,0,0,1.2
270,Metta World Peace,SF,34,NYK,0.451,29,1,13.4,388.6,11.7,0.469,5.3,12.8,8.9,7.1,3.3,1.8,11.4,-0.2,0.4,0.3,0.032,-1.9,-0.1,-2.1,0,0.3,0.7,1.5,4.8,1.9,0.315,0.6
271,Jeremy Tyler,C,22,NYK,0.451,41,0,9.7,397.7,13,0.532,10.9,21.6,16.1,3.3,0.8,4.5,15.9,0.1,0.4,0.5,0.064,-4.3,-0.8,-5.1,-0.3,0.5,0.6,1.7,3.6,0,,1.2
272,Amar'e Stoudemire,C,31,NYK,0.451,65,21,22.6,1469,18.8,0.596,8.7,17.2,12.8,4.2,0.8,2.2,12.3,2.9,0.9,3.8,0.124,-0.8,-2.3,-3.1,-0.4,0.6,1.4,2.4,11.9,0,,3.1
273,J.R. Smith,SF,28,NYK,0.451,74,37,32.7,2419.8,14,0.527,1.7,13.1,7.2,15.1,1.4,0.7,9.6,2.5,1.2,3.7,0.073,1.8,-1.6,0.1,1.3,0.3,1.5,2.6,14.5,6.5,0.394,1.9
274,Chris Smith,PG,26,NYK,0.451,2,0,1,2,0,,0,0,0,0,0,0,,0,0,0,-0.02,-5.8,-0.5,-6.2,0,0,0,0,0,0,,0
275,Iman Shumpert,SG,23,NYK,0.451,74,58,26.5,1961,9.6,0.48,4.7,14,9.2,9.8,2.5,0.6,13.3,0.4,1.6,2,0.048,-0.8,0.7,-0.1,0.9,0.2,1.1,2.8,6.7,3.1,0.333,1
276,Pablo Prigioni,PG,36,NYK,0.451,66,27,19.4,1280.4,13,0.642,3.2,8.8,5.9,25.6,2.8,0.1,23.4,2.5,0.9,3.4,0.127,1.5,-0.9,0.6,0.8,0,0.9,2,3.8,2.1,0.464,0.2
277,Toure' Murry,PG,24,NYK,0.451,51,0,7.3,372.3,11.1,0.479,4,10.1,6.9,21.5,2.7,0.2,18.9,-0.3,0.3,0,0.002,-3.4,-1.6,-4.9,-0.3,0,0.7,0.9,2.7,0.2,0.417,0.8
278,Kenyon Martin,PF,36,NYK,0.451,32,15,19.8,633.6,12.2,0.521,6.5,18.7,12.5,11.9,2.1,3.8,16.5,0.5,0.7,1.2,0.09,-2,3.1,1.1,0.5,0.8,0.8,2.7,4.3,0,0,0.6
279,Tim Hardaway,SG,21,NYK,0.451,81,1,23.1,1871.1,12.7,0.554,1.2,6.6,3.8,5.8,1.2,0.3,5.9,2.7,0.4,3.1,0.08,1.3,-3.5,-2.3,-0.1,0.1,0.6,1.8,10.2,4.4,0.363,1.6
280,Raymond Felton,PG,29,NYK,0.451,65,65,31,2015,12.9,0.476,3.1,8.6,5.7,28.1,2.1,1.2,16.3,1.1,1.1,2.2,0.053,-0.1,-0.8,-0.9,0.5,0.4,2,2.4,9.7,3,0.318,1.9
281,Tyson Chandler,C,31,NYK,0.451,55,55,30.2,1661,16.4,0.615,10.9,27,18.7,5.5,1.2,3.4,15.4,3.1,1.9,4.9,0.143,-0.6,1.8,1.3,1.4,1.1,1.3,2.6,8.7,0,0,2.8
282,Andrea Bargnani,C,28,NYK,0.451,42,39,29.9,1255.8,14.5,0.51,6.3,14.7,10.4,6.1,0.6,3.7,9.6,0.8,0.7,1.5,0.058,-1.4,-1,-2.4,-0.1,1.2,1.4,2.4,13.3,2.6,0.278,2.4
283,Carmelo Anthony,PF,29,NYK,0.451,77,77,38.7,2979.9,24.4,0.561,5.6,19.4,12.3,15.8,1.7,1.5,9.5,8.1,2.5,10.7,0.172,4.6,-1,3.6,4.2,0.7,2.6,2.9,27.4,5.4,0.402,7
284,Cole Aldrich,C,25,NYK,0.451,46,2,7.2,331.2,19.1,0.62,12.8,33.8,23,6.4,1.3,8.1,19.5,0.6,0.6,1.2,0.178,-2.6,3.8,1.2,0.3,0.7,0.4,0.9,2,0,,0.7
285,Reggie Williams,SF,27,OKC,0.72,3,0,5.7,17.1,16.4,0.611,0,0,0,11.5,3,0,18.2,0,0,0,0.034,-2,-6.2,-8.2,0,0,0.7,0.3,3.7,1,0.333,0
286,Russell Westbrook,PG,25,OKC,0.72,46,46,30.7,1412.2,24.7,0.545,4.6,15.9,10.5,40.2,3.1,0.4,16.1,3,2.3,5.2,0.178,5.2,1.2,6.4,3,0.2,3.8,2.3,21.8,4.7,0.318,6.4
287,Hasheem Thabeet,C,26,OKC,0.72,23,0,8.3,190.9,2.6,0.536,5.6,17.4,11.7,0.7,1,3.8,35.7,-0.2,0.3,0,0.012,-6.8,1,-5.8,-0.2,0.4,0.6,2,1.2,0,,0.2
288,Mustafa Shakur,PG,29,OKC,0.72,3,0,3.7,11.1,-8.8,0.129,0,0,0,45.1,0,0,34,-0.1,0,-0.1,-0.347,-17.4,-12.5,-29.9,-0.1,0,0.7,0.7,0.3,0.3,0,0.7
289,Thabo Sefolosha,SG,29,OKC,0.72,61,61,26,1586,10.4,0.517,3.7,11.5,7.8,8.3,2.5,0.9,12.9,0.9,2.1,3,0.092,-0.7,1.5,0.8,1.1,0.3,0.9,1.5,6.3,2.5,0.316,1.1
290,Andre Roberson,PF,22,OKC,0.72,40,16,10,400,9,0.518,10.7,15.6,13.3,5.2,2.4,2,20.8,0.2,0.6,0.8,0.099,-2.2,1.9,-0.3,0.2,0.3,0.5,1.9,1.9,0.3,0.154,0.3
291,Kendrick Perkins,C,29,OKC,0.72,62,62,19.5,1209,6.3,0.474,8,19.9,14.2,7.6,1.1,2.2,28.8,-0.9,1.7,0.8,0.031,-4.7,2.1,-2.7,-0.2,0.5,1.5,2.9,3.4,0,0,1.1
292,Jeremy Lamb,SG,21,OKC,0.72,78,0,19.7,1536.6,13.4,0.522,2.1,11.3,6.9,11.8,1.8,1.4,8.7,1.4,1.8,3.3,0.102,-0.3,-0.9,-1.2,0.3,0.3,0.8,1.8,8.5,3.2,0.356,0.8
293,Perry Jones,PF,22,OKC,0.72,62,7,12.3,762.6,10.1,0.541,4.3,12.1,8.4,4.9,0.9,2,9.5,0.7,0.8,1.5,0.094,-2,-0.5,-2.5,-0.1,0.3,0.3,1,3.5,1,0.361,0.7
294,Reggie Jackson,PG,23,OKC,0.72,80,36,28.5,2280,15.4,0.527,2.2,12.8,7.8,23.1,1.9,0.3,14.5,2.3,2.6,4.9,0.104,0.1,-0.5,-0.4,0.9,0.1,2.1,1.8,13.1,3.1,0.339,2.2
295,Royal Ivey,SG,32,OKC,0.72,2,0,2.5,5,-16.5,0,0,21.5,11.3,0,0,0,0,0,0,0,-0.362,-18.1,-6.6,-24.7,0,0,0,0.5,0,0.5,0,0
296,Serge Ibaka,PF,24,OKC,0.72,81,81,32.9,2664.9,19.6,0.576,10,19.6,15,5.2,0.7,6.7,10.3,5.2,4.4,9.6,0.173,-0.4,2.3,1.9,2.6,2.7,1.5,2.9,15.1,0.7,0.383,2.5
297,Ryan Gomes,SF,31,OKC,0.72,5,0,6.8,34,0.2,0.375,0,12.7,6.6,4.1,0,0,11.1,-0.1,0,0,-0.039,-7.2,-2.4,-9.6,-0.1,0,0.2,1,1.2,0.4,0,0
298,Derek Fisher,SG,39,OKC,0.72,81,0,17.6,1425.6,10.1,0.542,1,8.3,4.8,11.6,2.5,0.2,11.1,1.4,1.7,3.1,0.103,0,-0.5,-0.5,0.5,0,0.6,1.9,5.2,2.8,0.384,0.9
299,Kevin Durant,SF,25,OKC,0.72,81,81,38.5,3118.5,29.8,0.635,2.2,18.6,10.8,26.7,1.7,1.5,12.2,14.8,4.4,19.2,0.295,8.4,0.4,8.8,8.5,0.7,3.5,2.1,32,6.1,0.391,9.9
300,Nick Collison,PF,33,OKC,0.72,81,0,16.7,1352.7,11.8,0.599,10.2,14.1,12.2,10.9,1.1,1.7,20.1,2,1.6,3.6,0.128,-0.5,1.1,0.6,0.9,0.3,0.9,2.3,4.2,0.2,0.235,1.1
301,Steven Adams,C,20,OKC,0.72,81,20,14.8,1198.8,11.2,0.541,14.1,17.1,15.6,4.9,1.7,3.9,22.5,0.9,1.9,2.9,0.114,-2.1,2.4,0.3,0.7,0.7,0.9,2.5,3.3,0,,1.7
302,Nikola Vucevic,C,23,ORL,0.28,57,57,31.8,1812.6,18.8,0.536,11.5,27.6,19.5,10.2,1.7,2,12.9,1.8,2.6,4.4,0.116,-1,1.5,0.5,1.2,0.8,2,3,14.2,0,,2.4
303,Ronnie Price,SG,30,ORL,0.28,31,2,12.2,378.2,7.6,0.379,2.4,10.5,6.5,25.6,3.4,0.4,21,-0.5,0.4,-0.1,-0.007,-4,0.3,-3.8,-0.2,0.1,0.8,1.6,2.4,1.4,0.209,0.4
304,Victor Oladipo,PG,21,ORL,0.28,80,44,31.1,2488,13.6,0.514,1.9,13.1,7.5,21.9,2.7,1.2,19.2,-1.4,2.8,1.3,0.026,-1.6,0.8,-0.8,0.8,0.5,3.2,2.6,13.8,2.8,0.327,4
305,Kyle O'Quinn,C,23,ORL,0.28,69,19,17.2,1186.8,16.5,0.526,9.5,25.2,17.3,10.9,1.7,5.8,16.1,0.5,2,2.5,0.101,-3.1,3.6,0.5,0.8,1.3,1.1,2.4,6.2,0,0,1.2
306,Andrew Nicholson,PF,24,ORL,0.28,76,5,15.4,1170.4,9.9,0.489,5.1,19.5,12.3,3.5,0.8,1.5,10.3,-0.4,1,0.6,0.025,-4.7,-2,-6.7,-1.4,0.3,0.7,2,5.7,1.2,0.315,0.8
307,Jameer Nelson,PG,31,ORL,0.28,68,68,32,2176,13.9,0.515,1.5,10.5,6,35.1,1.2,0.2,17.3,1.6,1.2,2.8,0.062,1.1,-2.2,-1.1,0.5,0.1,2.4,2.1,12.1,5.8,0.348,1.6
308,E'Twaun Moore,SG,24,ORL,0.28,79,3,19.1,1508.9,11.1,0.513,2.2,8.1,5.1,11.8,2,0.7,10.2,0.6,1.1,1.7,0.055,-1.4,-0.8,-2.3,-0.1,0.2,0.7,1.3,6.3,2,0.354,0.9
309,Jason Maxiell,PF,30,ORL,0.28,34,13,14.4,489.6,8.1,0.459,6.5,13.5,10,2.8,0.8,3.2,10.6,-0.1,0.4,0.3,0.029,-5.3,0.3,-5,-0.4,0.6,0.4,1.4,3.2,0,,0.9
310,Doron Lamb,SG,22,ORL,0.28,53,0,13.1,694.3,7.5,0.543,1.3,6.7,4,9.3,0.8,0.1,13.3,0.3,0.2,0.5,0.036,-2.2,-2.4,-4.6,-0.4,0,0.5,1,3.6,1.7,0.4,0.7
311,Solomon Jones,PF,29,ORL,0.28,11,0,7.7,84.7,5.8,0.373,10.6,10.7,10.7,3.4,1.2,1.8,9.6,0,0.1,0,0.013,-5.3,-0.2,-5.5,-0.1,0.2,0.2,1.1,1.3,0,,0.4
312,Tobias Harris,PF,21,ORL,0.28,61,36,30.3,1848.3,16.5,0.542,5.4,20.6,13,7.7,1.1,1,8.7,2.4,1.7,4.1,0.107,-0.7,-1,-1.7,0.1,0.4,1.3,2.3,14.6,2.1,0.254,4
313,Maurice Harkless,SF,20,ORL,0.28,80,41,24.4,1952,11.8,0.542,4,11.4,7.7,6.4,2.5,2,13.6,0.6,2.1,2.8,0.068,-1.6,1.4,-0.1,0.9,0.6,1.1,1.8,7.4,1.9,0.383,1.8
314,Arron Afflalo,SG,28,ORL,0.28,73,73,35,2555,16,0.574,1.4,10.2,5.8,16.9,0.7,0.1,11.2,4.3,1,5.3,0.099,1.7,-2.3,-0.6,0.9,0,2,1.9,18.2,4.1,0.427,4.6
315,Thaddeus Young,PF,25,PHI,0.232,79,78,34.4,2717.6,16.6,0.512,6.3,12.8,9.5,11.8,3,1.1,10.7,1.2,2.3,3.5,0.062,0.2,-0.4,-0.2,1.2,0.5,2.1,2.7,17.9,3.7,0.308,2.9
316,Tony Wroten,SG,20,PHI,0.232,72,16,24.5,1764,12.9,0.493,4.1,10.1,7,20.9,2.1,0.7,17.7,-1.8,0.9,-0.9,-0.025,-2.3,-2.3,-4.6,-1.2,0.2,2.8,2.1,13,2.6,0.213,4.5
317,Elliot Williams,SG,24,PHI,0.232,67,2,17.3,1159.1,8.7,0.519,2.7,9.7,6.1,9.4,1.5,0.2,14.9,0,0.3,0.3,0.014,-3.2,-2.6,-5.7,-1.1,0,1,1.9,6,1.9,0.296,1.8
318,Casper Ware,PG,24,PHI,0.232,9,0,12.9,116.1,13,0.538,0,8.7,4.2,13.7,3.3,0,10.1,0.1,0.1,0.2,0.071,-1.1,-2.5,-3.6,0,0,0.6,1.2,5.3,2.3,0.333,0.7
319,Hollis Thompson,SF,22,PHI,0.232,77,41,22.6,1740.2,9.5,0.57,4.4,11.2,7.7,6.1,1.5,0.5,12.9,1.4,0.6,2,0.055,-1.8,-1.2,-3,-0.4,0.2,0.8,1.9,6,2.2,0.401,0.9
320,Daniel Orton,C,23,PHI,0.232,22,4,11.4,250.8,10.5,0.54,6.6,20.2,13.1,8.5,1.2,5.1,23,0,0.2,0.3,0.049,-5.7,1.6,-4.1,-0.1,0.7,0.8,1.7,3,0,,1.4
321,Arnett Moultrie,PF,23,PHI,0.232,12,2,15.6,187.2,6.7,0.448,6.1,14.4,10.1,1.5,2.1,1.7,14.8,-0.1,0.1,0,0.007,-6.4,-0.5,-7,-0.2,0.3,0.6,1.8,3,0,,0.4
322,Darius Johnson-Odom,SG,24,PHI,0.232,3,0,5,15,-23,0,0,15,7.2,8.5,3.2,0,20.2,-0.2,0,-0.2,-0.661,-22.4,-3,-25.5,-0.1,0,0.7,1,0,1,0,0.7
323,Brandon Davies,PF,22,PHI,0.232,51,0,11.3,576.3,7.5,0.476,6.9,13.9,10.2,7.1,2,1.1,18.8,-0.3,0.4,0.1,0.008,-5.3,-0.6,-5.9,-0.6,0.2,0.7,1.8,2.8,0.2,0.2,1
324,Michael Carter-Williams,PG,22,PHI,0.232,70,70,34.5,2415,15.5,0.48,4.3,15.6,9.8,30.2,2.6,1.4,16.9,-0.8,2.1,1.3,0.026,-0.6,0.4,-0.2,1.1,0.6,3.5,3,16.7,3,0.264,5.2
325,Lorenzo Brown,PG,23,PHI,0.232,26,0,8.6,223.6,8.2,0.349,3.7,10,6.8,27.5,2.8,1.1,14.9,-0.5,0.2,-0.3,-0.068,-5,-1.8,-6.8,-0.3,0.1,0.6,0.7,2.5,1.2,0.1,0.5
326,James Anderson,SG,24,PHI,0.232,80,62,28.9,2312,10.9,0.53,2.7,11.7,7,9.9,1.6,1,12.2,0.9,0.9,1.9,0.039,-1.2,-1.3,-2.5,-0.3,0.4,1.3,1.9,10.1,4.4,0.328,1.3
327,P.J. Tucker,SF,28,PHO,0.585,81,81,30.7,2486.7,13.3,0.54,7.3,16.6,11.9,8.1,2.2,0.7,12.7,3.3,2.8,6.1,0.117,0.7,1.6,2.3,2.7,0.3,1.3,2.5,9.4,2.4,0.387,2.5
328,Ish Smith,PG,25,PHO,0.585,70,1,14.4,1008,11.7,0.438,3.5,10.9,7.2,26,2.4,1,17.9,0,1,1,0.048,-2.7,0.5,-2.3,-0.1,0.2,0.9,0.9,3.7,0.3,0.043,0.6
329,Shavlik Randolph,PF,30,PHO,0.585,14,0,6.8,95.2,7.7,0.531,8.3,21.2,14.8,1.4,1.6,0.8,21,0,0.1,0.1,0.06,-4.7,-0.6,-5.3,-0.1,0.1,0.4,1.1,1.4,0,,0.8
330,Miles Plumlee,C,25,PHO,0.585,80,79,24.6,1968,14.6,0.529,11.3,24.4,17.9,3.3,1.3,3.5,15.4,1.2,2.8,4,0.098,-2.8,1.3,-1.5,0.2,1.1,1.4,2.3,8.1,0,,1.7
331,Markieff Morris,PF,24,PHO,0.585,81,0,26.6,2154.6,18.4,0.564,7.3,18,12.6,10.9,1.6,1.8,12.9,4,2.4,6.4,0.143,0.5,0.4,1,1.6,0.6,1.8,2.9,13.8,1.3,0.315,4
332,Marcus Morris,SF,24,PHO,0.585,82,1,22,1804,14.8,0.552,5.2,14.6,9.9,7.6,2,0.8,11.6,2.3,1.8,4.2,0.111,0.6,-0.5,0.2,1,0.2,1.2,1.9,9.7,3.2,0.381,1.9
333,Alex Len,C,20,PHO,0.585,42,3,8.6,361.2,7.3,0.469,12.1,18.6,15.3,1.6,0.6,3.8,22.1,-0.2,0.4,0.2,0.024,-5.7,-0.2,-5.9,-0.4,0.4,0.6,1.6,2,0,,0.7
334,Viacheslav Kravtsov,C,26,PHO,0.585,20,0,3,60,10.5,0.54,17.2,15.2,16.2,2.5,0,1.3,24.5,0,0,0,0.027,-4.1,-3.1,-7.2,-0.1,0.1,0.3,0.4,1,0,,0.4
335,Gerald Green,SG,28,PHO,0.585,82,48,28.4,2328.8,16.5,0.585,2.3,10.9,6.6,8.6,1.5,1.4,11.6,4.2,1.9,6.1,0.126,2.4,-1.4,1,1.8,0.5,1.8,2.7,15.8,6.2,0.4,2.8
336,Archie Goodwin,SG,19,PHO,0.585,52,0,10.3,535.6,10.3,0.507,5.3,13,9.2,5.7,1.9,1.6,18.7,-0.3,0.5,0.2,0.018,-3.9,-0.4,-4.3,-0.3,0.2,0.8,0.9,3.7,0.7,0.139,1.1
337,Channing Frye,PF,30,PHO,0.585,82,82,28.2,2312.4,13.2,0.555,3.6,16.6,10.1,6.4,1.3,2.1,9.8,2.9,2.4,5.3,0.109,0.9,0.2,1.1,1.8,0.8,1.1,3,11.1,5.3,0.37,1.2
338,Goran Dragic,SG,27,PHO,0.585,76,75,35.1,2667.6,21.4,0.604,2.9,7.4,5.2,28.1,2,0.6,14.3,8.4,2,10.3,0.186,4.9,-1.1,3.9,4,0.3,2.8,2.7,20.3,3.9,0.408,5.5
339,Dionte Christmas,SF,27,PHO,0.585,31,0,6.4,198.4,11.1,0.489,7.4,14.1,10.8,5.8,0.5,1.1,7.6,0.2,0.1,0.3,0.083,-1.1,-2.5,-3.6,-0.1,0.1,0.2,0.6,2.3,1,0.29,0.8
340,Eric Bledsoe,PG,24,PHO,0.585,43,40,32.9,1414.7,19.6,0.578,2.1,13.8,8,27,2.4,0.8,17.8,2.6,1.6,4.1,0.14,2.3,0.6,2.9,1.8,0.3,3.3,2.3,17.7,3.3,0.357,5.5
341,Leandro Barbosa,PG,31,PHO,0.585,20,0,18.4,368,11.5,0.506,1.5,9.7,5.6,13.4,1,0.8,11.4,0.2,0.2,0.4,0.058,-2.2,-1.8,-3.9,-0.2,0.2,1,1.5,7.5,1.3,0.28,2
342,Dorell Wright,SF,28,POR,0.659,68,13,14.5,986,11.9,0.524,3.2,17.5,10.5,9.4,1.2,1.1,10.6,0.9,1,1.9,0.091,-0.1,-0.3,-0.4,0.4,0.2,0.6,0.9,5,3,0.342,1
343,Mo Williams,PG,31,POR,0.659,74,0,24.8,1835.2,11.8,0.507,2.5,6.4,4.5,26.7,1.5,0.4,17.3,1,1.2,2.2,0.056,-0.2,-1.7,-2,0,0.1,2,2.7,9.7,3,0.369,1.2
344,Earl Watson,PG,34,POR,0.659,24,0,6.7,160.8,2.1,0.47,3.4,6.6,5,22,1.6,0.4,57.1,-0.2,0.1,-0.1,-0.018,-5.1,-0.5,-5.6,-0.1,0,0.7,1.4,0.5,0.3,0.286,0.2
345,Thomas Robinson,PF,22,POR,0.659,70,0,12.5,875,14.1,0.502,13.1,24.6,18.9,6,1.3,1.6,14.5,0.4,1.2,1.6,0.09,-3.1,-0.1,-3.2,-0.3,0.3,0.8,1.9,4.8,0,0,1.4
346,C.J. McCollum,SG,22,POR,0.659,38,0,12.5,475,9,0.521,1.6,9.2,5.4,8.7,1.5,0.3,15.4,-0.2,0.3,0.2,0.019,-2.1,-2,-4.1,-0.3,0.1,0.9,1.4,5.3,2.1,0.375,0.9
347,Wesley Matthews,SG,27,POR,0.659,82,82,33.9,2779.8,15.7,0.588,2,9.1,5.6,10.9,1.4,0.4,8.8,6.3,1.9,8.2,0.142,3.4,-0.9,2.4,3.1,0.2,1.3,2.1,16.4,6.2,0.393,3.7
348,Robin Lopez,C,25,POR,0.659,82,82,31.7,2599.4,17.7,0.605,13.6,15.3,14.5,4.2,0.5,3.7,10.1,7,2.6,9.5,0.176,1.4,1.6,3,3.3,1.7,1,2.4,11.1,0,0,3
349,Damian Lillard,PG,23,POR,0.659,82,82,35.8,2935.6,18.6,0.568,1.3,9.2,5.3,25.1,1.1,0.5,11.5,7.8,1.8,9.6,0.157,4.4,-1.7,2.7,3.5,0.3,2.4,2.4,20.7,6.8,0.394,5.2
350,Meyers Leonard,C,21,POR,0.659,40,0,8.9,356,9.4,0.489,8,25.5,16.8,7.3,1,1,13,0.2,0.5,0.6,0.086,-3.6,0.4,-3.3,-0.1,0.1,0.4,1.9,2.5,0.2,0,0.5
351,Joel Freeland,C,26,POR,0.659,52,0,14,728,11.3,0.498,13.2,17.6,15.4,7.1,0.7,2.1,15.5,0.7,0.7,1.4,0.093,-1.8,1.1,-0.7,0.2,0.4,0.6,1.8,3.3,0,0,0.6
352,Allen Crabbe,SG,21,POR,0.659,15,0,6.7,100.5,7.7,0.475,1.1,8.5,4.8,8.7,1,0.7,7.9,0,0.1,0.1,0.037,-2.7,-2.1,-4.7,-0.1,0.1,0.2,0.7,2.2,0.9,0.429,0.3
353,Victor Claver,SF,25,POR,0.659,21,0,8.8,184.8,8.8,0.502,5.3,17.4,11.4,9.1,0.8,1.1,19,0,0.2,0.2,0.047,-3,0,-3,0,0.1,0.5,0.8,2.2,0.9,0.167,0.5
354,Nicolas Batum,SF,25,POR,0.659,82,82,36,2952,15.8,0.589,4.3,17.8,11.1,20.9,1.3,1.3,18.6,4.8,3.1,7.9,0.128,2.4,1.8,4.2,4.6,0.7,2.5,1.9,13,4.9,0.361,2.5
355,Will Barton,SG,23,POR,0.659,41,0,9.4,385.4,13.5,0.488,4.5,16,10.3,13.3,1.2,1.3,9.6,0.3,0.4,0.6,0.078,-1.9,-0.7,-2.7,-0.1,0.2,0.4,0.8,4,0.8,0.303,0.8
356,LaMarcus Aldridge,PF,28,POR,0.659,69,69,36.2,2497.8,21.8,0.507,7.2,25.5,16.5,13,1.3,1.9,7.2,4,3.5,7.5,0.144,-0.4,0.7,0.3,1.5,1,1.8,2.1,23.2,0.2,0.2,5.2
357,Royce White,PF,22,SAC,0.341,3,0,3,9,-8.3,0,0,0,0,0,0,0,0,0,0,0,-0.121,-9.1,-1.3,-10.4,0,0,0,0.7,0,0,,0
358,Jason Thompson,PF,27,SAC,0.341,82,61,24.5,2009,11.1,0.523,8.5,21.3,14.8,4.1,0.8,2.3,14.5,0.9,1.7,2.7,0.064,-3,0.5,-2.5,-0.3,0.7,1.2,3.1,7.1,0,,1.8
359,Isaiah Thomas,PG,24,SAC,0.341,72,54,34.7,2498.4,20.5,0.574,2.1,7.5,4.7,32.2,1.9,0.3,14.3,6.4,1.3,7.7,0.149,5,-2.1,2.9,3.1,0.1,3,2.6,20.3,5.1,0.349,5.7
360,Travis Outlaw,SF,29,SAC,0.341,63,4,16.9,1064.7,10.4,0.492,3.8,14.2,8.9,7,1,1.4,6.9,0.8,0.6,1.4,0.062,-1.6,-0.9,-2.5,-0.1,0.3,0.4,1.5,5.4,1.9,0.35,0.8
361,Hamady N'Diaye,C,27,SAC,0.341,14,0,5.3,74.2,2.9,0.318,7.5,20.1,13.7,5.6,0,4.4,24.1,-0.1,0.1,0,-0.008,-6.7,2.1,-4.6,0,0.3,0.2,1.1,0.4,0,,0.1
362,Ben McLemore,SG,20,SAC,0.341,82,55,26.7,2189.4,7.7,0.485,2.7,9.5,6.1,5.8,1,0.7,11.5,-0.1,0.9,0.8,0.016,-1.8,-1.3,-3.2,-0.6,0.2,1.2,2.5,8.8,3.6,0.32,1.7
363,Ray McCallum,PG,22,SAC,0.341,45,10,19.9,895.5,9.7,0.439,2.2,7.8,5,21,1.2,0.8,10.9,0,0.4,0.4,0.02,-2.3,-1.7,-4.1,-0.5,0.2,0.9,1.5,6.2,1.3,0.373,1
364,Carl Landry,PF,30,SAC,0.341,18,1,12.9,232.2,11.2,0.563,7.2,20.6,13.8,3.4,0.7,0.3,11.8,0.3,0.1,0.4,0.088,-3,-1.9,-4.9,-0.2,0.1,0.5,1.9,4.2,0,,0.9
365,DeMarcus Cousins,C,23,SAC,0.341,71,71,32.4,2300.4,26.1,0.555,10.6,30.5,20.4,17.8,2.4,3.2,14.7,4.1,3.8,7.9,0.166,1.9,2.9,4.7,3.9,1.3,3.5,3.8,22.7,0.1,0,8.4
366,Tiago Splitter,C,29,SAS,0.756,59,50,21.5,1268.5,16.5,0.572,11.4,20.5,16.1,10.1,1.2,1.8,15.1,2.3,2.1,4.3,0.163,-0.1,2.1,1.9,1.3,0.5,1.3,2,8.2,0.1,0,2.9
367,Tony Parker,PG,31,SAS,0.756,68,68,29.4,1999.2,18.9,0.555,1,7.5,4.4,31.7,0.9,0.3,12.9,3.9,1.9,5.9,0.141,1.3,-1.8,-0.5,0.8,0.1,2.2,1.3,16.7,1,0.373,3.6
368,Patrick Mills,PG,25,SAS,0.756,81,2,18.9,1530.9,18.7,0.588,2.6,9.6,6.2,15.3,2.3,0.4,8.2,3.4,2.1,5.6,0.175,3.9,-0.6,3.3,2,0.1,0.8,1.4,10.2,3.9,0.425,1
369,Kawhi Leonard,SF,22,SAS,0.756,66,65,29.1,1920.6,19.4,0.602,4.6,18.9,12.1,10.4,3,1.9,10.3,3.8,3.9,7.7,0.193,2.3,3.4,5.8,3.8,0.8,1.2,1.9,12.8,2.8,0.379,1.9
370,Cory Joseph,SG,22,SAS,0.756,68,19,13.8,938.4,14.7,0.558,4,8.7,6.4,17.2,1.9,1.1,12.3,1.6,1.3,2.9,0.148,0,0.6,0.6,0.6,0.2,0.6,1.2,5,0.6,0.316,1.4
371,Damion James,G-F,26,SAS,0.756,5,1,10,50,4.1,0.304,2.4,23.8,13.5,7.5,0,1.4,9.2,-0.1,0.1,0,0.01,-6.7,1.2,-5.5,0,0.2,0.2,0.6,1.2,0.4,0,0.4
372,Danny Green,SG,26,SAS,0.756,68,59,24.3,1652.4,13.9,0.58,1.8,13.4,7.8,8.9,2,2.7,12.5,1.4,2.8,4.2,0.122,1.2,2.1,3.3,2.2,0.9,1.1,1.6,9.1,4.7,0.415,0.9
373,Manu Ginobili,SG,36,SAS,0.756,68,3,22.8,1550.4,20,0.59,2.3,12,7.3,29,2.3,0.8,16.4,3.3,2.4,5.7,0.176,3.6,0.4,4,2.4,0.3,2,1.9,12.3,3.8,0.349,2.8
374,Tim Duncan,C,37,SAS,0.756,74,74,29.2,2160.8,21.3,0.535,8.6,28.3,18.8,16,1,4.6,13.2,2.8,4.6,7.4,0.164,-0.9,4,3.2,2.8,1.9,2.1,1.8,15.1,0.1,0,4.3
375,Boris Diaw,PF,31,SAS,0.756,79,24,25,1975,14.1,0.578,4.4,13.8,9.3,16.3,1.1,1.2,16.3,2.3,2.6,4.9,0.12,0.2,1.4,1.6,1.8,0.4,1.5,1.8,9.1,1.4,0.402,1.2
376,Matt Bonner,PF,33,SAS,0.756,61,0,11.3,689.3,11.2,0.582,2.7,17.9,10.6,6.1,1.1,1.2,8.6,0.8,1,1.8,0.123,-0.4,0.7,0.3,0.4,0.2,0.3,0.8,3.2,1.6,0.429,0.2
377,Marco Belinelli,SF,27,SAS,0.756,80,25,25.2,2016,15,0.605,1,11.2,6.3,13.2,1.3,0.3,11.2,3.5,2.4,5.9,0.14,1.9,-0.3,1.7,1.9,0.1,1.2,1.6,11.4,3.7,0.43,1.6
378,Aron Baynes,C,27,SAS,0.756,53,4,9.3,492.9,9.7,0.467,13.6,19.4,16.6,9.9,0.2,0.7,17.3,-0.1,0.6,0.6,0.055,-3.7,-0.3,-4,-0.2,0.1,0.7,1.5,3,0,,0.4
379,Jeff Ayres,PF,26,SAS,0.756,73,10,13,949,11.1,0.605,11,19.2,15.3,8.6,0.7,1.9,24.1,1,1.4,2.4,0.121,-1.6,2.1,0.5,0.6,0.3,0.9,2,3.3,0,,0.8
380,Jonas Valanciunas,C,21,TOR,0.585,81,81,28.2,2284.2,16.1,0.579,11.5,25.1,18.2,4.2,0.5,2.5,14.7,3.5,3.2,6.7,0.141,-1.6,0.2,-1.4,0.3,0.9,1.7,3.1,11.3,0,0,3.2
381,Julyan Stone,SG,25,TOR,0.585,21,0,5.7,119.7,6.6,0.491,1.9,17.6,9.7,14.5,1.3,0,21.4,0,0.1,0.2,0.061,-3.5,0.5,-3,0,0,0.2,0.6,0.9,0.4,0.25,0.1
382,Terrence Ross,SG,22,TOR,0.585,81,62,26.7,2162.7,12,0.553,2.3,11.3,6.8,6.1,1.5,1,10,2,2.2,4.2,0.094,0.6,-0.7,-0.1,1,0.3,1.1,2.3,10.9,5,0.395,1.2
383,Steve Novak,PF,30,TOR,0.585,54,1,10,540,11.1,0.599,1.7,10.8,6.3,3.8,1.2,0.6,3.3,1,0.5,1.4,0.127,1.1,-1.7,-0.5,0.2,0.1,0.1,0.8,3.3,2.3,0.426,0.1
384,Kyle Lowry,PG,27,TOR,0.585,79,79,36.2,2859.8,20.1,0.567,3.6,11.5,7.5,34.7,2.2,0.4,13.4,8.4,3.3,11.7,0.197,5.8,0.1,5.9,5.7,0.2,2.5,3.4,17.9,6.3,0.38,4.9
385,Amir Johnson,PF,26,TOR,0.585,77,72,28.8,2217.6,15.4,0.592,9,17.6,13.3,8.7,1.3,3.2,15.4,3.2,3.1,6.3,0.136,0.2,2.4,2.6,2.6,1.1,1.6,3.5,10.4,0.9,0.303,1.9
386,Tyler Hansbrough,PF,28,TOR,0.585,64,4,15.3,979.2,14.2,0.562,14.2,20,17.1,2.7,1.5,1.6,14.5,1.7,1.4,3,0.149,-1.7,-0.2,-1.8,0,0.3,0.7,2.1,4.9,0,0,2.9
387,Landry Fields,SF,25,TOR,0.585,30,2,10.7,321,8.6,0.443,5.4,16,10.7,9.3,1.6,0.7,12.5,0,0.4,0.4,0.057,-3.9,0.9,-2.9,-0.1,0.1,0.4,0.8,2.3,0.2,0,0.7
388,DeMar DeRozan,SG,24,TOR,0.585,79,79,38.2,3017.8,18.4,0.532,2,11.3,6.6,18.9,1.5,0.7,9.5,5.8,3,8.8,0.141,1.4,-0.7,0.7,2,0.4,2.2,2.5,22.7,2.7,0.305,8
389,Dwight Buycks,PG,24,TOR,0.585,14,0,10.4,145.6,7.2,0.414,3.2,15.2,9.2,10.6,2.9,0,16.1,-0.2,0.2,0,-0.009,-4.8,0.2,-4.5,-0.1,0,0.7,0.8,3.1,1.2,0.294,0.6
453,Marvin Williams,PF,27,UTA,0.305,66,50,25.4,1676.4,14,0.54,5.5,17.9,11.5,7.7,1.7,1.5,8.7,1.9,1,2.9,0.084,0.5,-0.3,0.2,0.9,0.5,0.8,2.3,9.1,3.5,0.359,1.1
454,Jamaal Tinsley,PG,35,UTA,0.305,8,5,13.8,110.4,1.9,0.225,2,9.7,5.8,29.5,1,0,31,-0.3,0,-0.3,-0.122,-6.6,-3.1,-9.7,-0.2,0,1.1,1.3,1.1,1.9,0.067,0
455,Brandon Rush,SG,28,UTA,0.305,38,0,11,418,4.1,0.428,1.3,11.1,6.1,8.5,0.6,1.7,17.8,-0.5,0,-0.4,-0.05,-5,-1.3,-6.3,-0.4,0.2,0.5,0.8,2.1,1.2,0.34,0.1
456,John Lucas,PG,31,UTA,0.305,42,6,14.1,592.2,5.2,0.403,2.3,5.4,3.8,11.1,1.2,0,10,-0.7,0,-0.7,-0.058,-3.7,-3.3,-7,-0.7,0,0.5,1,3.8,2,0.298,0.4
457,Enes Kanter,C,21,UTA,0.305,80,37,26.7,2136,15.6,0.523,11.6,20.9,16.1,6.4,0.7,1.5,13.3,1.3,0.9,2.2,0.05,-2.1,-1.8,-3.9,-1,0.5,1.8,2.9,12.3,0,0,2.6
458,Richard Jefferson,SF,33,UTA,0.305,82,78,27,2214,11.8,0.573,0.9,10.8,5.7,9.6,1.3,0.5,11.5,2.3,0.4,2.7,0.058,0.3,-1.7,-1.4,0.3,0.2,1.1,2,10.1,3.7,0.409,2
459,Gordon Hayward,SF,23,UTA,0.305,77,77,36.4,2802.8,16.2,0.52,2.5,14,8,24.1,2.1,1.1,15,2.2,1.5,3.6,0.062,1,0,1,2.1,0.5,2.8,2,16.2,3.6,0.304,4.9
460,Mike Harris,PF,30,UTA,0.305,20,0,11.3,226,15.3,0.576,7.4,9.5,8.4,3.6,3.7,2.4,13.1,0.3,0.2,0.5,0.116,-1.4,0.6,-0.7,0.1,0.4,0.6,1.8,4.2,0.1,0,1.4
461,Rudy Gobert,C,21,UTA,0.305,45,0,9.6,432,12.9,0.507,13.1,28.5,20.6,2.4,1,7.4,23.8,-0.2,0.6,0.4,0.045,-6.1,1.8,-4.3,-0.3,0.9,0.7,1.3,2.3,0,,1.4
462,Diante Garrett,PG,25,UTA,0.305,71,0,14.8,1050.8,7.1,0.459,1.2,9.8,5.3,17.6,2.1,0.4,21.7,-1.1,0.3,-0.8,-0.036,-4,-1.2,-5.2,-0.8,0.1,1.1,1.1,3.5,1.4,0.375,0.2
463,Derrick Favors,PF,22,UTA,0.305,73,73,30.2,2204.6,19,0.556,10.1,23.7,16.7,7.3,1.8,3.8,12.9,2.9,2.3,5.1,0.112,-0.8,1.4,0.7,1.5,1.5,1.8,3.2,13.3,0,0,3.9
464,Jeremy Evans,SF,26,UTA,0.305,66,4,18.3,1207.8,16.2,0.549,11.1,18.7,14.8,6.1,1.8,3,9.9,1.9,1,2.8,0.112,-0.9,0.8,-0.1,0.6,0.7,0.6,2.1,6.1,0,0,1.1
465,Ian Clark,SG,22,UTA,0.305,23,0,7.5,172.5,9.2,0.485,1.9,11.1,6.4,14.7,2.4,0.9,16.7,-0.2,0.1,-0.1,-0.025,-2.6,-2.1,-4.7,-0.1,0.1,0.6,1,3,1.3,0.355,0.3
466,Alec Burks,SG,22,UTA,0.305,78,12,28.1,2191.8,15.8,0.547,3,10.7,6.8,16.9,1.7,0.5,13,2.6,0.6,3.2,0.07,0.5,-1.7,-1.2,0.5,0.2,1.9,2.4,14,1.8,0.35,4.8
467,Trey Burke,PG,21,UTA,0.305,70,68,32.3,2261,12.6,0.473,1.8,9,5.3,29.4,1,0.2,12.2,1,0,0.9,0.02,0.5,-3,-2.5,-0.3,0.1,1.9,2.1,12.8,4.8,0.33,1.6
468,Andris Biedrins,C,27,UTA,0.305,6,0,7.5,45,2.4,0.412,5,39.7,21.8,0,0,0,35.5,-0.1,0,0,-0.033,-10.7,-4.3,-15,-0.1,0,0.3,1,0.5,0,,1
469,Martell Webster,SF,27,WAS,0.537,78,13,27.7,2160.6,11.5,0.591,2,10.1,6,6.7,1,0.6,8.3,3.3,1.7,5,0.112,1,-1.1,-0.1,1,0.2,0.7,1.9,9.7,4.8,0.392,1.6
470,John Wall,PG,23,WAS,0.537,82,82,36.3,2976.6,19.5,0.524,1.5,11.7,6.5,40.5,2.6,1.1,16.3,4,4,7.9,0.128,2.4,0.2,2.6,3.4,0.5,3.6,2.7,19.3,3.8,0.351,4.8
471,Garrett Temple,SG,27,WAS,0.537,75,0,8.5,637.5,7.8,0.431,3.8,8.7,6.2,15.8,2.8,1.4,20.8,-0.5,0.9,0.3,0.025,-4.6,1,-3.7,-0.3,0.1,0.6,1,1.8,0.4,0.207,0.6
472,Chris Singleton,SF,24,WAS,0.537,25,0,10,250,8.8,0.481,8.2,17.5,12.8,3.5,1.9,1,17.9,-0.2,0.3,0.2,0.033,-4.8,-0.9,-5.6,-0.2,0.1,0.7,1,3,0.8,0.368,1
473,Kevin Seraphin,C,24,WAS,0.537,53,1,10.9,577.7,12.5,0.533,10.5,15.3,12.8,4.9,0.3,3.7,14.9,0.2,0.6,0.8,0.066,-4.1,-1.2,-5.2,-0.5,0.5,0.8,1.9,4.7,0,,0.6
474,Glen Rice,SG,23,WAS,0.537,11,1,9.9,108.9,6.6,0.399,4.2,17.3,10.6,9.3,2.8,0.8,18.3,-0.3,0.2,-0.1,-0.043,-5.9,0,-5.8,-0.1,0.1,0.8,0.6,2.9,1.5,0.294,0.6
475,Otto Porter,SF,20,WAS,0.537,37,0,8.6,318.2,6,0.405,7.5,13.3,10.4,4.6,1.3,0.3,12.7,-0.4,0.3,0,-0.006,-5.4,-1.4,-6.8,-0.4,0,0.4,0.7,2.1,0.6,0.19,0.3
476,Nene Hilario,PF,31,WAS,0.537,53,37,29.4,1558.2,16.6,0.53,4.7,17.3,10.9,16.3,2.1,2.5,14.1,0.8,2.4,3.2,0.098,-1.6,1.8,0.2,0.9,0.9,2.2,3.1,14.2,0.1,0.2,5
477,Al Harrington,PF,33,WAS,0.537,34,0,15,510,9.7,0.506,3.3,15,9.1,8.7,1.4,0,13.3,-0.2,0.5,0.4,0.035,-2.2,-2.4,-4.6,-0.3,0,1,2.1,6.6,2.9,0.34,1
478,Marcin Gortat,C,29,WAS,0.537,81,80,32.8,2656.8,17.6,0.568,8.7,25.1,16.7,8.4,0.8,3.8,11.8,4.1,4,8.1,0.146,-1.1,2.1,1,2,1.5,1.6,2.5,13.2,0,1,2.8
479,Drew Gooden,C,32,WAS,0.537,22,0,18,396,18.4,0.591,10.7,23,16.7,6.3,1.3,1.5,9.9,0.9,0.6,1.4,0.173,-0.2,-0.8,-0.9,0.1,0.3,0.8,2.4,8.3,0.8,0.412,1.2
480,Trevor Booker,PF,26,WAS,0.537,72,45,21.6,1555.2,15,0.563,10.9,17.5,14.1,6.3,1.4,2.4,11.7,2.3,2,4.3,0.132,-1.1,1.3,0.2,0.8,0.6,0.8,1.8,6.8,0,0,1.1
481,Bradley Beal,SG,20,WAS,0.537,73,73,34.7,2533.1,14.3,0.507,2.4,10.2,6.3,16,1.4,0.6,9.4,1.6,2.4,4,0.076,0.2,-1.3,-1.1,0.5,0.2,1.8,2.1,17.1,4.7,0.402,2.6
482,Trevor Ariza,SF,28,WAS,0.537,77,77,35.4,2725.8,15.8,0.59,4.1,16.3,10.1,10.8,2.4,0.6,12.3,4.3,3.7,8,0.141,2.3,1.1,3.4,3.6,0.3,1.7,2.3,14.4,5.7,0.407,2.5
